RegionID,SizeRank,RegionName,RegionType,StateName,2015-01-31,2015-02-28,2015-03-31,2015-04-30,2015-05-31,2015-06-30,2015-07-31,2015-08-31,2015-09-30,2015-10-31,2015-11-30,2015-12-31,2016-01-31,2016-02-29,2016-03-31,2016-04-30,2016-05-31,2016-06-30,2016-07-31,2016-08-31,2016-09-30,2016-10-31,2016-11-30,2016-12-31,2017-01-31,2017-02-28,2017-03-31,2017-04-30,2017-05-31,2017-06-30,2017-07-31,2017-08-31,2017-09-30,2017-10-31,2017-11-30,2017-12-31,2018-01-31,2018-02-28,2018-03-31,2018-04-30,2018-05-31,2018-06-30,2018-07-31,2018-08-31,2018-09-30,2018-10-31,2018-11-30,2018-12-31,2019-01-31,2019-02-28,2019-03-31,2019-04-30,2019-05-31,2019-06-30,2019-07-31,2019-08-31,2019-09-30,2019-10-31,2019-11-30,2019-12-31,2020-01-31,2020-02-29,2020-03-31,2020-04-30,2020-05-31,2020-06-30,2020-07-31,2020-08-31,2020-09-30,2020-10-31,2020-11-30,2020-12-31,2021-01-31,2021-02-28,2021-03-31,2021-04-30,2021-05-31,2021-06-30,2021-07-31,2021-08-31,2021-09-30,2021-10-31,2021-11-30,2021-12-31,2022-01-31,2022-02-28,2022-03-31,2022-04-30,2022-05-31,2022-06-30,2022-07-31,2022-08-31,2022-09-30,2022-10-31,2022-11-30,2022-12-31,2023-01-31,2023-02-28,2023-03-31,2023-04-30,2023-05-31,2023-06-30,2023-07-31,2023-08-31,2023-09-30,2023-10-31,2023-11-30,2023-12-31,2024-01-31,2024-02-29,2024-03-31,2024-04-30,2024-05-31,2024-06-30,2024-07-31,2024-08-31,2024-09-30,2024-10-31,2024-11-30,2024-12-31,2025-01-31,2025-02-28,2025-03-31,2025-04-30,2025-05-31,2025-06-30,2025-07-31,2025-08-31,2025-09-30,2025-10-31,2025-11-30,2025-12-31,2026-01-31,2026-02-28
102001,0,United States,country,,0.24803152382175364,0.24838999079872284,0.2489650705542356,0.24930949592286977,0.2495348742376142,0.24965865075653315,0.24988577700218817,0.25020069651360793,0.2505364303499941,0.2508367489956472,0.2510939662915114,0.25136611652238583,0.2514698185083343,0.2514970902932135,0.25138169465061483,0.25157950391070016,0.2517906340262317,0.25204650939607626,0.2520635736951209,0.252082501911008,0.25189449594311114,0.25172823097728886,0.25142502709246006,0.25085229017502614,0.25050796423002625,0.25036480315958787,0.25033879049240026,0.2498912716007436,0.249496453469023,0.24937758578076036,0.24937357011093697,0.2493312832897268,0.25002303432860884,0.2506387934373905,0.2513778562428164,0.2519911699577484,0.2526698554068239,0.2533852280814913,0.2540118263867303,0.2546868472466157,0.2551198648758426,0.25509316852276426,0.2550096627605211,0.2548833693669426,0.2539816880237119,0.25318534752501426,0.2524732223335098,0.2517157229666046,0.2506615761636815,0.24958536735975625,0.24868501518587563,0.24783357812760298,0.24723616822303798,0.2473186914279092,0.24751442060391332,0.24783159847794653,0.2490257406360644,0.2502818371419024,0.25146194123691357,0.25279962135297945,0.25430017544875805,0.2554757586721697,0.25408045627174325,0.2512104211084799,0.24826626044435499,0.2467802821073407,0.2462624422387167,0.24583703053231964,0.2464747646388562,0.24771498787207316,0.2490109600616694,0.24870720568302324,0.24850781172629027,0.24883542783837315,0.25129617842616575,0.254652544474961,0.2583750499287889,0.2600585683878484,0.2613790568393326,0.26336652556855017,0.2676473407196825,0.27169387431490133,0.274841659212023,0.2752498323672097,0.2747854066394368,0.27442979249424826,0.2736554072513219,0.2733843675090855,0.2729788806944788,0.2733459954857737,0.2732585555743577,0.27289828908184743,0.2732913743370618,0.2736925906802889,0.2740909740859619,0.2742329732635586,0.2742944366560566,0.2744042302346461,0.27505592931610806,0.2753531885443855,0.2756109322640373,0.2749537607545514,0.27463843683682826,0.27427146491527826,0.27369362061630864,0.2731655240086018,0.2725997925053061,0.2720909716825456,0.27158204650586854,0.2710749347099702,0.2703945296577939,0.2697394152239624,0.2691635547591887,0.26880621213689315,0.2683998080156908,0.2679152635113791,0.2676117257405456,0.2672977922564287,0.26718149362806437,0.2669458315119804,0.2670671088910062,0.2670312320582541,0.26665973749249916,0.26614893353481733,0.2656011087732977,0.26541768104413993,0.2652025169723416,0.26505360830387575,0.26489764576626407,0.2647141433023409,0.2643426528555736,0.2639444966471928,0.26342769164578644,0.26297674747892474
394913,1,"New York, NY",msa,NY,0.3624944619413862,0.36438240994359106,0.36595598706073224,0.3668320654941759,0.3667905310295358,0.366635732900061,0.3666214403632291,0.367096561656958,0.367325847652662,0.3674673944657502,0.36697694933265923,0.3665905965650066,0.36594741816351856,0.36539613713105545,0.3646541921255791,0.36405332138934554,0.36369052895226284,0.3634239391766476,0.36344720356455956,0.36302784918927267,0.36334106598882654,0.3637268775186006,0.36477705114662884,0.36407855521929655,0.3631876799502507,0.36184524390192674,0.36097755873260484,0.3598912481011356,0.3591645881718349,0.3580381524099004,0.35697102371223877,0.3555392071552726,0.35411158974785684,0.3521127929649669,0.35035066479307003,0.3495124818948652,0.3492168741601347,0.3489206446034548,0.34842125182182865,0.3482384589329657,0.3478021645449037,0.3476469341443077,0.34757237330419444,0.34790585876425445,0.34790040214294593,0.34761813171685624,0.3475555498759937,0.3470047320827879,0.3464739592386848,0.34597671921264184,0.3455403060964343,0.34488940063065887,0.344420263898234,0.34467012306285183,0.3449502826947708,0.34527965826340823,0.34644000672686337,0.34820601405304613,0.34969476940206096,0.35172909444730266,0.35362531038960365,0.35525005981836855,0.3517090217808543,0.3467285248731471,0.34042140595474757,0.33426591406909173,0.32836105575764774,0.3215035456661234,0.316723326232921,0.31403038354406787,0.31259132633293296,0.3100453979504352,0.30766594203669734,0.30644643043092284,0.3084721729952086,0.31188141342867265,0.3163610905026143,0.31912378059828206,0.32252458949162127,0.3276254745717218,0.33604443315345506,0.3441685975382408,0.35118574067938324,0.35439809925059024,0.35631959975118355,0.3577649742852294,0.35924179676672147,0.3607556824716106,0.3625839309097776,0.3649707738987769,0.3670127932947285,0.3682946912399769,0.36894873966900066,0.3689562668366266,0.3683270621063689,0.36757410053886586,0.3671997606759668,0.36717738425262464,0.36734351628967205,0.3678708349621596,0.3681841517260518,0.36774066489396207,0.3669439328928813,0.3662263331600451,0.36621353898511705,0.36594909191334973,0.3657136779985673,0.3656609597387206,0.36606930360331763,0.36650126972378627,0.3668613784903222,0.36689320619040783,0.36688589453254833,0.36642643526251567,0.3654179620657799,0.3644522906238278,0.36415294861181796,0.3645570627653509,0.36583079404728874,0.36688644641051876,0.3680744969991892,0.36844802331245197,0.3683760983338129,0.36809238788658916,0.367809799137616,0.3683688852694323,0.3695463367682354,0.370717476855231,0.3714677801539436,0.3719325556009563,0.3717973598124831,0.3717455259805484,0.37129068448672486,0.3713448945582892
753899,2,"Los Angeles, CA",msa,CA,0.3399120852486822,0.34057032190751774,0.341892808546928,0.34304113142211135,0.34370350168582503,0.343777409248186,0.34403016607796905,0.34455959957714166,0.3452888801522319,0.34562431004313243,0.34623481998714045,0.346873156041991,0.34731755486582083,0.3472220837841734,0.34697739477890793,0.34687560748696744,0.3471936733247404,0.3475724965017972,0.34793128740513296,0.34785889384855306,0.3481034094566448,0.34829849487239056,0.34850362047702155,0.34835953922564356,0.3489752172395347,0.3498416341585638,0.35128378041266645,0.3516624550342119,0.3518105581153784,0.3514532461034789,0.3512848136691736,0.3508469281968062,0.35042128410784623,0.34968707536645577,0.34935150765117573,0.3492075869991205,0.34932957219890526,0.34961976771183123,0.3488076766225227,0.34806689230560683,0.3470780029964556,0.34710787672212445,0.3469934266842556,0.3470988765038269,0.3467340727209342,0.3466966695419473,0.3465448318095201,0.34621357005052156,0.3451354547380121,0.344099936814097,0.3435458808433706,0.34325455826861323,0.34329014196903607,0.3435257683955757,0.34386522810196735,0.34423432304108237,0.3453387903367852,0.34639873342850025,0.34730390764066565,0.3481850092998955,0.34929309411910003,0.34995067890786397,0.3465090514105499,0.34208407790066137,0.3377603162764786,0.33379043306843736,0.3304269387884744,0.32716653155739417,0.3269657252541389,0.32798268516088785,0.32902422629529393,0.327046250399197,0.32538301333247244,0.3244737578538404,0.32772258707560653,0.3315889960320474,0.3357453818585991,0.33754329157971186,0.3396014352105506,0.3430962218090553,0.34848576357633504,0.3533481510270578,0.35686387377403117,0.35853117655209354,0.3591961986447795,0.3603835950175626,0.36162162480448107,0.3639321689630052,0.3653767776321583,0.3662322168597251,0.36588129315480683,0.36508760380096067,0.3643967492924956,0.3635777066253918,0.3631916337564165,0.3621210502798179,0.36070561399368317,0.35932684539819343,0.3583521225632123,0.3574697426164396,0.35643805255805244,0.3554435809517566,0.3550005468663174,0.3544562481197791,0.3538956948451444,0.35348811395099106,0.35270366474116593,0.35210087725454753,0.35104550891702657,0.3502531317115629,0.3490243917836507,0.3484886438937672,0.34797140633451656,0.3475422997210305,0.3471161513969532,0.3464372155138896,0.3461987169600126,0.3457521939946775,0.34550221057059993,0.3450788987180923,0.34623836228890964,0.3470990407184204,0.3469595801652365,0.34580957999350953,0.3448660874874694,0.34443102958986344,0.3439569820632615,0.34368896701546386,0.3433495270229095,0.3430839127347625,0.34264197692519166,0.3420501338408348,0.3405960624885466,0.33911676068972574
394463,3,"Chicago, IL",msa,IL,0.254350836499797,0.25405700116108,0.2542912053492609,0.2545219308065635,0.25475250323470355,0.25455999882460073,0.25423145834088456,0.25405595115372526,0.2536217000186731,0.25339284936574413,0.25316560662774124,0.253406714413271,0.2534459094957626,0.2532803758852681,0.25319016301782143,0.25291883425251405,0.25283849648393847,0.2529644458414274,0.25352354151085665,0.25421950251174574,0.2541123040362327,0.2539877687263127,0.2532638791915676,0.2524695011326834,0.2519872763842324,0.2522470938694814,0.25260588306632376,0.25251112596346653,0.2522161887269095,0.25176002455516766,0.2513167519967713,0.25058841628770606,0.2507973239816245,0.2506243042661384,0.2508066938614293,0.2504619866793544,0.2501587477978458,0.24987714303852418,0.24916304527874344,0.24861190600340685,0.24805603088466963,0.24779778798336552,0.24739989812908694,0.24669948938969646,0.24564328939025645,0.2448011846347935,0.2444470172897838,0.24480344697093978,0.24467867636607196,0.2443355709639245,0.24409984079485772,0.24391676259096562,0.24386551879839763,0.24396075580487203,0.24414983556345146,0.2446995469117161,0.24554789897921392,0.24646562899666272,0.2469917434605266,0.24732714082207874,0.24796975239684124,0.24836836571003754,0.24670050140843974,0.24277346568567298,0.2389801243806263,0.23667908852022648,0.23539518843233131,0.23436532687471326,0.23401941840212642,0.2336530979579707,0.23333111248495844,0.2319707192063568,0.23035300000400377,0.22964571663632513,0.23101061928129035,0.23400986815998281,0.23686347767197768,0.2379592359472205,0.23828920955686314,0.23896445604928598,0.24215453705358736,0.24544704851005805,0.24848015875653232,0.24916490348780396,0.24939091367065086,0.24930554848293268,0.24940419594406005,0.24976240023273766,0.25023343596449316,0.2505191227672953,0.2508705305218107,0.25107986777960956,0.25183831961071884,0.2526661984946562,0.25324172355825786,0.2534012468050504,0.2534401189038539,0.2537580151235757,0.25412996137392047,0.25414809857202364,0.25449517160500035,0.25484193858027654,0.2552571975363183,0.2557129542805626,0.2557078827516097,0.25575448726428895,0.2557769695091583,0.25632235941143316,0.2567406794448571,0.2570665023848125,0.2571164449962097,0.25729648954514767,0.2572835837262568,0.2577106454965255,0.25814441703636026,0.25870519568382483,0.25943996116412527,0.26047086301086053,0.2615467345928948,0.2624925643767828,0.2628918789645054,0.2634153354875115,0.2639510360864413,0.26431526425280305,0.26470582793439207,0.26530110947875807,0.26592756025711783,0.26642033877258464,0.26692270544236146,0.26714566932511435,0.26737242606550193,0.2675095576969338,0.26803128844009483,0.2684313480665911
394514,4,"Dallas, TX",msa,TX,0.20264924956337535,0.20283847232939006,0.2036051212954445,0.20492386882528105,0.20581727504810088,0.20635117344207404,0.20672853851478468,0.20699726648963504,0.20692658703288386,0.20663962012089926,0.20659980124259222,0.20665341828229516,0.20644541121637097,0.20642707644732416,0.20624568134786825,0.20636123589123148,0.20616930279610932,0.20650108354293892,0.20677609017720072,0.20733538137779753,0.20799213711291842,0.20889933474379868,0.20926591160160127,0.20909974511243717,0.20914226320126172,0.20902985800204343,0.2093907749410526,0.2090537562519773,0.2094569200459604,0.20914027007955271,0.20903892956115558,0.20877647893162113,0.20895560125722415,0.20879365036468336,0.20916778450549067,0.20902558744220426,0.20910704532333116,0.20908704087810956,0.20881119277090882,0.20879291893803303,0.20835272364516716,0.20852240877292696,0.20848189662275862,0.20835578529295173,0.20809818651627693,0.2084229705700529,0.2085576756271751,0.20874650163594494,0.20822908677421847,0.20777563513094102,0.20800633225583703,0.20830384740477645,0.20863370880548218,0.2087911397788341,0.2090082767878945,0.20929416012270577,0.20963036052968162,0.20964384440738743,0.2096244803239769,0.2098802609782431,0.21049099408932437,0.2109680306419165,0.21030397273019683,0.208229211869924,0.20604561646759556,0.20487404882759042,0.20456874190360444,0.20471594352169803,0.2059186588675311,0.2075700084019679,0.20884538027555538,0.20814464081277978,0.20723678095942014,0.20691016269306603,0.20807305360697015,0.21030552574801198,0.21286310812873802,0.21468863817909864,0.21638548008055572,0.21885248593482162,0.22388995657555874,0.2288634816038724,0.23310729293980287,0.23434708071050075,0.2346891251836561,0.23485219770801383,0.23493108867461637,0.23562612803723057,0.23624282061020518,0.23711893651720528,0.23698981837273342,0.23596765099249067,0.23473368280629778,0.23320681836122525,0.2320836989124199,0.23055769046963043,0.2292107742681721,0.22802068591004296,0.22801785277606523,0.2271104596043963,0.22635636056392974,0.22432511076443654,0.22315269995870324,0.22180828512206405,0.22095188905129035,0.22015741332888838,0.21936728396965874,0.21801510528047865,0.21658469317629417,0.21494026374592326,0.2134283694202234,0.2120582044587009,0.21101053951567333,0.21026813636608893,0.20951373697250808,0.20882971433485117,0.2081085017227149,0.20758035775097206,0.20680565188664837,0.20614325454646726,0.2056909575396932,0.20555345876675019,0.20494510155495937,0.20442955830318388,0.20360460789808374,0.20311757358408045,0.2024398224948649,0.20191618910745868,0.20152635317770629,0.20104997785993212,0.20063037507694215,0.20017273617533893,0.1996544970009944,0.19901514090830064
394692,5,"Houston, TX",msa,TX,0.235438416327817,0.23567387251294486,0.23689122209083358,0.23785087175495911,0.2385040306368307,0.2387304975213183,0.23885965996683986,0.2392238763134852,0.23855224785973653,0.23785298014675993,0.237168616382741,0.23656047775614178,0.23614026514460196,0.23538072425367132,0.2350322806285178,0.234113223449037,0.23310493871648993,0.2327403361015755,0.23284040140326506,0.23313479748183905,0.23314634373748583,0.23340212523327752,0.2331484067144958,0.23278317437591162,0.23251273334463063,0.23304412233110233,0.23354749740852476,0.2332614646042712,0.23344107337043232,0.23268506583943313,0.23232763197902026,0.231480475300301,0.2327198965183242,0.23384399169294737,0.23528547339347322,0.2356792291013717,0.23552629051453894,0.23558949455007913,0.2346693535975152,0.2345926930341878,0.23363931801387403,0.23359411067607133,0.23319925919665446,0.23314184098454074,0.2328097693689883,0.23276557967741152,0.23284338297538285,0.23232260236479338,0.23192324205560835,0.23091996347974417,0.23142606554766917,0.23182416780772205,0.2326833666345331,0.23318002005954283,0.23366649416655585,0.23407996584873333,0.23387375326571605,0.2334979481051154,0.23304877431322932,0.2337997949711407,0.23475635465951525,0.23575125397781496,0.23492677516007243,0.23213571767869423,0.22893562882356722,0.22723787144836408,0.22715945400371243,0.22771559892817375,0.22920387805795664,0.23116267647194189,0.23279598228132595,0.23158877139718,0.23025247467217244,0.22881073301960117,0.23000619536250022,0.23217742919708106,0.23523110799434271,0.23702504434846325,0.23816876513815388,0.23981962302560178,0.24385513856330893,0.24775913156993937,0.25086595797728645,0.2509698081590025,0.25040672223200666,0.25030594950340335,0.2498884621406285,0.2500001914053123,0.24937327691845854,0.24902747264558925,0.24820897006607145,0.2472575444363794,0.24671269052724804,0.24618883133908961,0.24558053093541513,0.24478369317195464,0.24404559066307124,0.24372137840542354,0.2442712257595572,0.24409597406226025,0.24406540395256493,0.2434119151546078,0.24272772906092244,0.24177114423662663,0.2409458700741703,0.2405671056915552,0.24034602777673722,0.23995791019223478,0.23947458902866905,0.23890441490724024,0.23790640315572942,0.23751876939342315,0.2373036569005055,0.23766814516635276,0.23729049943062477,0.23708883885074936,0.2368547429554004,0.23686352220532536,0.2365963740885519,0.23615117752612763,0.23569711084431436,0.2355147729693906,0.23497852667041602,0.23411457813128705,0.23313121305049483,0.2320367097306824,0.2315641087448884,0.23106707603555346,0.23072702704137268,0.229993917545222,0.22930013962167287,0.2285364661545885,0.22771355918710787,0.22662072308543366
395209,6,"Washington, DC",msa,VA,0.222495119336021,0.2228590159796824,0.22322239417554038,0.22328643789162017,0.22332418790793573,0.22301244227744418,0.22269923681175183,0.22220861596793412,0.22236240142075425,0.2224878095223627,0.2228362804456518,0.22282839959003525,0.2228016782522704,0.2225277178875354,0.22231937314838124,0.2220802408443917,0.22197795812876348,0.22168665265840284,0.22153968318737924,0.22154933522085254,0.22105550316432326,0.22064815403563626,0.22005382166007892,0.2198671816496666,0.21971560958947375,0.22001297616424814,0.21992524613206646,0.21971001631852338,0.21908241168828402,0.21890206745165233,0.21856630388586032,0.2182249808888776,0.21803383293227593,0.21780297678102672,0.21746460211444038,0.21715529445612777,0.21694201808616104,0.21674070914454874,0.21675091044212466,0.2167202122157868,0.2168043838306046,0.21675101146109865,0.21668460085585686,0.2168398611228059,0.2162363118781355,0.21617680739727618,0.2162663103661444,0.21650685281577678,0.2160746750069492,0.21572123261908685,0.21536394114786003,0.21505128872875146,0.21487141246199612,0.2148790963250446,0.21498572621486364,0.21490242234141194,0.21550971336630595,0.2157303604213597,0.21597102522666237,0.2163438567246444,0.21721613749406218,0.2176894874633519,0.21684519967656765,0.21407748853773012,0.2111594843611851,0.2088459354350293,0.20733894208450204,0.20619741709700964,0.20574596728888628,0.2055779937379025,0.20521159385578291,0.2039764642490909,0.2031760542603401,0.20279159655286785,0.2036596589244135,0.20530293103532496,0.20763154046408774,0.20928348377294792,0.2104576776806649,0.21192985872951708,0.21490303195795735,0.21823381610603507,0.22079201327612288,0.22105503840042606,0.22020007049522286,0.21958538436974875,0.21901971623392083,0.21908337085478977,0.21886600214347895,0.2187461922826864,0.21839181564061164,0.21769272296634645,0.21751224771604133,0.21677160185994046,0.21635187034677386,0.21574562470802747,0.21556341278464283,0.21551894330950952,0.2160149428366511,0.215820022326854,0.21565410690021167,0.21487924691402988,0.21472653451986556,0.21466472641976064,0.21477920903844275,0.215110236096984,0.21530869422647653,0.21537204724171172,0.21522917842875255,0.21521166484946688,0.21509499478591862,0.21531551371320043,0.21563269529949827,0.21626799053972048,0.21671625330299776,0.216933087173862,0.2171100716286607,0.21722123101245025,0.2174131790894668,0.21755377567772724,0.2177816864997956,0.21778835632164034,0.21738982553933248,0.21676986559839295,0.2160708678510788,0.21557577194364788,0.21496002634900654,0.21447662533153916,0.21400127424552848,0.21352159798033105,0.21289450936962206,0.2122719615928031,0.21147885344391582,0.21067258742232708
394974,7,"Philadelphia, PA",msa,PA,0.22364108968359353,0.2237908094954023,0.22464686635396247,0.22468804850069,0.22479718684174071,0.22434616975282237,0.22439888747346873,0.22425576428444996,0.22419916225044864,0.22398421857608874,0.22336132945846232,0.22301282855154606,0.22245801358545755,0.2226945839396725,0.22243440272037604,0.22261502941770112,0.22256569368655565,0.22307321158121596,0.2229920350871452,0.22292808355302993,0.22262332599658874,0.22258377003713578,0.22297561265612992,0.22326886469157636,0.22355013311921965,0.22352533083845305,0.22373969166366675,0.2238631627100873,0.22381351482919787,0.22330635424319561,0.22320012203367506,0.22324484293237848,0.22337735059208666,0.22328133944539924,0.22295983855203053,0.22302324964663306,0.2226804048869748,0.22256000998391104,0.22233048971937172,0.222169028223753,0.22226631287819276,0.22178584584898395,0.22134861216815394,0.22090911111985553,0.22079447780061265,0.22094467582603425,0.22119850102573024,0.22089010488995137,0.22074810101301007,0.22021627323417295,0.22033501626420357,0.2203800241612228,0.2203895975876279,0.22110491278746866,0.2217373862880325,0.2223446443896412,0.2230210948299547,0.22361166209674666,0.22418756995118416,0.2251224080332678,0.22615491759810627,0.22716156797809547,0.22588291676053293,0.22343859959977083,0.22067535038123665,0.21881913648118154,0.21799598533781828,0.2171224442410673,0.21766459575932076,0.2182399744760689,0.21873592820631585,0.21772960204969916,0.21678813912762948,0.21623106784221288,0.2173313756223406,0.21962275595732708,0.22240297290855773,0.2233857812950951,0.2236618739070042,0.22458613859890222,0.2275811188982043,0.23128529457978436,0.23448777881564034,0.23609043633130572,0.23633307740045337,0.23635855070201256,0.23596772786834255,0.2358567987882733,0.23552900305145502,0.23552672065779565,0.23524635902876365,0.2347144869434662,0.23452268645601523,0.2340329884338379,0.23383513543395898,0.23314143085593275,0.23308925042784742,0.23270410834903213,0.23355571307306675,0.2338595629161838,0.23434604585890673,0.23388417008624948,0.23376421388972257,0.23384041964043417,0.23406363099428845,0.23408524875695097,0.23369260464012084,0.2330999567644289,0.23273339682646568,0.23290860718429005,0.23303234101413547,0.23306935014821437,0.23288192756024387,0.23282058802472055,0.23232852339467297,0.23207962838578364,0.2319647688442807,0.23234250275723514,0.23278529614260396,0.23324821127503442,0.2336334449668274,0.23341705265443283,0.23280858218011882,0.2323312701880519,0.2319818696365443,0.2321368498018933,0.23254802150312606,0.23270328488633898,0.2327636688228599,0.23258786633138698,0.23247947859502732,0.23250045494961205,0.23241575497115652,0.2325913708594337
394856,8,"Miami, FL",msa,FL,0.354954664527465,0.3563814302966814,0.35777591282420307,0.359136554454404,0.36038517914611495,0.36112116832613544,0.36170098845195436,0.3620989093249004,0.3622183640075451,0.3618134825020482,0.3620929902128034,0.3623204349815642,0.36253061360368183,0.3621124631131951,0.3613635970595157,0.3605165554645663,0.35915868969600867,0.358465803967886,0.35789107420679395,0.35758317079734675,0.3577437235772873,0.35786527281159475,0.3581790382362248,0.35747858186991394,0.35766969911892504,0.3576679323969833,0.3582746688611162,0.35759664839103683,0.356825834205082,0.35576457644027315,0.35494847461812656,0.35447099726620496,0.353697576578123,0.35269355127735647,0.3509806320829311,0.3499877896642505,0.3492977260609721,0.34897174286366545,0.34845139899269967,0.3480308310121223,0.34749810399337583,0.34713371259082376,0.34657463953064843,0.3462641462434142,0.3457326304520162,0.34539162474071466,0.3449395829311555,0.3443470619949751,0.3430014420710668,0.34168125590464643,0.34064130275805987,0.34010156957424575,0.339862063367937,0.33977363318775944,0.3397804930204955,0.33950680051460747,0.34013369559698553,0.34087408184660806,0.3419657359183533,0.3427913093092838,0.3438625085564482,0.34458906340137846,0.3418029400004839,0.33728091250755954,0.33265521223491223,0.3308581568054948,0.32990321553042234,0.32955702470826254,0.33101378195422637,0.3342900823814081,0.33760749402800344,0.33714983401643145,0.3365827799522013,0.3379122303778853,0.34250190862045854,0.3483667733561096,0.35462564987328526,0.3598450211296303,0.36637385002417,0.3738881419039547,0.3849978845319191,0.3946529204379457,0.40381777353153514,0.40993809247330104,0.4149927865180956,0.4185152920786564,0.42126334706976365,0.42433461148687185,0.42705854775430463,0.4278986628019665,0.42682070874368205,0.42446132302381645,0.4228140456576062,0.4211632337217325,0.41978927220110807,0.4180160370651537,0.41597229522490603,0.413998535531646,0.41244204095401443,0.41072546860956816,0.40917851492165547,0.40727992963874343,0.4051604408364791,0.40345174794313915,0.40196032947163574,0.4014159097113877,0.4000417543593229,0.3978221387546577,0.3958514023155293,0.39460170631805913,0.3935559640471458,0.39215526768132936,0.39034101872273586,0.38913233875399106,0.38814658879044156,0.38728552717140236,0.3868451890463768,0.38593750220428696,0.3849579054650652,0.3841497266373269,0.38387468516797996,0.38326291694591247,0.38198132558710374,0.38063127960905535,0.37951714447851004,0.37885075986019234,0.37836560453962303,0.37769456570410875,0.37677471222285697,0.37578095470157796,0.3750381947287322,0.3744194292643143,0.37350700095125644,0.37252077285612983
394347,9,"Atlanta, GA",msa,GA,0.19751115877177688,0.1978685911995685,0.1980189434821029,0.19880989186375742,0.19914666103280718,0.1997981712281539,0.19983581044155754,0.20002173358148428,0.20012691786385833,0.20033053902073808,0.2003058701447751,0.20031850791916203,0.2002309018083197,0.20035161380319796,0.20052758500116877,0.2004140909591704,0.2005357583248389,0.20071094187004265,0.20129789786741092,0.2018154783055703,0.20253927946985137,0.20340215545323537,0.20392996526661258,0.20389856643322093,0.20379538600631536,0.20402760487536564,0.2045462972055677,0.20495694895825853,0.205410810339608,0.2057171658414897,0.20619521293638388,0.20633031764557644,0.2067131133976318,0.20622933669955132,0.20650251790323507,0.20651437724901245,0.20719393177036802,0.2075089470820722,0.20782332681615664,0.20812647674091234,0.20840731288110592,0.20874419041925713,0.20907638596859354,0.2092914509256765,0.20953890626413374,0.21088966897011024,0.21204721442261915,0.2127977059858538,0.212809300528368,0.2128659109385308,0.21325705523181684,0.21371590520167186,0.2141516457695506,0.2147327788670634,0.21517392693187962,0.21592609514708125,0.21701691740595508,0.21769476825423076,0.21818516073570915,0.21916809393939155,0.22035645132516954,0.22126253566882928,0.21999552375001014,0.21761950012519532,0.2152876000955876,0.21430963446227744,0.21451603989258036,0.2149946084441615,0.2164818176647061,0.21838308648895996,0.22037427818192146,0.22064340567653046,0.22107386225082318,0.2220320442327978,0.2245894530208475,0.22794610960779776,0.23131435315399954,0.2336148088084107,0.23533347378867633,0.23809058105638695,0.24363464479643349,0.24918353084119402,0.25322570192166627,0.25336590802520753,0.25251220454804296,0.2513261464292824,0.2505763569495264,0.24996374595499787,0.2499447886051231,0.24976612197531986,0.24948820714909986,0.2483812136137028,0.24717696338587872,0.24572729868057425,0.24465263934057804,0.24451680696130118,0.24387843279430318,0.24341703994320088,0.24319655136728496,0.24258459197772028,0.24161255629977715,0.23986595752111434,0.23857105025881886,0.23708257549325104,0.23574557208815472,0.23447842606184457,0.23351213059310091,0.23266068952230443,0.23228797321448252,0.23207124750475747,0.23109412533745916,0.23026245653281166,0.22951895046783014,0.22922295369489953,0.22842948475974456,0.22753271396934396,0.22704791740372343,0.22677386157658647,0.2266891590008008,0.2264612096769325,0.2264883228174529,0.22681177309636186,0.22636655388110125,0.22578723186442404,0.22522663670103826,0.2250942277764081,0.22519895291377826,0.22553940632420913,0.22560686284147277,0.22551282353419042,0.22506868921514495,0.2245340005301408,0.22371682717908156,0.22256238479895998
394404,10,"Boston, MA",msa,MA,0.3140229272902095,0.3135073950618686,0.3140693486389471,0.31454037914961086,0.31460658845856965,0.3142845239435783,0.3136791104931469,0.3136530684754356,0.31340943437132746,0.3141303277588176,0.31432775813127717,0.3145590225769647,0.31360653930141247,0.31394332819435095,0.31284068151176997,0.3125098317872122,0.31190351489509394,0.31239536854148736,0.31276537645236885,0.3134311449572258,0.3141332193239741,0.31452758082371446,0.3135348090437946,0.3125219742465968,0.3128633227290173,0.3135929654770093,0.3146182211625905,0.3144090175646538,0.31379080248826324,0.3127798815423421,0.31189528953610857,0.3111734544859032,0.3105102843319565,0.30967564381603796,0.3098805516834697,0.31030521001958616,0.3103152331892017,0.309439359434869,0.30903454490694127,0.30894859224579074,0.3090634550251808,0.308434725765753,0.3080258207820151,0.30742611803038145,0.30743902437444365,0.30811222177451236,0.308425869217748,0.3078586494901355,0.3064810783955828,0.3056860173307868,0.3052111430272075,0.30491492087912464,0.30471926892400164,0.3050701821636004,0.3052289574527278,0.30558270592065656,0.3068119936868402,0.30788212112413393,0.30889203981780333,0.30969305869696073,0.3109342024769518,0.31170129562534366,0.30951752117091896,0.30413579920039274,0.29831285462905177,0.2938995339049547,0.29021624743258345,0.28603143881392606,0.2816287523115233,0.27838172452727683,0.276602974106434,0.2759830276473682,0.27612627759639613,0.2772697166864169,0.2791338520840012,0.2813914288181929,0.28394434941922825,0.2856443831410156,0.2872456469972328,0.28900162790145145,0.2935972133805236,0.29861313515751464,0.30253023233562465,0.30349099934698914,0.3032019727406717,0.3021216258298628,0.30147482188729896,0.30198204608207607,0.3035458565354842,0.30546820277301634,0.3071324888747331,0.30912493718741774,0.3101997881554976,0.3102452980076701,0.3094596794255606,0.3088165951383112,0.3083264300591528,0.3087249341247859,0.3089876257562281,0.3095807591401364,0.30957138653582283,0.31034213323343945,0.3111321585467625,0.31194355136562546,0.31143045785900375,0.31052401344754194,0.3098929089698972,0.3091393136234313,0.3085477689063732,0.30798765260656125,0.3072616649402448,0.3062585478125778,0.3050699694174172,0.30424610554818693,0.3036401095571149,0.30211940035457957,0.3015297031345089,0.30104045125427037,0.30182545955952406,0.30225497112738064,0.30294849393148526,0.3027254434195921,0.30246935281351867,0.30173840682098585,0.3012712574764765,0.30095728053254467,0.30060444162537625,0.30069401472169255,0.30045958042031906,0.3003800410643574,0.2993367514569217,0.2987072536875995,0.2978552811486919,0.29741727448013006
394976,11,"Phoenix, AZ",msa,AZ,0.20063161446175004,0.2021657422543751,0.20240201998098847,0.20355026774386747,0.2030197207326797,0.20365757065814175,0.20332109259681078,0.20336810680458928,0.20358754749457142,0.20400287559804622,0.20440910774948226,0.20463574698588546,0.20487274566823774,0.20438729474106682,0.20407275707385386,0.203456505810901,0.20365245750318758,0.2037822180942878,0.2040745179791592,0.2042480358680025,0.2043899696250872,0.20454292976457275,0.2047749699453616,0.2047884750108082,0.20518475192102112,0.2054972825484962,0.20617800105707343,0.20616751938167935,0.20664578997406877,0.2063425175844249,0.20634046524382177,0.2060706514100505,0.20640514233654939,0.20669357982671155,0.20701968683268693,0.20697470967570292,0.20705046788936557,0.2069836298594459,0.20764553806662775,0.2082638708165816,0.20883673846799325,0.20912675466466532,0.20955772964344752,0.21009795320858754,0.21091566635001388,0.211679079889465,0.21247786440729274,0.21283149977909904,0.21256862766094453,0.21283752961463592,0.21278961258438508,0.21315475075176094,0.2132752895282011,0.21406554568576852,0.21465855852147328,0.21550743503280143,0.21694921965940153,0.2186651354283962,0.22033157686813956,0.22235706333809482,0.2247372286445337,0.22653179666432008,0.22418441316263876,0.22067001114079435,0.21718934363722714,0.21539559547821893,0.21502295972795765,0.21543010530730883,0.21731179689287813,0.21955872661502293,0.22165521741191185,0.2220690946092293,0.22243767348940757,0.22302077981705898,0.22639107704552616,0.23102371915034695,0.23672183233493618,0.24057736734756777,0.24371579009274563,0.24678656998522744,0.25203884629448353,0.2571764967738586,0.2609450042364484,0.26149124392750733,0.26107278988678295,0.26057335224326145,0.25984534338443777,0.2589330452405428,0.25737695125576865,0.2559788531043726,0.2540235017932694,0.25214631385260244,0.25055761972659446,0.2494129808435014,0.2485405927431149,0.24769876090643908,0.24646564141540964,0.24555680918225703,0.24535593922812007,0.24454264853139324,0.2434582617616582,0.24142319993046052,0.2401440442475908,0.23875747325877406,0.238103126327957,0.23732814889855564,0.2367527251877785,0.23578874012898698,0.23515345504763052,0.2344906710112547,0.23349278467043005,0.23280578258433526,0.2322142306947578,0.23170080025704984,0.23081396076304278,0.23008975857338304,0.22961465373121928,0.22901281382384575,0.22839590848392133,0.22771496941316038,0.22721685888387488,0.22675795104525065,0.2256468495820068,0.2244458599700686,0.22336869259766207,0.22280580665105093,0.22229711113491982,0.22174405394645758,0.22118589277393916,0.2207502436144003,0.22013845556920772,0.2194960732502898,0.21857554078149555,0.2175873724732316
395057,12,"San Francisco, CA",msa,CA,0.30167133128689644,0.30186633135275326,0.3043100702234521,0.305830594508505,0.30643168489556627,0.3068348406707014,0.30808051578427276,0.30913385105454666,0.309875079628124,0.30934988801589897,0.3093247238925728,0.30931040088947026,0.30989549013120055,0.3101076809926416,0.3088023714413492,0.30835970412041647,0.30689470439639865,0.30602073730315515,0.3045908683781505,0.3030421227716652,0.30147068451484077,0.29947944428253426,0.29849670823656566,0.29731945460363457,0.2967672781652704,0.2966849697740685,0.2970357657984728,0.29604171017319614,0.2950397464538372,0.2944611908957676,0.29385785444647144,0.2933645366952666,0.2928362275732345,0.2926542713929501,0.29176844186587797,0.2915269754813108,0.29094342735094775,0.2908659391069445,0.2898096247206144,0.2892985319663649,0.28869326846476734,0.2883959070097222,0.28792603517549387,0.28767462246172143,0.2872560932517195,0.28698405326347776,0.28647516343966956,0.28590516028957624,0.28510794131302575,0.28429396004673846,0.28363743715941553,0.282909024519317,0.2826130339730899,0.282746229144015,0.28322762038353694,0.2835831191958588,0.2847992774805391,0.2859511162302261,0.2873822301071493,0.28851404557340665,0.28980738609623385,0.29052463247896065,0.2889869368371585,0.2854003079049185,0.2812877377266692,0.27629063152734645,0.27108439493002956,0.26538897007084505,0.26165623873219723,0.259129543548272,0.2572731735144739,0.25438098600065634,0.25131104884759553,0.24983733108289666,0.25130966950292855,0.2540445277199394,0.2569120386822816,0.25818752302469583,0.2592832548128016,0.2608806584115069,0.2640971499225793,0.26699453814305674,0.2692274952262743,0.2696646929049492,0.2698926502206435,0.2699254837223917,0.26993117846190445,0.2702295453844918,0.2704203544577665,0.2705372293917214,0.2701298122020452,0.2698637240653985,0.26946896764758144,0.2689051923812854,0.2679574588051239,0.26654416747799564,0.264834213669774,0.2635789037911215,0.2626587258017112,0.2609545817228058,0.2592859070256661,0.2573424322069932,0.2565189309780926,0.2557298991875311,0.25542737169657703,0.2552283315097658,0.25471048212651987,0.2543057365790251,0.25405408292019066,0.2537543808702344,0.2534849850155243,0.25315069005255003,0.25291655878665464,0.2525332435351218,0.25205142093912886,0.2515550750138134,0.25099870461917206,0.250667248176905,0.25123021073920443,0.2514800345151639,0.25211415648133395,0.2521216978648038,0.2521292360745962,0.25239214646706865,0.2526852897806099,0.2535946653653616,0.25428544708031237,0.2550037756341854,0.25579830038723356,0.25651941316027704,0.2568409324444789,0.257377165518706,0.2579668279463859,0.2590790085932269
395025,13,"Riverside, CA",msa,CA,0.278064641494002,0.27793588920017887,0.2784038325676005,0.27910442423578824,0.2796482352228172,0.27993606442930435,0.28025951235317353,0.2806970070069165,0.2811642397601645,0.2816252499392245,0.2816633988712303,0.2819322619427141,0.28152761239986784,0.2819504710540562,0.28188991753677134,0.2817223266470877,0.2818336080566565,0.28119865752802947,0.2813661634501144,0.28094952607515156,0.281713990447224,0.2817076180151581,0.28206884084457373,0.2818095855540248,0.28284372545396785,0.2832941695606916,0.2838866478170573,0.284633585995032,0.28499583350171015,0.28560467819805213,0.28511223501275185,0.28521586717872116,0.2842755274121726,0.2839187104047187,0.2835590954390893,0.28331362207549793,0.28270190588356814,0.2827922953051141,0.2827880425256292,0.2823169147740563,0.28144708210249736,0.2815342889947228,0.28173326478149846,0.28208023549896954,0.2824287736688722,0.28298306595207634,0.28345695721505976,0.283660381919011,0.28369715928587447,0.2832713761324169,0.28311343126569005,0.2831468998323553,0.28369165274181274,0.2840225536002901,0.28469231567580605,0.2850677192858113,0.2859379587011138,0.2865462372829463,0.28714973262116705,0.2879913857463663,0.2888616520462866,0.28960420391504627,0.287268081423861,0.2844282610901792,0.28163296014157335,0.28060426819871165,0.28031408187827894,0.2817105914142612,0.2851692526586876,0.2897465908063723,0.29338518994590485,0.29454482517389097,0.2946986644395477,0.2960116442750474,0.3009844207447246,0.3062176764012708,0.31252615979577925,0.3146612943486623,0.31769914549895845,0.31958189228619627,0.32362256735958406,0.32611510036002767,0.32853315848261294,0.3283532639502378,0.3289324085512893,0.3289258916666622,0.3296682842752639,0.33119869476562847,0.3312499031169585,0.33152340472823505,0.32990590610740944,0.32821568880373453,0.3271102693088153,0.32569690506995896,0.3251955711076162,0.32467771940585427,0.3241748279589957,0.3232966361243402,0.3223761126800869,0.3214598912120114,0.3205287126098024,0.31935276504107774,0.31814715454539383,0.3176561879422135,0.3171357651905216,0.3180968231883996,0.31792675268667514,0.3171181086876572,0.31551311548619854,0.31514150533282353,0.315145565147383,0.3146173582339357,0.31410390495431134,0.31373071147595394,0.3141997433867047,0.31426169811602145,0.31479462219205956,0.31456594733040727,0.31452292844444046,0.31442599594585335,0.31484847702894586,0.3148786402869653,0.31388986821284576,0.31295880904717127,0.31231608340410033,0.31224453816234293,0.31191024882568236,0.3115785260434492,0.31115289598671775,0.31071181632639916,0.3103792372005342,0.3101419951055967,0.309838728547245,0.30930689939626027
394532,14,"Detroit, MI",msa,MI,0.18970420972612317,0.1900155602648427,0.19057400337269678,0.1909663597220871,0.191304035768738,0.19115952670510228,0.1911689441306896,0.1910761668629805,0.1909987190563505,0.19069693454472145,0.1907520520044423,0.19039039344952136,0.19061174363686384,0.1902468999265903,0.19010928940159702,0.18988063231142316,0.18980675770188457,0.18985496107895294,0.19022547457585912,0.19067907258351405,0.1905272818066619,0.19072701242369067,0.19051915594687063,0.1905484197912615,0.19002219729643002,0.19014980822189728,0.19030654836814237,0.1908678781669141,0.1910900492880553,0.19155687047816256,0.19154596222607434,0.19161076720831952,0.1919301797150838,0.1922292711562694,0.19257344064531698,0.1927546849501871,0.1925762250909027,0.19232399732941105,0.19206602012314386,0.1918486013515743,0.1917499793677731,0.19149618277865305,0.19133339018948012,0.19128062940608176,0.19195281507467782,0.19199740514396701,0.19196604956953137,0.19147864920249313,0.19212710549179465,0.19266520686652933,0.19273279468848015,0.19252766996033313,0.1924424734891288,0.19287201482953162,0.19346463194483154,0.194002864634942,0.19460626860771554,0.19571797660188228,0.19692873799255772,0.19861011473470988,0.19966623859443672,0.2001758274510387,0.19810346560853379,0.19552091278715644,0.1931370719651219,0.19260553070977632,0.19344058665485647,0.19458528789734011,0.19615050088140615,0.19753793928481464,0.1988466567179601,0.19973851790626632,0.20055490693934674,0.20195554965259208,0.20381418511458463,0.2059083239752595,0.20760320283849137,0.20798655010532122,0.20800749346957598,0.2091734982314625,0.21271212431366898,0.21695365977385467,0.2200098509302575,0.22088598268578533,0.22058638409308412,0.2204955811562017,0.21984958007480412,0.21994846178333852,0.22003831505351776,0.22056806231979506,0.22004944336446514,0.21892821884609084,0.21912424299882438,0.21904485497030945,0.21946406614865607,0.21873079678513307,0.21855574533544375,0.2181400367201049,0.21815177490470036,0.2180248741680887,0.21787980753639682,0.2171775514397842,0.21674260151679353,0.2163158598264727,0.21648997040271573,0.21653635040061583,0.21728348797817393,0.21698890337169016,0.217101745189267,0.21664211168014783,0.21708649999018537,0.21698541058055262,0.21753332993121702,0.21767551981136257,0.2182294330612832,0.2185336305603458,0.2188814009913877,0.2195042531123308,0.21964742864446862,0.2199741740980345,0.21978512366780506,0.22046229617028862,0.22003797350152776,0.21984180225746752,0.2191765842370219,0.2191918332334943,0.2189808065114609,0.21905803541476818,0.21895974703392573,0.21877697612019886,0.21847497369625365,0.2184928676999631,0.21849104120970317,0.21812258163435652
395078,15,"Seattle, WA",msa,WA,0.21526005642060794,0.21528646984295285,0.21623077749924507,0.21619181688752717,0.21651299670148744,0.21668812379614555,0.21783534471228333,0.21864775394489275,0.21952051248670054,0.22044573536291812,0.22045129606172725,0.22070363044583144,0.22081231170125407,0.22197893365038524,0.22164511145313584,0.2221693813860786,0.2227066930841059,0.22376533845646593,0.22421201865000856,0.2240260590530127,0.22426310011519254,0.2247048695146871,0.2254475494105724,0.22554982900009865,0.22586520197057267,0.22649292940692312,0.22810077428598938,0.22865113140006957,0.2290246989598725,0.22913874314590021,0.2291616328966891,0.22929242624466256,0.22896197285653944,0.22845502866279227,0.22746605749148174,0.2264655737468244,0.22568095654927267,0.22498024267298042,0.22429756231270892,0.22368458843712244,0.2234028700354451,0.22297960854733112,0.2224684390087275,0.22188553931073338,0.2221703719539982,0.22258791783877377,0.22340472298808076,0.22319987454277904,0.222655457538243,0.22209858029822968,0.22164241847233793,0.22148941580415274,0.22120881438887322,0.22121388752433477,0.22146260885578695,0.22196855187033318,0.22278482105391095,0.2236746555970965,0.22435223881988217,0.22523333647986926,0.22613440195154508,0.22679653169499966,0.22553243758177471,0.22158473852186536,0.2174116036442192,0.21400033616136732,0.2120953685017369,0.2106102314361688,0.21007929707564968,0.20956740271588192,0.2086536609049517,0.20654198416117708,0.20550677645127083,0.20512841945249408,0.20654445563547674,0.20868133577873924,0.21147933249790388,0.21343079662466832,0.21500136438413536,0.21708142414352968,0.2207634523811282,0.22417732584747405,0.22698466116973934,0.227668328574724,0.22734701962561824,0.22708904848034384,0.22646259216535752,0.22644145581578068,0.22629907632754587,0.22686678804731686,0.22687433748371116,0.22618361460237363,0.22613320234873371,0.2261370769912025,0.22603695762744433,0.22530047697193514,0.22450341285635148,0.2241383403107735,0.22439860180989454,0.2239608940761652,0.2235393375192883,0.2224634892822306,0.22206923214750202,0.22200224298718704,0.22225895421474018,0.22267853751013428,0.22287484317083087,0.22358020510136947,0.22435739420840745,0.22501873420529542,0.2250810464176838,0.225291811192415,0.22553944049965582,0.2255940166039944,0.22565973165595915,0.22555536181274866,0.22535385555094464,0.2250733775247799,0.225154391125829,0.22519187940179927,0.2254211760079537,0.22554033504471765,0.22519776104988107,0.2247763020383457,0.22432920122626904,0.22452192864155499,0.2245163914618513,0.22454490210648764,0.22442003890860043,0.2242287602294609,0.2238121942857171,0.22312614017473706,0.22230987152951612,0.22148381947439572
394865,16,"Minneapolis, MN",msa,MN,0.18621458721399822,0.18654886609673127,0.18710085097378518,0.1876044553457909,0.18845415793251735,0.18855985504767328,0.1888740444210489,0.18862518910084755,0.1884703573989595,0.18759052133301843,0.18770940224385246,0.18776507496958975,0.18746871082659838,0.1868469854733091,0.1865134744457672,0.1873002180987601,0.1878105009136994,0.18840471526270638,0.18820418441303177,0.1885832029868817,0.18911839031209143,0.19027728287102025,0.19068969116119408,0.1900321477424837,0.1897284833805601,0.19012236152946735,0.19079514379352908,0.1910134998881432,0.19098383591105392,0.19161300183889465,0.19207312755995717,0.19238691615295056,0.19247114858167197,0.1925517915234855,0.19242418829032246,0.19277742733031786,0.19310074240863584,0.19355658123725647,0.19328167320887954,0.19251082133984543,0.1916793175598891,0.19112440550816542,0.19140361133487085,0.19165426431124286,0.191897296178978,0.19188094583268653,0.19224340960121022,0.19272717576110748,0.19291562891390762,0.19272405421759137,0.1931227869240618,0.19387092722629062,0.19486917131946196,0.1956204714863563,0.195997390566807,0.1963456451848,0.1968171822667427,0.19737808378896204,0.19788042336927836,0.19842966379247418,0.19917239442763282,0.19970620790363222,0.19779208208505916,0.1948240610183716,0.19190846411441037,0.19163501181392203,0.19161721085861072,0.19214667297540933,0.1927339145307166,0.19414119080461137,0.1943988847749243,0.1935460184645105,0.19203550524141227,0.191336192867553,0.19185339973310003,0.1928126982434486,0.19400522059758551,0.19402578388775635,0.1936916801471547,0.19355469239587714,0.19531352093864446,0.1969002524628403,0.1984603154113956,0.19838837109618274,0.1982720510372068,0.19794462547617633,0.19741007704965546,0.19687828452703332,0.19637547089592636,0.19573884391921112,0.1951033456868053,0.19425313580045991,0.19416766992631043,0.1939995303100632,0.1938790843937296,0.19375444696055372,0.1936749297646106,0.19376633014768452,0.19397285441798479,0.19383334530897584,0.1936914064721827,0.19337701887083317,0.1933459973778546,0.19310026824015084,0.1926765776309118,0.19259864851404973,0.19266499080623736,0.19273273330722365,0.19269735490874806,0.1927079199550036,0.19267887071516468,0.19271216468361235,0.19258102110557193,0.19221347856311988,0.19184033446870752,0.19184364414333357,0.19219931725260592,0.19221546915729196,0.19227310639286158,0.1921129683639712,0.19248882918743546,0.19271040519794835,0.19252453526148192,0.1923788888574792,0.19237289103373717,0.19281717163658119,0.1931710566862901,0.19339351578957087,0.19345584252457917,0.19367099741747426,0.19377066775588883,0.19401225497464908,0.19387337307905372,0.19382649292272033
395056,17,"San Diego, CA",msa,CA,0.28154325046136064,0.28192433903746666,0.282140587267122,0.28143067308780806,0.2813483044068145,0.2808573958142857,0.2817023044998526,0.28226469356789247,0.2830009085363812,0.283452651276348,0.2833900226155474,0.283995960903141,0.2838971906967517,0.283801953370666,0.28376830167637596,0.28411320625343467,0.2844085788341756,0.28510943667212946,0.2851905856748128,0.28539603406012937,0.2854326996247048,0.2858389659718894,0.28615826980285103,0.28595463994338666,0.28567530626153953,0.28638234998217066,0.287471516951899,0.2885565737152495,0.28868203149576993,0.2885544729843327,0.28837255369195397,0.2880043188798329,0.2875078729778321,0.28707187333110473,0.2870239322076743,0.2868262310460789,0.2873557369936932,0.28757126956714896,0.2877869692698518,0.2873637810178918,0.28732995611634327,0.28717352374876665,0.28707300612426817,0.2870486135096032,0.28727098894993297,0.28717894108345254,0.2865302038908081,0.2862226563444966,0.2858041370988118,0.2856001278133423,0.2847320800745791,0.2842027520476786,0.2839165645135808,0.2843137085301358,0.2848505767356173,0.285397355751836,0.2861442762920589,0.2870679240777022,0.2882413493456066,0.28927954620376445,0.29006144058712535,0.2904032832292177,0.2880127777886993,0.28432128958763314,0.2804524102559615,0.27727781860584877,0.2752072870904151,0.2735363550233881,0.2744862589409601,0.2768005752991496,0.2792361379441676,0.27877201407707475,0.27755852695206423,0.27700966185039944,0.28002114600869826,0.2845515758618749,0.2892259914052561,0.29078316473148863,0.29263273645964855,0.295471290920721,0.30138143840900733,0.306230356692868,0.31032341321141926,0.3118155439116884,0.31322837490365996,0.31477445956532396,0.3162973442212984,0.3184238712566388,0.3201453948366463,0.3222878750949048,0.32280984391951106,0.32315724515039784,0.32216515947105834,0.32137862587019866,0.32009853105313407,0.319493483575951,0.31856151852116654,0.3179172195333601,0.31790339864741207,0.31767706095232506,0.3176538364948965,0.3171030507019699,0.31672498906941177,0.3157372167087102,0.31488364910414524,0.31374859170123004,0.312488512608138,0.3110545448646964,0.309899432859933,0.3093192780195297,0.3084587775340761,0.3077503376842273,0.30683358760617896,0.3060293469575631,0.3052784780427525,0.3041609626102041,0.3037242313519414,0.30361398829741937,0.30419325442244716,0.3040351651888449,0.304079630274837,0.30362840965502286,0.3026313945158743,0.3012714619176055,0.3000943467512887,0.29950647983837536,0.29912592422266204,0.29925560480605395,0.29930379161964027,0.29920750864769846,0.29865164927405025,0.2983781226785464,0.2980493489284418,0.297752129347196
395148,18,"Tampa, FL",msa,FL,0.25863151591346395,0.2588088995002899,0.2592580488515878,0.2599221457878034,0.26083721866988424,0.26141750748257553,0.26199499402044396,0.2621764153484722,0.2620744524736209,0.26210979506097076,0.2624209108760397,0.26318529278625996,0.26366405111629665,0.2639565619060062,0.2635865285625421,0.2634857710229356,0.26305891200413223,0.263673095298441,0.26385704840584234,0.26470050827906716,0.2658177546854558,0.26697100836880633,0.2675139268803076,0.26702879288315867,0.267185131134058,0.2674803784052541,0.2682251747067622,0.2683437174844,0.2686772473111912,0.26847797280350727,0.26811913453969966,0.26736247166795035,0.2673124219971414,0.26739690160081275,0.26780915092514324,0.26848865376927894,0.2691052747597115,0.26980672515379966,0.2699737022067179,0.27042915539832096,0.27072300529271026,0.27106712647897574,0.2713294115679073,0.27159212629435714,0.2710230059745522,0.27086513101160126,0.2712521886685223,0.27081478935378595,0.27020043822307127,0.2691708144165948,0.26896686518431095,0.2687440332462283,0.2686269626439141,0.2686497826602897,0.26891211029614764,0.2692738999821538,0.27032315258309086,0.2710590845711397,0.27132257320265707,0.2721103922407331,0.27290467491305903,0.27373836206774904,0.27278398246854707,0.26987523178472156,0.26691331240771915,0.26523865801848445,0.2657937654175052,0.2667569712173918,0.2694458452334594,0.2723230854864226,0.2753489019780134,0.27521782189636734,0.27512579097003176,0.27589678168201126,0.2784547119675671,0.282532115314081,0.28761063596696573,0.29254499640321263,0.2971617671678475,0.3028807022008456,0.3113940629994436,0.31937820172143583,0.32493902399047864,0.3279698486060297,0.329331650782645,0.33090453123848884,0.33111065816033747,0.33231922462483565,0.33313051899647933,0.3335212983490021,0.3323347954730166,0.32964087128129904,0.32721116477947104,0.32525040662889554,0.3246574377376072,0.3233988360245729,0.32263624166388244,0.32148431936111893,0.32199319574237406,0.3215222468970436,0.32066157763026804,0.31840817181893466,0.31667002527379495,0.315775560962121,0.31475765260591476,0.3134149547341797,0.31150523080708487,0.30949864462980825,0.3078120659188541,0.30603525337293025,0.30432900864097223,0.30272300716178263,0.3012623148568741,0.3003517324883975,0.29977218192127475,0.29886640882077803,0.298641540542761,0.29905580449320385,0.3001195734833576,0.30079581015664614,0.30090831603696494,0.30054894622883205,0.29986005293430285,0.2989926872333518,0.29812145611772556,0.2977561427794615,0.2971011808991739,0.29637982241481836,0.2952904628176919,0.2936588808161728,0.29140477364006945,0.28932093247509283,0.28737603129653183,0.2857037883292424
394530,19,"Denver, CO",msa,CO,0.21287369037547726,0.21498201901940087,0.2168662102898307,0.21846290568172527,0.21877021391445453,0.21997957950719005,0.22027768062841915,0.22076014322420187,0.2202763178113322,0.22055843057143534,0.22037279140650293,0.22098440571721276,0.22125316425921138,0.22113309117589605,0.22021190154133424,0.21885120404417743,0.21863568291962512,0.2189003381844729,0.21909726839872254,0.21902302919173547,0.2190548200541433,0.21896906960377427,0.21889332714286405,0.21871953670352276,0.2187985311190344,0.219087390049053,0.21965403897236038,0.2201965706698074,0.22049723168147545,0.22015828598195172,0.22000148375702444,0.21975474069202572,0.21952800197227632,0.21880556435865028,0.21824555297462245,0.21789990160224698,0.21740666074379977,0.21712047840654328,0.2165043064239371,0.21602322267422341,0.21500736098552597,0.2146103521314278,0.21432394248776399,0.2145717324490376,0.21485773952738105,0.2152347588442226,0.21536369899015356,0.21509648168942286,0.2146904341560059,0.21446946940824868,0.21457608669259942,0.21467943903477632,0.21511830755872022,0.2152702188464885,0.2152806304980095,0.2150609670733208,0.21553350787032444,0.21626358592740602,0.216942331000769,0.2168670697699765,0.21673802704730466,0.21633206556295165,0.2149247807752243,0.21168716244054914,0.20841950410263094,0.2062643316905172,0.20573939723583562,0.20560985048167887,0.206760008080341,0.20776188396186357,0.2084600157876953,0.2071215398718814,0.2058115960527048,0.2051502749133875,0.20584876334367147,0.2078335414268067,0.21019228412438964,0.21196007838071715,0.21318076564170094,0.21486110175810075,0.21826491586277663,0.22105863887463045,0.22333229741506613,0.22316771283075398,0.22284795222142495,0.2223823557851291,0.22263569453182758,0.22327353105441625,0.2235962822289049,0.22265579965157176,0.22105465341814862,0.2190021082929286,0.21820636017938164,0.2182371835629595,0.2181417128462217,0.21750331090285238,0.2162646688458776,0.21578703176591524,0.21648497987988993,0.21659593356600246,0.21653577752296474,0.2154642008132364,0.21451751935177243,0.2139298578458163,0.21351716730374623,0.21352357187548157,0.21334497105769518,0.21306749721633128,0.21296668704359462,0.21249017250150862,0.2117512842875796,0.2105111475128894,0.20953613410536104,0.2087878413594039,0.20849781831241693,0.20808329081024068,0.2077210639629599,0.20663420625034354,0.2053983250493309,0.2040803447765946,0.20314893649250698,0.20238148342561973,0.2011895862883859,0.2004612905553695,0.19960811438451287,0.199134342044107,0.19835712155429708,0.19757209908497889,0.19672236136658097,0.19610095920764967,0.19565437161633853,0.19528782271968573,0.19471227822605486,0.19408643305797746
394358,20,"Baltimore, MD",msa,MD,0.2120646743721467,0.21163073100331878,0.21111785838953934,0.211015364691056,0.2108488819492998,0.21063113891501162,0.21065528901038497,0.2103877779861952,0.2105505536527519,0.21058458217549664,0.2106158462595297,0.21068652900818036,0.2105419451673545,0.21040796800003436,0.21008141057100352,0.2099105656373911,0.20924355006574186,0.20863489743055397,0.20782574862644201,0.20746657705901575,0.20690007340254818,0.20636732156100807,0.20593262759160116,0.2049678904205568,0.205067900496745,0.20459613530253729,0.2048525632210893,0.20413302931985827,0.20457018039511934,0.2049789364638542,0.20518011867466088,0.20454082222540781,0.20398477610413315,0.20389824364898276,0.20327325459472617,0.2033621219674144,0.2026246867690682,0.2032304655142663,0.20295589913528472,0.20323516872507708,0.2029203193312708,0.20255393849546477,0.20241836511056582,0.2024131415195009,0.20225364105211807,0.20217743568250077,0.20204202193863455,0.2020445780142792,0.20130245222829582,0.20089885791016396,0.20059530424276073,0.20028681624874684,0.20006192318094068,0.20025160606594422,0.20046478874794638,0.20090734898625934,0.20162784250416432,0.20209988969719553,0.20287021592188045,0.20342205302226438,0.20475231442314692,0.2051026817663427,0.20387140255655,0.20160961481200768,0.1997423219046054,0.19870292930449446,0.19826858767304062,0.19804420694327296,0.1987530836065652,0.2004793844232606,0.2018013008194304,0.20148318175956578,0.20036934998489384,0.2001981147206656,0.20159598040167084,0.20432890536201548,0.20719359403369583,0.20882385409200874,0.20997621183851076,0.21169739564406434,0.21563553334145638,0.21819291381271538,0.2209463709156212,0.22129462185718626,0.22182238220771128,0.22124885873845196,0.2209771373940895,0.22131279619455732,0.22120635967220303,0.22125089606732196,0.22070147408075472,0.22002331535071162,0.21941216641780584,0.21942205243356375,0.21916418766933926,0.21880603060496326,0.21868020563036678,0.21912921985682424,0.21979573810909903,0.21933378111007235,0.21901080800348804,0.21817070477529343,0.21772546945572893,0.21689747478403704,0.2165269102446291,0.2163722875889799,0.21628763121792163,0.21581267673495574,0.21492283229998757,0.2144875926094727,0.21431556875792185,0.2146888885613421,0.21504939503659917,0.21540799090204923,0.21523057206443807,0.21522170993205456,0.2153115398661956,0.21602871972929744,0.21636464718114154,0.21676962943484626,0.2167855267103982,0.2168269477560774,0.2163660151161492,0.21581354572828343,0.21528122550824996,0.2149883218250921,0.21502382058344838,0.2151569263972118,0.21544132332438728,0.21512715874173305,0.21503435269341725,0.21485275251472258,0.2149283767047591,0.21471887757116792
395121,21,"St. Louis, MO",msa,MO,0.1801199977477181,0.18004347922282218,0.18004307546750495,0.18029375475238738,0.18010562230850966,0.17996406025504358,0.17975190950595635,0.17967581100317714,0.17966832092558332,0.17948970070641432,0.17940683506578659,0.17905915343597473,0.1790045840306556,0.17886572696199268,0.17856823409349887,0.1782244446635856,0.1780511745732646,0.17792516550976067,0.17787445633501328,0.1776259472285814,0.17745582406165275,0.17746711503512683,0.17719826403507316,0.1769526443312763,0.176432204890247,0.1763060299136719,0.17644242556827944,0.17631537621780574,0.1761264920438714,0.1760202349883298,0.17627560273449427,0.17651037508871006,0.17653534624153264,0.1764242695873724,0.17623316139350345,0.17603861150474254,0.17594367842978598,0.17590399932077308,0.17556691947950478,0.17547917204976268,0.17535074651084853,0.17517162614381773,0.17480937944117292,0.17452497986677273,0.17456355076777963,0.17460399222010564,0.1744572085826447,0.17457025603370213,0.17448459859024898,0.17451797626847051,0.17448085805191116,0.1743229376292122,0.1742952145695465,0.17467234909411855,0.17509265880109728,0.1755166160725122,0.17591230245487852,0.17637190438220687,0.17708486413165725,0.17768309842143942,0.178443151955322,0.17876818548778065,0.1779884341951514,0.17616358320263298,0.1745570731123312,0.17410878010423267,0.17459838577180126,0.17542239087485917,0.1767984680164542,0.17806176194131135,0.17892329045444277,0.17855830236379258,0.17796729402344327,0.17767436927414473,0.1780497422813687,0.17955864180550415,0.18092180911424022,0.18133238456684836,0.18114908761795315,0.18134354009872303,0.18421319476980605,0.1868257170548889,0.18919097287863987,0.18947366456396947,0.1898028453763427,0.1904188981367505,0.19030656646643,0.19006912971207154,0.1896815747048763,0.18997351443228963,0.19012062105741895,0.1904733466989393,0.19007513477468782,0.19077722959296062,0.19102651149543134,0.19140324313448936,0.19084171528341418,0.1901474276920083,0.19078640387035112,0.19109298670932587,0.1921997152127816,0.19214209081845393,0.19237389728460813,0.19149553104538158,0.19157241770846126,0.19136839101183678,0.19146368625783192,0.1910352591340853,0.19055248583773685,0.19081803101729441,0.19126322301605603,0.19165604995636534,0.1917368432526239,0.1921328890672577,0.19242281860727428,0.19247913145418347,0.19281331228624218,0.19302725165137982,0.19367355610655038,0.19428628339041076,0.1948294545297486,0.19509789069905117,0.194560224611358,0.19414037431863165,0.19365182766523448,0.1936223851560369,0.19361385714689103,0.19425214733518462,0.19456172025787477,0.19489930124620714,0.19480650652838344,0.1948608269524395,0.19502280440551245,0.1950612979562727
394943,22,"Orlando, FL",msa,FL,0.2632013160479729,0.2638651596731731,0.264594147203301,0.26531225525897967,0.2658305122833556,0.26584184556839247,0.2659163886034362,0.2661598541486033,0.2664624988512103,0.26660906656881683,0.26659412253471365,0.2666789364736587,0.26645396300562657,0.26610670313261714,0.26600732878274536,0.26583877792369826,0.26596368992715996,0.26598157264943845,0.2662177825998659,0.266757345947876,0.2674672052077013,0.2682485543599351,0.26831071130103723,0.26764153118961065,0.2678274811461383,0.268466493089207,0.2679705499788308,0.2678294179936008,0.2677659931964857,0.2689484032183609,0.2686723847965157,0.26793765372046235,0.26716626208447414,0.26684028871332277,0.2674568712365051,0.268797265960279,0.2696115418366783,0.27009161908232965,0.27041610552255313,0.27015164199810754,0.27013068534092105,0.2694288790429283,0.26978661425745065,0.269815718486116,0.2694676825649161,0.26888521652751224,0.2683546448219799,0.2672486453617072,0.2663182066653432,0.26491675550012433,0.2644192354656193,0.2640882876865129,0.26354945476331587,0.26332012797678034,0.26297996160479326,0.2630618112538668,0.2640198472394562,0.2650057061891016,0.26562633930916746,0.26640223414543795,0.26707987371460173,0.2679150135812035,0.26623322989897774,0.2631179522902551,0.25973551882407764,0.2578601410604318,0.25751417787543696,0.2571287138017526,0.25825201145157034,0.25954947053308075,0.2616633946896528,0.26080977435568725,0.2603972610836962,0.2602288583325743,0.2621642327099417,0.2650054432521522,0.268610964768487,0.2719675164595313,0.2749386563268673,0.2794266547072851,0.2876455787110829,0.2962549494736736,0.3025552087320916,0.30513278270459376,0.30637672978166336,0.30779760127076417,0.30921746698389074,0.31076830959789525,0.3125366208946542,0.3134411469997323,0.31369517644426076,0.31242259740042844,0.31011772477234006,0.3079557237854739,0.3065548482524834,0.30549092095801317,0.3040522949692451,0.3028821755705179,0.30243288367659915,0.3015134744702661,0.2999684535047921,0.29750781187690983,0.295355601419348,0.2935681387007322,0.2919224091692576,0.2904961593114664,0.28910004275066953,0.288061681681984,0.28737883866722685,0.2863087687817529,0.284932419117163,0.28380513359085974,0.2829873828119375,0.28251766184250166,0.2820982494870868,0.2811545918198355,0.28069752734686493,0.2798193237972315,0.27938657725668675,0.27884679987079747,0.27842884657044675,0.27832677007940576,0.27733027925206094,0.27612654416459953,0.27491412314762853,0.27433475953448716,0.27371523437594664,0.2734801134764687,0.27320377002257823,0.2730905407856454,0.27249171322922183,0.2716825441916857,0.27066162938673044,0.2695172141038717
394458,23,"Charlotte, NC",msa,NC,0.2137240025708123,0.2136597739663084,0.21350169056500645,0.2143332383744107,0.21483161889649796,0.21525784625840877,0.21519104824818153,0.21559028637642078,0.2157675912699481,0.2159304839365042,0.21619335347035573,0.21638798993664132,0.21658518794623652,0.21661370560878968,0.21665474411190724,0.21630246005266532,0.21590080251661653,0.21581300812735915,0.21636322591553198,0.21697261478413207,0.21759394025134568,0.21856956055020443,0.21853368480755003,0.2180663917880773,0.21788389725141052,0.21829374709208854,0.21945531625848438,0.22001562535143793,0.22054321360893114,0.2207191619219088,0.2205932809382321,0.2204072857207517,0.22065439752894225,0.22019940504212163,0.2206024449698902,0.22062841575993009,0.22071983848491547,0.2209209927880978,0.22047872942065985,0.22071303950001253,0.2204824692198674,0.22102442112536866,0.22122806500365919,0.22145410196606655,0.22072838671371006,0.22097747051802022,0.22145004786830333,0.22237524537405934,0.22259445977724263,0.2224410024559332,0.22238588860360736,0.2220678978838653,0.22218074901842494,0.2222180793339823,0.22258147630066652,0.22293138065639403,0.22410668860773406,0.22481283993315393,0.22506386806490947,0.22503454036680182,0.2253618662358742,0.22544914502229613,0.22492753484658962,0.22150413104582709,0.21872269205556494,0.21714993327793064,0.21753489203309126,0.21827508513619864,0.21988337660374793,0.22187175441178786,0.22371854424164495,0.2235232231666174,0.22306144148633308,0.22297323082262221,0.2244992366156683,0.2275050352579563,0.23053578656186613,0.23238184723930733,0.2334083844104644,0.23558979303943992,0.24082324573563366,0.24612646663645107,0.25016081298347,0.251066414133864,0.2508268009438583,0.2506575369170518,0.2506040645299594,0.2513554626873472,0.25240802047192157,0.2537562680810522,0.2547019541277522,0.2542033449659491,0.2533290506953776,0.2525381631819352,0.25242268341202456,0.251598854401483,0.2506708777504025,0.24982341701630315,0.24989194407070087,0.24913952986107926,0.24842596069053155,0.24700003524281255,0.24584910116370443,0.24486910853458282,0.24415468138612104,0.24374332914602576,0.24269287716765767,0.24198670156335392,0.24091010584788847,0.24015508841734287,0.23872260544021923,0.23775126754160084,0.23674382926575951,0.23606376387943467,0.2351783202849501,0.23443084688659288,0.23399756214391212,0.23335584205572646,0.23308839876916268,0.23266478910086336,0.23275125863003004,0.2327147043596928,0.2323918909526056,0.23177785785021585,0.23109070044109506,0.23057759101374542,0.23016523841499137,0.22978322748459154,0.22948706805582714,0.22920160036871806,0.2287033728175521,0.227936505556579,0.2269941830467248,0.2259576693555613
395055,24,"San Antonio, TX",msa,TX,0.22376284368961982,0.22402462018703134,0.2247842197676223,0.2256678728167261,0.22674458356627197,0.22722507384702706,0.2273115367869334,0.2269144193178424,0.22656656979816933,0.22711292613760617,0.22724089608267284,0.2276270759537277,0.22712853508298575,0.22702758341083018,0.2269137042942464,0.22690300014870302,0.22675595479137683,0.22706860392091524,0.22760676867644672,0.2286469565679797,0.23013398609281205,0.23123323810465463,0.23259716142149692,0.23289828201449816,0.23360673204113278,0.23365992077209077,0.23396331111251514,0.23411980485078104,0.2343350404364677,0.23456953704777087,0.23443302694041449,0.23373541139049323,0.23327383222807732,0.23268842074192114,0.23244155793463053,0.23206932104857847,0.23188532027794329,0.23211136423361434,0.23197654532839507,0.23155514489829324,0.23096802344356654,0.23058372059224044,0.23070523454956182,0.23080416291840275,0.2307235480260397,0.230702973884468,0.2306096888411602,0.23009566788117622,0.22957207951607864,0.22887084269453303,0.22889705442728575,0.2292147737502118,0.2296163104183683,0.2295543936838754,0.22920986316494368,0.2289885532532602,0.22850555744424106,0.2280613917342269,0.22755190788146232,0.2279407968817157,0.22824483366507878,0.22842877507760279,0.22635574393701535,0.2234807859550956,0.2203751065267039,0.21937059476360363,0.21945528699465724,0.21959634671589295,0.22111341343208094,0.222887289391064,0.22497836420881326,0.22462331117353018,0.2236849187886749,0.22275466671597405,0.2240350906168523,0.22660673539667053,0.22968860766658147,0.23128380924836975,0.23243770987667642,0.23445071070628834,0.23897741460824581,0.2433655006268381,0.2465675289905452,0.24664367430603695,0.24595592331555674,0.2458076083842981,0.245297267050989,0.24484480383754564,0.24398780071786827,0.24340330966925616,0.24292741846217633,0.24170270226297236,0.24071308546026662,0.23967322574190755,0.23899984441053762,0.2381275291990199,0.23753098160478442,0.23660002521050966,0.2369324959786302,0.23630948396809798,0.2359065529193832,0.23388674818840788,0.2318423087160995,0.23009004843964964,0.22894346912640987,0.2283031841671007,0.22763117815088565,0.22633277364702367,0.22471028091964587,0.222923361721729,0.2213153912985186,0.22021869113386244,0.2190462720872781,0.2183536959480027,0.21722068654100232,0.21662286712282708,0.21586922866286254,0.21474063745383812,0.21351945719508142,0.21288021670142646,0.21256832941643802,0.2124489869048153,0.21146328048226626,0.21039377021308128,0.20931639445531927,0.20864140959593305,0.20826630171110522,0.20747928354216175,0.2068106275623877,0.20622473558525567,0.2056054656447213,0.2046274714589749,0.2034615282950912,0.20227912083888805
394998,25,"Portland, OR",msa,OR,0.2111313974308175,0.2118950867462087,0.2134238911179459,0.2149244572501429,0.21605915312629975,0.21664839985951734,0.21772010321362492,0.21848598800607016,0.22005267829914915,0.22110008740273684,0.22150284544713145,0.22115987320040062,0.22065721210767955,0.22064013494660167,0.22065060283170204,0.22053291156635604,0.22070585368278242,0.22075234965337984,0.22001409958087503,0.21920435923688916,0.21896921499402097,0.2192870947839003,0.2194277333201162,0.21944214358805597,0.21958959442548506,0.22002166162451464,0.22009823627152164,0.21987702194595465,0.21894473080944296,0.21824283924499605,0.21734479325725334,0.21703901833195116,0.21659551432617488,0.21622518637061872,0.21593578743277259,0.215672113592815,0.21523698211970357,0.21471660692189,0.21424304882620823,0.21419878098527528,0.2141222719193618,0.21415505916942693,0.21384307735504154,0.21382404013860645,0.21374665384516828,0.21411887873282354,0.21429216578252824,0.21461378691878583,0.21481815494903564,0.2145820089883894,0.214613336097474,0.21442355279789102,0.2145877040396815,0.21492376329247728,0.2157907515626907,0.21623832977145196,0.21718968841935368,0.21773351120695644,0.2183739827670514,0.21860622427552834,0.2189162759206882,0.21926266069564512,0.2176807790446796,0.21423525082049877,0.21062745630583538,0.2091605965977963,0.20934887730280521,0.20985540008419587,0.2107150912206715,0.21143506996358574,0.21206552714162155,0.210892979467575,0.2103426718258353,0.2100051591158162,0.21140552641315846,0.21380835456574301,0.21640196323120497,0.21773512540470852,0.21773281382204654,0.21857797791936434,0.22154209727389615,0.2249240413215183,0.22724196083127063,0.22700166321356016,0.22589208535102995,0.2251001593349743,0.22445218319484037,0.22442314936347982,0.2246012135966009,0.2253855091531295,0.22567189430654297,0.22535523111164496,0.22534047306369542,0.22522754029264275,0.2253146954689073,0.2251092343809767,0.224528493741107,0.22395167667742313,0.2233092393251733,0.22183372442081703,0.2199384346737,0.21701845055049707,0.2151463986823849,0.21364922069432277,0.21306954347091847,0.2127036617649038,0.21220865618408286,0.21175148427734564,0.21142772565610018,0.21135344803079117,0.2112901063227857,0.21126882861947713,0.21130577182928817,0.2112670293056409,0.21091168932868437,0.2103316365425089,0.2102148781905755,0.21002988240981485,0.2099712738831197,0.20940977821303125,0.20908252592584942,0.2086860311119026,0.20793232980575915,0.20728044788605968,0.20671579883790536,0.20664342548703143,0.20645600405898018,0.20639067704054326,0.20603532648752412,0.2056902348012259,0.2052117800216395,0.20484457990419033,0.20434623153569947,0.20378091697863263
395045,26,"Sacramento, CA",msa,CA,0.23383458618515923,0.23436454622088143,0.23527618301475028,0.235782471541314,0.23625471243228027,0.23650086107731783,0.23602074225505193,0.23695660684711534,0.2383906289610571,0.2401154324199032,0.24108205462614515,0.24143464566047623,0.24244595820702888,0.24249333993227923,0.24250528969744375,0.24323277281193825,0.24432127696127912,0.24564575672941932,0.2458354227061978,0.24617045790832828,0.24578329394980702,0.24625499472015197,0.24690985617219932,0.24813207998502584,0.24895795186984587,0.2507538062063775,0.25224685790058615,0.2534003232560446,0.253763136083551,0.2539451892956279,0.2544529325871628,0.2549620388136537,0.2554075135777934,0.2558816241963907,0.2556123175710564,0.255634374458492,0.25552774055737,0.2544833769704732,0.2543116358618986,0.2538724457640783,0.25476585650991235,0.25467217878585785,0.2546935798928375,0.25454782860854747,0.254312658213008,0.2539979031845997,0.25381432325309267,0.2538069280478418,0.2533320322992034,0.2533412615270668,0.2529696317610319,0.2527105472172454,0.25181825662492513,0.2521901840520114,0.25262691395261555,0.25309731321078155,0.2541094844028382,0.2550045692485181,0.256084534997683,0.25664901965309966,0.2575999634826524,0.2582392361806388,0.2568909874581698,0.2545597902419889,0.2515723972526087,0.2498651151697327,0.24918140624626545,0.2498795367677175,0.25236683865334003,0.2552150800521311,0.25795886370701676,0.25786841649694975,0.25765996200609625,0.25752854428638167,0.26016609370193616,0.2638922833278768,0.26899841117340195,0.2706085978229903,0.2716946634269785,0.27170205991779245,0.2740832258878493,0.2761833108160738,0.2783246161896089,0.2781029992365073,0.277260289817943,0.27605991251408724,0.27571548196629364,0.2757299532796441,0.2749199328379536,0.27449636243427944,0.27364466700138285,0.27303971483854755,0.27204270259164065,0.27128566951307437,0.26960040955722275,0.26830344569701325,0.2671055197849283,0.2667064003662035,0.2664699958182397,0.2653593485279074,0.26444243042564947,0.26355778070612157,0.2629389831380435,0.2621751140409437,0.26211460973373085,0.261796198345866,0.2617727482563606,0.26159321937682223,0.26151503638542983,0.26156859403022487,0.26074738009730813,0.26050206397112835,0.25992351240781786,0.259372104987469,0.2588278402974806,0.2584654156607672,0.2582156488810754,0.2580202922096448,0.25827761882591854,0.25768730203904344,0.2577116252115027,0.2571313887983035,0.2566350536968847,0.25588692865112406,0.25547046345764146,0.2554287974470407,0.25540561052319466,0.25529983086927227,0.2551287803007274,0.25502149486366177,0.25455585096835226,0.25455369273682116,0.2541187567340116,0.2539409279745011
394982,27,"Pittsburgh, PA",msa,PA,0.21699841422993815,0.2160240598449912,0.21466425723176144,0.21475772361773512,0.21561573492528105,0.2156824922780646,0.21574585790835396,0.21544204785144142,0.2151152581490681,0.21511015882057438,0.2155258533660791,0.2153433393914878,0.21561053729672866,0.2144134711030573,0.21449779395578505,0.2138805403517962,0.213183195794938,0.2121879289302092,0.21147696944273234,0.21073576730570087,0.21071783812815778,0.20984905948242363,0.20934973822443342,0.20852326411544936,0.20855886793168948,0.20935315258859266,0.21010592930825994,0.21053248951290252,0.21048120797634917,0.21063706776133817,0.2105429862091956,0.2110904420770499,0.2105255795176935,0.21047724164435067,0.20988753675996863,0.2094488931289047,0.20880465513261146,0.20853359800666027,0.20870459851192638,0.20875281865198456,0.2088951186429602,0.20880750284412067,0.2090594543421069,0.20826603552648812,0.20813385680227356,0.20783112979955495,0.2085973145131019,0.209369654266874,0.2095378720064743,0.20968921852272487,0.20950871567359458,0.20970926839883625,0.21010547496491097,0.21079887082424684,0.21134951403819197,0.2124299572183766,0.21345061107440244,0.21453555673914826,0.21504793001331085,0.21587031954306324,0.217143902035069,0.21782705474850234,0.21634393482936642,0.21321335213724446,0.21053800003274217,0.20860437875311594,0.20759487803864068,0.2064731363123005,0.2070893123743646,0.20775641445279594,0.20812895039631332,0.20748127298693653,0.2066656644389449,0.20683649574680735,0.208536169788815,0.2111690768525387,0.21348045290373796,0.21384577125899704,0.21347584151585672,0.21363765303555976,0.2158797306322414,0.21819018032704546,0.2206440137090578,0.22004096541345106,0.21985348097125515,0.21873442615240582,0.21859189299604762,0.2179388169969275,0.2175353621445769,0.21726081197235944,0.21720984711711241,0.21726667801001476,0.21669477194213405,0.2160785216593118,0.21489564586867743,0.21492074413805037,0.21445239859447351,0.21482227410932137,0.2146712277877194,0.21477704958310595,0.21466283647130535,0.21423875290304956,0.21366489821795187,0.2130649198451308,0.21271728208601703,0.21262455479153966,0.21261537941336675,0.21295467771944088,0.2131244496804331,0.21310735254362426,0.21242282153285807,0.21163454776283858,0.2113197398938502,0.21107319165527427,0.21084214511118188,0.2109093645349315,0.21090811327978318,0.21108313293417585,0.2104047752759391,0.21027134627818767,0.21032958496057583,0.21053907743799322,0.2108292635566655,0.2110332594291348,0.21096484260140552,0.21117019191054964,0.21142455028437493,0.2113955874799035,0.21146477176581902,0.21128342866367433,0.2117876559214362,0.2115483998716505,0.2115861550752975,0.21144682151445945
394466,28,"Cincinnati, OH",msa,OH,0.18047224492589778,0.18072332949282505,0.181468324322854,0.18189570370413086,0.18155404505715644,0.18139875668723088,0.1816486889637675,0.18208847075803025,0.18204607936703668,0.18148030408506177,0.18172472200155623,0.18147131197165198,0.1816818695013269,0.18049871391805003,0.18054982922929458,0.18003910703483933,0.18060500116367054,0.18031481583875505,0.1805276926349798,0.18038446956656862,0.1807972582958568,0.18102998823116817,0.1813751332870788,0.18156014258060726,0.182227623273614,0.18277145017988988,0.182784405916573,0.1828759954432983,0.1830307969168008,0.18369983195612122,0.1837368371651418,0.18415553874434376,0.18388595578267725,0.1841061235679191,0.18343384411385028,0.18369595981049563,0.1834520146139377,0.1840273532394372,0.1846351331482439,0.18515442014053202,0.1850371495568874,0.18485490158433446,0.18478481046812387,0.18481881232514738,0.18541885912892708,0.18615727915460772,0.1865060233286082,0.18680644047644346,0.18625934610557687,0.18624860333377824,0.18614865474439377,0.18619733919817855,0.18657560653144747,0.1871998092739213,0.1879958626304649,0.18862903946618365,0.1893156098358985,0.18975399254898276,0.1908963762304229,0.19171481915046687,0.19334367538817565,0.1939193924367169,0.19324450179050762,0.19068966157187603,0.18834048914362783,0.1879644615758716,0.18838536396619296,0.18852175141868385,0.1896924521895775,0.19066092077223246,0.1916676723008306,0.19119156707424872,0.19107738162956706,0.19062267026476712,0.19176717956309614,0.1935317307382241,0.19559607535954118,0.1960598503626078,0.19586676311253326,0.1969772489032815,0.2003857163735509,0.2038366672735343,0.20668264617510848,0.20671222695326646,0.2066319470772701,0.20652746602300498,0.20682251116865336,0.20734989957557237,0.20749417772391088,0.20843519940178973,0.20943077317368938,0.20994880242243563,0.21033483094384117,0.21077026304329213,0.21127693772784908,0.2116772865000737,0.21163499810520064,0.21222614174534457,0.21255143411691588,0.21290369775073803,0.21314835083860417,0.21276010975233,0.21239640024243564,0.2118641769887298,0.21187353866149977,0.21258196811977217,0.21261740462423642,0.2134249089267034,0.21336307255968331,0.21369134425509068,0.21344376453143138,0.21318226705701787,0.21282416703117546,0.21298415077049979,0.21301531189431194,0.21352867371386283,0.21401289525410233,0.21460985107665734,0.21562754658637587,0.2155697357488325,0.21542039321920003,0.21454661531245428,0.21457369944855556,0.21440793261755645,0.2144485650588469,0.21452074902342036,0.21469838226881646,0.2146478326796769,0.21468219154930226,0.21431710247522995,0.21390151675852703,0.2138151469248481,0.2142005747043726,0.2148148904719347
394355,29,"Austin, TX",msa,TX,0.20849227639981135,0.2091707691098883,0.2092751345797651,0.2092129906061677,0.20945581856118362,0.2097729082284143,0.2102323730156211,0.21078475960833773,0.21059797690543947,0.21036674820162019,0.20990644158579513,0.20980318555359342,0.20924171661706797,0.20812438782101175,0.20677119692403023,0.2062430560293827,0.2058710408137523,0.20609311675813335,0.20605166373862183,0.2060038405048118,0.20608633816632488,0.20600055800677158,0.20586845614681967,0.2054579884635016,0.2051835778092273,0.20520510416856624,0.2054170093924448,0.20499790683954033,0.20421109229325943,0.2033311551541866,0.202265325419352,0.20124169412972662,0.20057442332919007,0.20021489483668242,0.20033939215876956,0.2000478775407416,0.19956484572947172,0.1996362102488217,0.19915981031700147,0.1992219191665587,0.1990404031710689,0.19943613978283634,0.1996147093420168,0.19962435553526656,0.19954582783437583,0.19967988751808852,0.20010566252861628,0.19991063800969433,0.19950366715818246,0.19921655412505476,0.19944146257328735,0.19939930278211762,0.19971028850601602,0.19961913240678683,0.19985313099981494,0.20019118752678994,0.2005201199432864,0.20059529257384176,0.2003117750610058,0.2011197367156661,0.20222813963648276,0.20277676995753777,0.20179707376788167,0.19876189487992674,0.19545789497832242,0.19318204222144653,0.19199741996800204,0.1913530349347512,0.19129937801951,0.1920877655480499,0.19334302972151285,0.19287855320367245,0.19265669587496698,0.19264629560056165,0.1944473804636797,0.19726688403182455,0.20110162650893762,0.2042595231428204,0.20722559495100873,0.2108517617619231,0.21638896376620134,0.22105432172587644,0.2239381999321026,0.2244608198674853,0.22374652331356507,0.22385861285027922,0.22320715236210756,0.22349587668293733,0.22309009375611427,0.2231403896993568,0.22261858073250324,0.22114957401554924,0.22027306815455996,0.21908856861522583,0.2180126035991597,0.21652800899382912,0.21556330508622742,0.2146063240459904,0.21461417372877345,0.21335366039291193,0.21215267243248984,0.2099278115333645,0.2082610245597165,0.20670969524765678,0.20546387176909647,0.20493871454034276,0.20475767538154518,0.20435425780758484,0.20328084202928084,0.20179476610018723,0.20028791539517893,0.19931806107474784,0.198331560046379,0.19763312016926304,0.19673812544602604,0.19577244171125469,0.1949734034676461,0.19387387227631278,0.19305089475840734,0.19214472562187837,0.1912937990212736,0.19032864672463165,0.18925231882270938,0.18806041727264872,0.18693384111010056,0.1860829502061918,0.18524271383521235,0.18455899943551446,0.18382441244747408,0.18311101229443927,0.18204013185494827,0.18101797804861117,0.18003414543363644,0.17931079764021737
394775,30,"Las Vegas, NV",msa,NV,0.22083697524126017,0.2213928963942996,0.22202368089738322,0.2224410330833854,0.2230551432995191,0.22313810973726247,0.22362082759452487,0.22369393733106904,0.22392641784924186,0.2235893078060691,0.22363280001157518,0.22372629307173536,0.22392202204814934,0.22376619327022967,0.2233285456415381,0.2233111439101518,0.223333224883333,0.22378902931483716,0.22339551936091961,0.2236236041412023,0.224233192749373,0.22565052890978912,0.22650701166717058,0.2265903810100058,0.22669373936977139,0.2273335491375895,0.22880093250505773,0.22979344465178986,0.23044421491464698,0.23017046084231205,0.23006052423953843,0.22990539516979747,0.23065637900282196,0.23140809030729403,0.23216071240081856,0.23252430839804106,0.23259385321291776,0.23289356422468646,0.23324461140134775,0.23408014731495858,0.2346295770064548,0.23492386474498392,0.23541645260069005,0.23589014428272095,0.23762423327596535,0.2391565194545495,0.24087385384920806,0.24153428413880457,0.24198675541072084,0.24199102712138798,0.2425490661396774,0.2429327385216097,0.24359136044570134,0.24427996457191115,0.2447882316276065,0.2454095679954997,0.24590769860678263,0.24660811338325714,0.247113195603253,0.2479726677037461,0.24894690069582837,0.24973226625191347,0.24775008636664225,0.24422133738877871,0.2402156122633906,0.23909426107634427,0.2401852049972988,0.24253583475326237,0.24651707523599686,0.25093561102613837,0.2546244296659819,0.2556154805906403,0.2563017686403953,0.25739904819861453,0.25946483788698543,0.2619445317228586,0.2671854501644172,0.2715721301024394,0.2759382510278002,0.27972040517215163,0.28677142273156525,0.29347928337557433,0.29819492163636985,0.2988209423473466,0.29834346497974046,0.29757668492587214,0.2969941473583245,0.2970771777063282,0.29587433285025194,0.29403205457984627,0.2911406471621989,0.28716568019387534,0.282750645352519,0.27826000477046664,0.2752751574710025,0.2731198853255351,0.2717031096159468,0.2709490403198742,0.2702521617938127,0.2686649246696102,0.2664663000873215,0.2638217442920204,0.2619666776263871,0.2602717312938065,0.2594172838028161,0.2589566854083239,0.2586994336652992,0.25855451773997484,0.25759378968086843,0.25634614191934507,0.2555678786311107,0.2557733544072724,0.25621635750616584,0.2564138040246284,0.2556778161293949,0.25526400513111375,0.2551157789384648,0.2548169491393838,0.2545993166028315,0.253993922280045,0.2541341488868778,0.2539432605166113,0.2528484566229462,0.25114383312298594,0.24972874138346413,0.24926527929889858,0.24935759704617602,0.24930203009475646,0.2489466784927113,0.24854028309616244,0.2477157946715971,0.24696222790117645,0.2458349755405737,0.2449710935250029
394735,31,"Kansas City, MO",msa,MO,0.1731864054368958,0.17332028851497722,0.17412401824694773,0.1743828759132596,0.17483030893939694,0.17493949910205264,0.1752960349571915,0.17558919164875827,0.17505583869747388,0.17502463920166783,0.17481552094908856,0.1748285827295695,0.17486172473954462,0.17461097924775015,0.1744578451094915,0.17424724977008374,0.17384918097006968,0.17398646683225938,0.17414934776642765,0.1747103533957601,0.17541978654899004,0.17605027220773647,0.17619493536236136,0.17612045868279114,0.17565368459462646,0.17618653481706573,0.17645299143266555,0.17717230241267024,0.17755412909219695,0.1775959420320861,0.17767243055787435,0.17766370857655253,0.17774418501117842,0.17780820783809792,0.17809018301842142,0.17816451025982855,0.17779233651161633,0.17717685004587475,0.17664227705072533,0.17602117434118372,0.1757192042827801,0.1755625970346545,0.1752467275325917,0.17506255357388575,0.17507651452581624,0.17525081643271617,0.17521097396058763,0.17479290941152054,0.17502631651513634,0.17519226146635059,0.1754012829899518,0.17542480051870551,0.17546865164889772,0.1758413804267445,0.17637689063174597,0.1767938517830116,0.1771281440200822,0.1773825234276977,0.17783313955964805,0.17885702659106775,0.17968906369967874,0.18025171649983346,0.17946654871859694,0.1778375756953744,0.17624527798853076,0.17603862044435983,0.1766968073799279,0.17774309453314868,0.1794100538542061,0.18052530639395215,0.18136131032629496,0.18007228918792775,0.17990355111971215,0.1801958149385415,0.18172609224460354,0.18331167340896293,0.1847224771569869,0.18555157681503087,0.18582818961611977,0.18609814347127673,0.1884777419830727,0.19141631876733609,0.19414486194962557,0.1949712513801861,0.19498178552099013,0.19508746608790692,0.1949185398085371,0.19511409315188388,0.19554640919697014,0.1958184430728659,0.19616146730920977,0.19641207051671383,0.19711945491628807,0.19734188803261335,0.19777570809774478,0.19794999908544295,0.19812771076347163,0.1980066699009648,0.19863428430942484,0.19933808277258588,0.20002954010685364,0.19996545721895848,0.1996981059681608,0.19946300535094616,0.1988852330105109,0.19918663206840967,0.19936813216980523,0.19992771333284323,0.19937064013238068,0.19917655880667734,0.19864664956102765,0.19847362442939256,0.1984031543147508,0.19852059257508461,0.1988481552635162,0.1988233433387364,0.19908149940082787,0.19917233549149366,0.19918705361174951,0.19918427683309664,0.2002131997074336,0.20077825421272705,0.20113085616911966,0.20100193955521528,0.2007481197797538,0.20089798589391092,0.2009732264704474,0.2012780115752059,0.20153944350225722,0.20157151167143256,0.20162236647977128,0.20147599884069609,0.20104297920712846,0.20080515019946762
394492,32,"Columbus, OH",msa,OH,0.18079621901009074,0.18060851582844836,0.1802133667518875,0.17933171785756624,0.1801289739778589,0.18050931720234567,0.18188044164603506,0.18214792313521064,0.18208828028612312,0.18252404153901997,0.18137711814669366,0.18081010944667808,0.1805207494609038,0.18033574084945167,0.1800688881196685,0.18018828031780576,0.18052664499633483,0.18148337312432125,0.18127250317344676,0.1810495429197676,0.1801911616927157,0.17962001648959108,0.18069147538127084,0.18132631867370536,0.18216149893765762,0.18258415386156054,0.1832199526285287,0.18363580857811215,0.18293629864583452,0.18277995359279134,0.18265818748531878,0.1832602961664157,0.18410192016980056,0.18419384186074741,0.18455665458372078,0.1843185971109548,0.1848357180674808,0.1851398954624405,0.18570989327304419,0.1860640069966657,0.18635461173162285,0.18643035727661372,0.18665237649208655,0.1869410074567632,0.18698988314633538,0.18722178128340425,0.1869723701492706,0.1872760038109786,0.1874491956303324,0.18780325107059015,0.18775797961366653,0.18792868453331,0.18862566983951654,0.18932368850906078,0.19013033905381188,0.19056632331926587,0.1913257367805875,0.1922537123626536,0.19313262247702306,0.19397472028209678,0.19449714534626078,0.1947814849570811,0.19391314763667977,0.19152257300557574,0.18904973619977464,0.18825402702982671,0.18849838492462978,0.18930169422160562,0.19045259810619494,0.1927262699309346,0.1942337079004044,0.19304961181455602,0.1918098920441809,0.19126534034586076,0.19366673513767838,0.19564221777641003,0.19829684255327476,0.19878288688562065,0.19888350782947206,0.1990350871302743,0.2019226962071509,0.2050254320642922,0.20781892079984066,0.20821633646884571,0.20768036940874254,0.20711344274566876,0.20615916606254575,0.20611316347801006,0.20591242906197157,0.20717828834426535,0.20798090851779166,0.20830626445094164,0.20853799588346703,0.20801912051695315,0.20748413532698654,0.20755110868125315,0.20785674682354952,0.20822944762911835,0.208327973247152,0.20875145254809885,0.20925555086640918,0.20837848689805002,0.20786587232138173,0.2074867333113701,0.2071063220265507,0.20687484211706458,0.20701261233585383,0.20709135238245746,0.20645914725460893,0.20605849121087508,0.20524353951885801,0.20522476407046186,0.2046048992571749,0.2051817819468013,0.2054797134828959,0.20584830542927934,0.20592712371008715,0.20564881798492932,0.20598805268467568,0.20613338954224497,0.20684269378916048,0.2066076455803058,0.20702894691422247,0.20641574337777005,0.2062209408844614,0.20571036312109614,0.20533044684149607,0.20488200718451471,0.20480949814512084,0.20503852236591366,0.20453716300828004,0.20389225358284457,0.20313797120337798,0.20289923414477118
394705,34,"Indianapolis, IN",msa,IN,0.1867810761550614,0.18654490898064147,0.18671913348626984,0.1866796651317801,0.18678119206186797,0.186513289624739,0.1865797233137941,0.18679797499578069,0.1873131167335834,0.18714962057911513,0.187527555809772,0.1873857989984104,0.18706285384811647,0.18618314264412833,0.18571577064847622,0.18587177600479288,0.18617302459745846,0.18623923099701634,0.1862609222696302,0.18556619805356386,0.18492847914812105,0.1845780019487933,0.18418708586910268,0.18361348808835276,0.1832666403001666,0.1836565507934503,0.18404437494847314,0.18421201244981183,0.18419363878164632,0.1843334891451904,0.18446142974590768,0.1845689837004793,0.18470460546547746,0.1851724725210282,0.18520851952369033,0.18563485707770733,0.18519642237432296,0.1851251816085156,0.18448224077584818,0.18434699596562987,0.18428944453025506,0.1843991997072058,0.18428409792172082,0.18455320551209178,0.18457780932387355,0.18478258304237558,0.1852425016603316,0.18508679190690572,0.1848776155704773,0.18418777594144536,0.18457971668671788,0.18463001184981895,0.1847228385633498,0.18478956535748464,0.18506467085696537,0.18526599690002998,0.1860986198441767,0.18669177558378008,0.18719663638371978,0.1873591775618642,0.18781382372083594,0.1882338629369975,0.18803681049120088,0.18618752166059704,0.18547577426226608,0.18531501308383405,0.1858223616137228,0.1862558543385605,0.18783181921817413,0.19003219595837628,0.1911567488553919,0.1910197820045767,0.18985259454083514,0.18911855665535904,0.1897095509419394,0.19137448921324585,0.19321560490553966,0.1937027992525622,0.19428493793375282,0.1955011319728557,0.1989726525197028,0.20256194651811815,0.20550932907146172,0.20492585257866752,0.2037330228394492,0.20293847849550878,0.20342490157487605,0.20440932675944348,0.20465649496253435,0.20582186062504623,0.2064419324753142,0.20674875069313672,0.20648488239396753,0.2060841428610058,0.2061197156935391,0.20643015179448881,0.20672456528822877,0.20670901351481777,0.2071667229064291,0.207035106049156,0.20726791165833164,0.2069448783125269,0.20672931671703432,0.20678550071107896,0.2073056608957564,0.2082841531005917,0.20903524901454085,0.2091482695780886,0.20909131197322794,0.20950361996315608,0.20953082785727423,0.20949699396420007,0.20938962801943609,0.2096448386094426,0.21057965398317685,0.21138218320897126,0.21240154681716017,0.2125836944664246,0.21296948589182807,0.21384741662644027,0.21456100844397633,0.21504064663053843,0.21484782527511198,0.2147354779806544,0.21468662243195383,0.21497694026370492,0.2148300957658944,0.21467577685099604,0.21450503626473752,0.21476046318305675,0.21477237656190695,0.21437460852022236,0.21370616404773263,0.21297977391354886
394475,35,"Cleveland, OH",msa,OH,0.18764182493719828,0.1887091643478097,0.18887017901158637,0.19026128843208753,0.18991756187171502,0.18907104230149943,0.18901651828384264,0.18976362678533887,0.19049893154424372,0.19019283724507285,0.1901405170384294,0.19005605890658073,0.1907478024010821,0.1901824594671837,0.18963369131226573,0.18850971256511148,0.1895658014008941,0.1904010879712139,0.1913485546467749,0.19084858049051864,0.1908108206827554,0.19105815051049238,0.19083886567000474,0.19002858234851563,0.1892570654449426,0.1892535992458817,0.1897943515865311,0.1903005836424171,0.19044576978459227,0.1902761130355845,0.1895497162976512,0.18933256691567554,0.18957931952226897,0.18962845327424996,0.1901101394116688,0.18940577435590053,0.18987425283849166,0.19006395797201986,0.19102252583960463,0.19058498291372594,0.1901785473451223,0.18981291115147433,0.1902445579252724,0.19064943012802335,0.1900741877386847,0.19031054782254658,0.1904454441593248,0.19101843291345852,0.19046452756142038,0.1897748910446948,0.18889391133910882,0.18913698091027117,0.18924996396078267,0.1899139357459021,0.19027362961082034,0.19072220027771886,0.19186288044262126,0.19252366886460304,0.19316832177935966,0.19425710873367355,0.1956551820949161,0.19691503921178943,0.1956804868528075,0.19479320634848676,0.19319345012257258,0.1932363461495198,0.19325384784567967,0.19443655554940137,0.19587603754104058,0.19645230037294525,0.1967108492852591,0.19495488551472348,0.19519319643964142,0.19441900976727183,0.196266398451595,0.19674823671627648,0.19834667404290826,0.1982999387321369,0.19937695861549487,0.19972301420924055,0.20237481544970395,0.2064837680417354,0.20991154304703163,0.21071934273616302,0.20895095224849733,0.20927031051372075,0.2093450187403635,0.20985656225568408,0.21003610551740945,0.21036928994753445,0.2100880699831729,0.20953823880378966,0.21038786512213675,0.2104262266365716,0.21064681257549625,0.21044097402773435,0.21107397906209352,0.21105918182589833,0.2113579992253654,0.21215506336578766,0.21243828620787675,0.21224834571392867,0.2126478470422123,0.21391021422315704,0.21420345924993753,0.21445473745799373,0.21503380720917697,0.2165920056284326,0.2171471633640692,0.21767397363534985,0.21761418834240895,0.2184413471387916,0.21901049666536973,0.2204971434471099,0.22114296085177382,0.22148263816606462,0.2213053278415925,0.22134336239201055,0.22226658513870337,0.22296974275325304,0.22375997444664558,0.22325940015723533,0.2238995101742726,0.22348688888293167,0.2235860747983471,0.22348155823779967,0.22385159557585335,0.2240727875139017,0.22486844078772505,0.22562259239928834,0.22550537618783645,0.22525343915955745,0.22515677973817846,0.2261171160377664
395059,36,"San Jose, CA",msa,CA,0.29417965452111766,0.2942019386408488,0.2949596931416118,0.29664229351674504,0.297863429943604,0.2990910418744155,0.29944176778592746,0.29979461389440404,0.2989356604138993,0.29927805975648,0.29904021270114206,0.2988754833629775,0.297509023657965,0.29729541414883515,0.296543861197823,0.29446138371276165,0.29298897407111407,0.2909369902134331,0.2894323248000379,0.286137034211435,0.28444732212048246,0.28221408868036185,0.28166529526954687,0.2804878602773465,0.2807756010231051,0.2803342532624467,0.28064074894785696,0.2797310333478471,0.27904682398744146,0.2782163649033945,0.2773597585631423,0.27689115092730476,0.2765319100189067,0.27624235048882056,0.2757368316842719,0.2749302104008219,0.274489637309228,0.27497833450797277,0.2747232793914792,0.27466082270618936,0.2730993015478875,0.27239170411297164,0.27161882503005935,0.27168373834949944,0.27094470179422964,0.26983413014249186,0.2692006255255984,0.26824070497442026,0.26745403107010346,0.2658673649634206,0.2642797136096221,0.26319130829964843,0.26314680055782846,0.2633930117964017,0.26374524134687516,0.26364477647852297,0.26434451130967856,0.2654275930760155,0.26598890283454973,0.26706777025188205,0.2676283746914989,0.26826829792160056,0.26651096449593753,0.26249998470877256,0.25791293285495437,0.252129650812103,0.246823010443692,0.24196486325060157,0.23958931351563773,0.2377868171426573,0.2370029684034029,0.23380288243740882,0.23075930460267627,0.22821546944058538,0.2288549429407924,0.23120063983283937,0.2337318181528794,0.23462536758900496,0.23548998314109945,0.23675883998583308,0.2397500823164287,0.24279067049395514,0.24460679427035878,0.2450511828776567,0.24525616634184122,0.24593263904638415,0.24663325200725247,0.24767890852748797,0.24835405223619766,0.24958657371068066,0.2500520533830858,0.250374662839803,0.2501819344643521,0.24949741054607974,0.24870903893053448,0.24741094754909615,0.2462235752560303,0.24493577442292355,0.24393502034664116,0.24223786271561576,0.24100988488146896,0.23947884658264362,0.23845255705318677,0.2374598792824942,0.23672799482648216,0.23596113550394895,0.23508103477908102,0.23485150502161567,0.23512238678536618,0.23556527245193562,0.2353588139180805,0.23495459580489583,0.23488855129636932,0.23430614535460123,0.23382693457628767,0.2326530286529187,0.23168723487496531,0.2307711040568545,0.2298650719355689,0.22846640926720788,0.22846071805765852,0.22856129507005882,0.2283433718649232,0.2284177191711967,0.22815076701296041,0.22840566606065993,0.22854990137118106,0.2291975137035022,0.22963397164844518,0.23016570006389256,0.2308191135171204,0.23157554590968646,0.23191637272427998,0.23217796587862385
394902,37,"Nashville, TN",msa,TN,0.24299953480201558,0.2423795917036493,0.243408535106116,0.24334648993123847,0.24395249166786,0.2434997951787537,0.24327873330815505,0.24270455341157807,0.2420285582534424,0.24212042557607918,0.24143894488817177,0.24142084210096573,0.24084827911409198,0.2408254026935136,0.24005946363663586,0.23924499736956364,0.23877723801404935,0.23922353596646062,0.23899113790651844,0.23921151612957195,0.23951868047430921,0.23985900058570292,0.2398392295852036,0.2394743407619163,0.2392532412362051,0.2393338349280972,0.24013346286834383,0.24082052206437285,0.24070246577545576,0.2396936156081772,0.23933556007098586,0.23949783277563647,0.2400118720424713,0.23926999317330622,0.23869450482693813,0.23786438238439986,0.23811489950399614,0.23793796193924374,0.2366825936622847,0.23565424048464786,0.23467914116466254,0.23498541586966853,0.23436599685413864,0.23403651868468778,0.23381678763260413,0.2356237906612857,0.23602632354623132,0.23581718966640708,0.2337518322104992,0.2332180408924512,0.23352166417287895,0.23379844851736933,0.2343657210300763,0.23430732065702206,0.23480536131665095,0.23498023726019995,0.23614671320137826,0.2365424845213406,0.23783037104229218,0.2384215733601178,0.23971038386396584,0.2399466104607831,0.2381215744546393,0.2356963578522113,0.23298893156454076,0.2316003167985779,0.23048783102722248,0.23054056472430298,0.2316915348695423,0.23422343783871455,0.23552567928229193,0.23413356797707938,0.23181775257583345,0.2309754265733681,0.23259496368537008,0.23573568494953084,0.23905973363729147,0.2408552547966285,0.24286178862960975,0.24576995001546614,0.2517307562032725,0.25710582885719896,0.26077350840172303,0.26159112377408517,0.26104733872652913,0.26120716946358674,0.26069800694355993,0.2606628787054416,0.2604561513427263,0.26117585335951965,0.26122025641367136,0.2602050170775055,0.2594203461811882,0.25879785658871785,0.2593642158305516,0.2582324103495027,0.25743473931287986,0.2558717576267186,0.25529542354444756,0.2537629988342579,0.2524786082975586,0.2501984171104145,0.24810668702607683,0.245941784661768,0.24499923779013547,0.2441080119605785,0.24315161109170536,0.2419300960916475,0.24139034572684334,0.24063423045818008,0.23994418151438648,0.23906589259101196,0.23867305697569458,0.23829449025293611,0.237770304197547,0.23728684176910814,0.23674147395116144,0.23621653401824236,0.23606596734592913,0.23598605163673347,0.23551585395956984,0.23539483240276704,0.23437848476741113,0.23365685774941683,0.2325293373898377,0.2320875108654928,0.23180870785503704,0.231706637114173,0.2314950167936896,0.23126781025744775,0.2305349854935573,0.22990057942876466,0.2290527471451614,0.22816090275804202
395194,38,"Virginia Beach, VA",msa,VA,0.21471028117988183,0.21431184304399076,0.2140685254963865,0.21398560291883584,0.2139802239189977,0.21372487084559552,0.2131786897259132,0.2127778369474418,0.21239576946862035,0.2121998710918445,0.2118735222081716,0.2114875599131179,0.2110688416960275,0.2107547816921805,0.2106265639767817,0.21041060320695443,0.21024586052301739,0.20996279816260802,0.20992089530740593,0.20981133183606943,0.20968367315273384,0.20941268023738005,0.20881732494975383,0.20876792757889473,0.2086069463626524,0.20899292898454802,0.20876014566513865,0.20841467201978134,0.2080560279440044,0.2080111103990843,0.2080514732975479,0.20795165220311923,0.20792488927288968,0.2075607627704545,0.20718186069377786,0.20655489784710301,0.20645700390879834,0.20660832128027798,0.20662513835835142,0.20696220101415594,0.2068233959477051,0.2067631568680046,0.2067850210098622,0.20687655229333624,0.20699375968682993,0.20746785112235358,0.20852006554931296,0.20871124180898024,0.2091302766901557,0.20877872523373506,0.20901787279531447,0.20909023449067018,0.2095650424728444,0.2099982763961099,0.21033855816715008,0.21074484397448082,0.2113268344457796,0.21187013485358844,0.21207001067111794,0.21298096137662248,0.2135145448469134,0.21421951174494763,0.21258079940828517,0.21090457314026487,0.2088860035959459,0.2088271678048632,0.2095780036268698,0.21122047081281206,0.21330444781094454,0.2156958709211107,0.21806846681193734,0.21833040353026226,0.21856339836497793,0.2189779369704559,0.2214752906942697,0.2247454530630175,0.22856564263627555,0.2313362896453475,0.23367807926472642,0.2350913053101749,0.2381911785955891,0.24079507620522544,0.24267885177040788,0.24254568276024532,0.2413647150491081,0.24092222952498535,0.2404923127082845,0.24026931022758627,0.23999531210423705,0.23909679349294563,0.238388512798983,0.23771394200459184,0.23832678452195274,0.2388585457798322,0.23912234934697724,0.23887583324331646,0.2395491450138478,0.2398940962593194,0.24084334414485237,0.24097232125277693,0.24092497267526236,0.23974902221077768,0.23905386381236768,0.23871128920329204,0.23878949244846862,0.23860482008391334,0.23827282844426756,0.23816701357002965,0.23763159346621576,0.23794327925414405,0.23833278019354448,0.2387416382654257,0.23888451472712763,0.23915247412871732,0.23993755329940775,0.24047406702663116,0.24064278446819487,0.240327291371004,0.24047794003662784,0.24014764677428904,0.24091329523971247,0.24109422457322366,0.24057617683634117,0.2403176975871196,0.2404050002693717,0.2413953126914724,0.24182563904926127,0.24228646507963178,0.24257142623908842,0.24339585345744805,0.2440399629312357,0.24511917805396338,0.2456128650171192,0.24626875279231245
395005,39,"Providence, RI",msa,RI,0.21325351976627716,0.21378436293426042,0.21481370814815023,0.21472580780269093,0.2149580850041646,0.21501919709231107,0.2142857596652166,0.21339008389257,0.21342712086792257,0.2143409781243826,0.21444383601528977,0.2136874092462872,0.2135404034925528,0.21354194153419692,0.2126639969885966,0.21221790843029198,0.212145974754601,0.21113005578484503,0.21163616493481732,0.21214204371868312,0.21527104637077982,0.21579159833788378,0.21672664492160718,0.21724982237699758,0.217914603687205,0.21821785841529562,0.21805762027629733,0.21886629821322856,0.2188588461994977,0.21821857348936452,0.21852072435060543,0.21855351451381527,0.21414517781778764,0.21362593665075968,0.21386343236931707,0.21811660259191476,0.21816061945875098,0.2178528342523419,0.21830588587048858,0.21806692532485822,0.21858049970222762,0.22002369006258413,0.22026755275137683,0.220293788722266,0.22134226176528443,0.22185213890232733,0.22282786801685414,0.22102506464300975,0.22112873079915799,0.2201398791214997,0.22036810458018516,0.2206058916539384,0.22059499641731045,0.2205449933254893,0.2206914357360617,0.22130929573173871,0.2239504279410646,0.22588084778080772,0.22689721706876032,0.2273782192898421,0.22828374559863376,0.22997307098095235,0.22962793097706252,0.22719407358675198,0.22364140226374615,0.2226037374959986,0.2230034952788418,0.22451798928160305,0.22618647084041618,0.22799761774475838,0.2299751431516629,0.23073399404225914,0.23054957050459263,0.23101268626733745,0.2327399333468426,0.2358464335168591,0.23820023105734614,0.23838479749331937,0.23879075563244367,0.23930502931105113,0.24343520838554078,0.2466693848898206,0.2495876152402378,0.2502591598031477,0.2517621043572128,0.25276145559399715,0.253175191438482,0.2528462277332886,0.25437809540224343,0.2560970120211627,0.2571066291684688,0.2568433750588863,0.2561302322563774,0.2565408580686023,0.25724555025357493,0.2586400996952911,0.2589016329334991,0.25907548921074136,0.25951277275578893,0.2605676804431881,0.2612406438832925,0.2627267782933474,0.2639918566972287,0.2659781399986999,0.2676064955455522,0.2686920519990617,0.2696949069800915,0.27153338115845005,0.27313084800095033,0.275084094032065,0.27666797319419434,0.27873509506781896,0.2790110168141491,0.27935547143270806,0.28081105886446117,0.28274183700331473,0.2835465472260377,0.2841758967174301,0.28499718221656273,0.2862498925439992,0.28768045942982046,0.287604108301183,0.28780806230545114,0.28725746512131295,0.2879374842057424,0.2885295182005871,0.28855774100010884,0.2881176555758526,0.2889844832583272,0.2900406808138757,0.2908732128925974,0.29072788209015354,0.29043986519820403,0.2910989202958285
394714,40,"Jacksonville, FL",msa,FL,0.22346263849131362,0.22342867572968955,0.22357705636694733,0.22372700002896057,0.22420340099992456,0.22423570771832158,0.2244219929691375,0.22450699949536496,0.22394030666688028,0.22360279811370345,0.22276985489482348,0.22280852714662652,0.22211939931005273,0.22188111646243766,0.22121706253483228,0.22094603501419005,0.22060450896645437,0.22052076986959943,0.21998296458736213,0.22008384431511133,0.22053498486164905,0.22135577425507366,0.22133313078916314,0.22049971574678184,0.2201857776748281,0.22055926713937316,0.22146602971852436,0.22173499208675718,0.22163511586375953,0.22146990588664442,0.22149469726381424,0.22119033126523216,0.22061940577310662,0.21987180415731017,0.21996331486527054,0.2203315185613863,0.22076798748973586,0.22051146714928668,0.22037398941726394,0.2201329410237421,0.22041974157987274,0.22044403422806919,0.22090824979594043,0.2208245594091364,0.22130115831599684,0.2217829163495982,0.2229553130304547,0.22281527605487023,0.22247811661000916,0.22193937856582538,0.2219614067433382,0.2223161894517468,0.22248673232647218,0.22295551576242345,0.22311021686384147,0.22377814164385013,0.22459471711262904,0.2254899152714321,0.22554334438581986,0.22602109163947384,0.22642621842601615,0.22706497707054266,0.22616844614771767,0.22377706763769536,0.22130980030344669,0.21995698426831745,0.22029067331066107,0.22132161150439428,0.2234999767408311,0.2260051979267383,0.22808562913157301,0.22732242863438976,0.22708604052218218,0.22652451631015494,0.22905688009826275,0.23202202765979774,0.236149913159278,0.23882610567217816,0.2413366635995612,0.2442286393339411,0.24965249780996995,0.25484932550509776,0.25900290586060054,0.2604092809869708,0.260119315635906,0.26075079726502887,0.2596865090119703,0.26008344360371904,0.2591886673987677,0.25959584994928137,0.25848122210577223,0.25723934934136006,0.2558839674857695,0.2556966600479304,0.2550689023088529,0.25415952658248203,0.252697648034776,0.2515660988963839,0.25159746707361197,0.2509956313458606,0.250502622000831,0.24902675360424473,0.24816670883044764,0.24723826866922852,0.2466280702204178,0.24507018315609996,0.244237658422119,0.24309550677720507,0.24313665344170257,0.24270842974080764,0.24255068110068959,0.2420744849313766,0.24143333301609265,0.24072528687660102,0.24030421879485273,0.23959145609363192,0.2389482901007593,0.23872526528546242,0.23892910210110535,0.23897360232818202,0.23874701874503154,0.23777293123048032,0.23671582495335639,0.2358033920899001,0.23515359407304667,0.23500332740558605,0.2346452084529904,0.23451370853077114,0.2343851704947805,0.23416273689239464,0.23332980286063343,0.23261725205476289,0.23165808224159293,0.231395221523152
394862,41,"Milwaukee, WI",msa,WI,0.21003068636890246,0.20657212506428213,0.20721139313669593,0.20697274331344576,0.20788610101632246,0.2080536646374578,0.20825815923658791,0.20783003767739694,0.20775433854928393,0.20797684283823467,0.2057880867487219,0.20337009715354154,0.20225463610384573,0.20413273647856775,0.2038482225479015,0.20370778325845104,0.20318242964958702,0.20417025436623884,0.2035360411647271,0.2032242545671541,0.20351230550006433,0.20434682255699793,0.20482910509300434,0.20545632336375827,0.2053493152221809,0.2044317888231149,0.20385321769138998,0.20394388373655237,0.2046180748970648,0.20384200075633296,0.20355406949735658,0.2029004520465086,0.20279611316264692,0.20197234299645633,0.2021049413216585,0.20213219508788358,0.2024023356459288,0.2016280386575649,0.20132648286491564,0.20102604191775642,0.20092758055740703,0.20044036452941813,0.20007666028188473,0.1999355391936593,0.1992503171015331,0.19983957738964037,0.19955534213380388,0.19934121811751543,0.19899828316501655,0.19933306084983735,0.1997649061626109,0.1999586957561616,0.1997662143160161,0.20014479593977955,0.20049453503583803,0.20085946831477983,0.2017130244838989,0.20189152120183768,0.20239089999124193,0.20258783750119336,0.20282418123370907,0.2028647435297509,0.20120618040327687,0.19910560799902263,0.1968306525536672,0.19666341024668668,0.19745720985345006,0.19812797029000875,0.19896946602429677,0.19990702811396197,0.20063751819119838,0.19983887812481183,0.19914894522686782,0.19883589878889385,0.19996571541049496,0.2011999448221781,0.20252359840360842,0.20298294476149217,0.20235303324842965,0.20260760365286354,0.20501598920722594,0.20820266924892428,0.21043869490803108,0.21000631256184518,0.20920088471530524,0.20830297141802281,0.20816600500459456,0.20787024517563787,0.20805887039174542,0.20823708088133555,0.20857508058164942,0.2089702262683175,0.2092295564921113,0.20950824779775434,0.20952237288277853,0.2099152671413778,0.21026940887823817,0.21107402757635377,0.2115758946939162,0.21220470728241111,0.2122217244723444,0.21206987409107497,0.21263479625039633,0.21281770113793474,0.2132483512614755,0.2127852438368192,0.21307665119789795,0.21354413039920953,0.21374230401751898,0.2131066835210491,0.2131018580705207,0.21342022627325882,0.21416412870383295,0.2147731174265042,0.2150424293924973,0.2154938781601228,0.21530190063108545,0.21552082874815115,0.21559367738936513,0.21635196260220482,0.21686889110107255,0.2176556501140342,0.2177532730393262,0.2174996102097018,0.217116403634119,0.21710848397769478,0.21702338235777158,0.21694694404801448,0.2174954953856949,0.21814308243367975,0.21854481220518676,0.21810291728547815,0.21781385928060332,0.2176098884439879
394935,42,"Oklahoma City, OK",msa,OK,0.20559524962733178,0.20490555576947964,0.20549002634967733,0.20607082822948186,0.2070794912796647,0.20729796639621037,0.20803356188250152,0.2085605153169198,0.20771095419937474,0.20646028279449813,0.20596397381444956,0.20630734725156982,0.20645633082605996,0.20592573257735539,0.2045385838260681,0.20378010428257487,0.20288199920487063,0.20362473473955314,0.20316387448792317,0.20323596398424684,0.20289805740179379,0.20326391170536315,0.20256557054958038,0.20215372037165227,0.20147146422958245,0.20169813613086987,0.20099495313487772,0.200636812992476,0.20017452372678274,0.19943083019311572,0.19893901662739677,0.19818560710660202,0.19839794159821283,0.19793937202604173,0.19781979034668387,0.19727353916246043,0.1973687587387265,0.19726655219853698,0.19751719181085847,0.19724522580432663,0.19699005259248756,0.19673105323503773,0.19690419565941336,0.19730731537764218,0.1980097176660883,0.19859682531094183,0.19906866278647553,0.19903870205420704,0.19836059126341327,0.19811620833896604,0.19833021017395747,0.19871982009260514,0.19916698201322264,0.1994644853050204,0.19953161498824099,0.1996041582444607,0.20000143075074714,0.20082568004249152,0.2016536585891978,0.20232472172644325,0.20311956004059117,0.20328609995705607,0.20235942016420977,0.19969289613555866,0.19808088288346687,0.1977014615089096,0.19834629899999384,0.1991379371757578,0.20113863121297657,0.20366307343171663,0.20567714280123373,0.20610160693026247,0.20542112799819784,0.20549174036783313,0.2063249426587857,0.20874026338222737,0.21082967209274617,0.2121158815382365,0.21289104368826223,0.2141773731250698,0.21781071314800649,0.22123196488601088,0.22394557614266253,0.2238054341061882,0.22351862990483756,0.22333745297944774,0.2233501317203403,0.22316641539717255,0.22284748140938898,0.2223011086869463,0.22132430584008447,0.21998173734603818,0.21903122665143673,0.2181679439070934,0.21783006197317586,0.21727058187976217,0.216784223082496,0.21626333870023465,0.21655036773527828,0.21699313455664224,0.21704131946965444,0.21659933184764632,0.21613593050044114,0.2162095132124314,0.21655865563253068,0.21682726052637802,0.2168804199856529,0.21649442630896176,0.2160362134806674,0.2156304848787205,0.21491568110237866,0.2140919377087519,0.2135866595573816,0.21361957472662257,0.2135340360154887,0.2131727368825049,0.21284135600605697,0.21286440024314912,0.2125205223267606,0.21261325515073576,0.21280898154020375,0.21287138442004072,0.21280317685023836,0.21266220459778695,0.21248280068111322,0.21223558923190958,0.21216145779324977,0.2120980086927772,0.21208802104898825,0.2118544380600468,0.21182182268271935,0.21142070242349606,0.21107349423112623,0.21080148387260098
395012,43,"Raleigh, NC",msa,NC,0.19404901315043058,0.1935824460708726,0.1937779337086549,0.19356209624092713,0.19416260179783984,0.19391636953163682,0.19369367548371555,0.19321939723365109,0.19294267259789116,0.19281273304789354,0.19271733052463833,0.19266575193097382,0.19210549251957199,0.19118077326080773,0.190694251807306,0.19052064645249964,0.19033446876615787,0.19025018728580553,0.18990404233530356,0.1899765269768643,0.19008827765262448,0.1902681293227387,0.19007938186220769,0.18933271316928083,0.18877485706947086,0.1889974232333479,0.18903831475532168,0.18931305433950835,0.18899997475305438,0.18897467936501533,0.18887035676301958,0.18848020474516342,0.1887534256803253,0.18872976847963388,0.1886575275382032,0.18842357406653454,0.18853802925908383,0.18952838849980716,0.18962951316654167,0.18940331167442312,0.18906528041904508,0.18868924388076225,0.18863442973172345,0.18865764462867904,0.18876743821337563,0.18869742687828592,0.18869394542842272,0.18826013858415686,0.18791852006807255,0.1873528357259993,0.18691025223278304,0.18650798048748127,0.18655325451355664,0.18695485703263853,0.18730683082785524,0.18771335278596607,0.18802641409453344,0.1886682684911012,0.1893818308778538,0.19062978354186547,0.1916597315726988,0.1920888358786372,0.18989228568465671,0.1866959211393162,0.18368836809666392,0.18239052722787144,0.18185714623445592,0.18214470112105743,0.18327160850643792,0.1849742480036881,0.18649955991792164,0.1859393128249758,0.1850952215888131,0.18463492045104418,0.18594691694991156,0.1881851280715037,0.19112968177428508,0.1931601292427908,0.1949736109705287,0.19686696651033694,0.2007037514133669,0.20472751869020767,0.2080946117375604,0.20880340805540276,0.2086573596713822,0.2084450259941846,0.2088327863289436,0.2095178885662656,0.2100103940425604,0.21054946263404373,0.21036349491686832,0.2100259305205819,0.20996708092196548,0.20960592034889033,0.2088550154822818,0.20768804958892084,0.20682106807293002,0.20648002925448963,0.20631856955763825,0.20580911411633065,0.20489944604837926,0.20327206065104997,0.202344661502921,0.20121507154364343,0.2007692231166148,0.19979045669048565,0.19895840682154248,0.19814896748027758,0.19718101616460335,0.1966107651590558,0.19534192250835986,0.19448694899148014,0.19343840342938431,0.1930894744147238,0.1922709513467731,0.19149427840852376,0.19071073273918474,0.19050558376106821,0.19039412835119804,0.19061221739103076,0.19035358625300744,0.18988179831695431,0.1893673041144408,0.1885214841867577,0.18799871061640536,0.18746391509214674,0.18710171428579483,0.18683956611221658,0.18664601542959466,0.18633058023667953,0.1858725057995317,0.1849909386425407,0.18436528693816268,0.18362560071392747
394849,44,"Memphis, TN",msa,TN,0.2223025843671742,0.22246679608312672,0.22264189979644608,0.22199589611778628,0.22125538689566815,0.22069538874220918,0.22010966128861578,0.2200041128662368,0.21938935861076642,0.2187237004431238,0.21811450410356079,0.2176550709620385,0.21723614198136473,0.21678154094023663,0.2166067242416921,0.21615320629073836,0.2155895464836467,0.21559977454587645,0.2154793740074373,0.21540552629306614,0.21572513979116126,0.21641503273546367,0.2168791879688606,0.2169819615219406,0.21687978593134413,0.2169267719089858,0.21707473790192167,0.21733563728490307,0.2179747247238071,0.2176903020720243,0.21800248803730163,0.2180878316371585,0.2186346798806995,0.2185784482673375,0.2186569427951971,0.21821519264127529,0.21792416829553796,0.21767309895856518,0.21758029945209348,0.21741990868529162,0.21717631958246175,0.2177609561935484,0.21765204682144101,0.2182435471971125,0.21845541180150854,0.21975091706185115,0.22029200886204045,0.22067333992786,0.22016242278559414,0.22026975903627222,0.22071236574356784,0.2213221767501214,0.22188966712016764,0.22216845718448314,0.22276663988753911,0.22308328095704877,0.2241823981302619,0.22484554145786728,0.22599209363686804,0.22680610733015993,0.22819261439334082,0.22890940029367854,0.22918563704600736,0.22771983403261664,0.22660617006259515,0.22698587049225677,0.22863444128026897,0.2303200419662744,0.23303826997642135,0.23623073485032042,0.23945899586244618,0.23884198361986567,0.23776225557174965,0.23699205201342852,0.23880386212173568,0.24160365833628955,0.24470515474345325,0.24524390441812574,0.24469282948075521,0.24545010935523356,0.24975678627081654,0.25461797488229737,0.2567326112476408,0.25607924385677966,0.25368215561398977,0.25284479696844003,0.25148781649952945,0.2506004911258402,0.24953254189548388,0.24961505839290363,0.24953234038939484,0.2484472593141997,0.24883254456536177,0.2490659240467861,0.25107869420213774,0.25042975774666404,0.25042559766018374,0.2493257093864594,0.24974007173695814,0.24996800488686072,0.2496306615186223,0.248560849526116,0.2475068113228157,0.24675907419979182,0.245187046095852,0.24389942177931143,0.24283468571126512,0.24406520553768418,0.24521059890288618,0.24578526149878335,0.24482222677861268,0.24349824437951192,0.24326376378882283,0.2430414453861175,0.2435041274354441,0.24334984277504632,0.24380742654074014,0.24400540052637373,0.24411244451169087,0.24317627378245907,0.242389273449634,0.2424892364626178,0.24235444605464113,0.24234059415799605,0.24180087237677983,0.24172955439874158,0.24118124646082728,0.24106389288449848,0.2409007463236944,0.2408084683109755,0.24029898556846493,0.23964265397879134,0.23870842229307226,0.23750364464645093
395022,45,"Richmond, VA",msa,VA,0.18355663329329694,0.18404556714170178,0.1837003874154634,0.18358850679815125,0.18274101740303653,0.1827349210546832,0.18279124963094134,0.18360285042392094,0.1838844243398977,0.1845041123784523,0.18389610566925477,0.18406014609183802,0.18338939771638677,0.1831153342569726,0.1831903195837504,0.18382152041232402,0.1839204869868051,0.18409459424544256,0.1840215135396948,0.1841679231751675,0.1840648667722921,0.18428264148614742,0.1840755307980166,0.18425866342690272,0.18401696015966545,0.18416682637940127,0.1844112237846035,0.18449780962537782,0.1853999709607469,0.1855037893455365,0.1866282963222788,0.1867388468088496,0.187235055980457,0.1872613327726656,0.18788916037287515,0.18847353066187844,0.1890988522130836,0.1899164110677391,0.18985589817396079,0.19025678672146457,0.19048226035297522,0.1913964770806804,0.19126410867915658,0.19101403760119862,0.19077257434322306,0.1908634962146716,0.19187593567256706,0.19120993234689493,0.19144411390140226,0.1905726522011736,0.19085893067670417,0.19073162325492182,0.1905072355117469,0.19028392454739984,0.19043454508340593,0.19112345347393123,0.19198433844119,0.1927869827921424,0.19270430616020692,0.19372417042320714,0.19411533982291723,0.1949943543804948,0.19449332942310704,0.1928401531086636,0.1917744350396196,0.19125766929356994,0.1922005401065479,0.19256098467645705,0.19412184480152347,0.19550552738366078,0.19658955983653703,0.19549622553413995,0.19438680980676123,0.19371427606164415,0.19539585401579185,0.19726191139857155,0.19943654149361184,0.2004661438890401,0.20117157043146497,0.20203094017757617,0.20451565609164815,0.20772883456217034,0.21068380384701246,0.21242117243435102,0.21276727283985333,0.21325486113917438,0.2131877888569187,0.21391899468067532,0.21448493356129464,0.21527109488467447,0.21616619153400257,0.21628790639803375,0.21658212820887918,0.21624522413557454,0.21601762532471944,0.21531437950448004,0.21478173049691396,0.21432749769148043,0.21433532626860252,0.21409479122593408,0.21386714950406197,0.21362911305729657,0.21285273954633877,0.21319111621124737,0.2142665955923638,0.21549360188189293,0.21615774213456626,0.21625323192330714,0.2177397634430727,0.21917284137772153,0.2203580790977489,0.2215048393468603,0.2223422772977278,0.22368762760027416,0.22443694952110835,0.22564212056979724,0.225732538769879,0.22603858020412654,0.2268741483640961,0.22773902762294887,0.22741021972268974,0.2270957579907931,0.2269812052764635,0.2267777117842716,0.22685602833436586,0.22676058285337677,0.22740029941185852,0.22724111505795536,0.2274063661298142,0.22740512144333386,0.2272437360249136,0.2274139304886795,0.22777454152258525,0.2281294399732742
394807,46,"Louisville, KY",msa,KY,0.18576791636810952,0.1876709811302496,0.188776206023775,0.18916513517990113,0.1875200944997431,0.18715086922492866,0.18633258711740938,0.1866726412159457,0.18597774356018165,0.18548066653673903,0.18548668863667395,0.18609344271878284,0.18584779691199396,0.1851479028315167,0.18477923352556855,0.18529374483953434,0.18590342770978183,0.1868232912701562,0.18750016536682806,0.18816740542223886,0.18811052905798029,0.18823769802000087,0.18808521858599897,0.18838130449855808,0.18881503367456504,0.1892792476620938,0.19000517863668515,0.19005805156752395,0.19074275648490835,0.19057530134929843,0.19072152033160117,0.19017489210151303,0.1905376662501599,0.18998009314449932,0.19031465231139652,0.1901905057398178,0.19105216554516874,0.19065523206332965,0.1904297524000388,0.19003836709089084,0.18981847607957472,0.18923420865013035,0.18912289915008318,0.18922593104023805,0.18949443086761758,0.18950307948211337,0.18962395134557528,0.1894237608401163,0.1888032568475851,0.1879472867623151,0.18748040878846506,0.18723757216946355,0.18668876373085325,0.18714549683531126,0.18723468171633215,0.18753992875320966,0.18814810583308433,0.189436871773172,0.19023728723661112,0.1912372631088776,0.19206294059734796,0.19327129532237428,0.19241978081938685,0.19009130809483618,0.1877061160939058,0.18814088841164045,0.18862234663622685,0.18936487132374846,0.1901357730286741,0.19122155280338526,0.19184779226136164,0.1917509568906904,0.1904307462908729,0.18984383549794387,0.18987482910471765,0.1914767828775156,0.19280506020111698,0.19217361383753181,0.19193912103338376,0.19244725006582863,0.1963226421362061,0.19982945329268095,0.203252655516009,0.2036722440706647,0.2043039930659631,0.2046528576783552,0.20582827182611896,0.20662769858419178,0.20726188040891466,0.2080015498111918,0.20893371242291486,0.20973165510420122,0.20998256006748095,0.2100207034499426,0.21015199757764177,0.2099961657622809,0.21003501269574013,0.2096219444589271,0.20965394800454848,0.20878698578041108,0.2088199425743268,0.20826983590836043,0.20781893115221428,0.20700614612006327,0.20733318950267424,0.20781862104067478,0.20901443278237103,0.2092631209399771,0.2100028458263187,0.21061294805807496,0.21105029816460613,0.2114024348557556,0.21122153354601167,0.21164510345728263,0.2114133500629679,0.21114094061164806,0.21121026263069917,0.21197506425040571,0.2120195873031589,0.21272807273438327,0.21182290797023823,0.21203275413700934,0.21138753901907464,0.2111221377294249,0.21085531275578678,0.21062816963889655,0.210769919721639,0.2111175314088601,0.21118376257146962,0.21071919177451548,0.21033807310945346,0.20973570816418335,0.20978770639004538,0.2091325539717495
394910,47,"New Orleans, LA",msa,LA,0.297754161648432,0.29979122905439576,0.301392857771318,0.3059699479372168,0.305824190575858,0.30725282936558174,0.3079971979242269,0.3074013948205553,0.30747350743416924,0.3055845492279379,0.30623530767262946,0.30351730492482315,0.30707904968405575,0.3059656150004548,0.30773597590039425,0.3034935344104184,0.30325499316297105,0.30227971518937236,0.3014991819810758,0.3016778384474272,0.301905962497806,0.30383966712036825,0.30384316152543955,0.3053475955341622,0.304362777898164,0.30499831577682535,0.3034161910580421,0.30436075230873905,0.30473891564666816,0.30505689602123026,0.3050786011644244,0.3053562870909828,0.30568325487287246,0.305273401916103,0.304714677433441,0.3046433771097414,0.30372691355392545,0.30227821989968384,0.3019823839677428,0.3020494189723991,0.3017069495626477,0.30038573165319443,0.29907484524626715,0.2971589717537031,0.2950825757295084,0.29326275861820966,0.2920161521660899,0.29055787321305726,0.28940102931434447,0.2893828841457008,0.2883929032435391,0.28694376902739893,0.28557302820480357,0.28550448429988634,0.28564452790109435,0.28607920386041524,0.28733102696444657,0.2886070839059701,0.2898745619141327,0.2911975305777013,0.29301529241483426,0.2934353108479668,0.2910543606116567,0.2866032007794707,0.2830923756838052,0.2818411326121124,0.2821276878086326,0.2820864690585331,0.2840092600607841,0.28596333409053604,0.2877785507168947,0.2869243806263539,0.2865636864558422,0.2858115990491356,0.2882073267079135,0.2904700978954618,0.2934741826804888,0.29242620979770445,0.29115491881629774,0.2911837634419978,0.29747203777053416,0.3046755129034684,0.3111528190135671,0.3139319744237111,0.3157465873823561,0.31755651842501137,0.3178794756662482,0.31937549848800895,0.3192181722994663,0.3194519360291921,0.31852635016012076,0.3173878572737342,0.31562697028568154,0.3133819574463862,0.3116054136877012,0.3095534733555872,0.3077068685293786,0.3067944419333808,0.306264343338421,0.30579852571690663,0.3054771271749856,0.30446060031465794,0.30368544219552246,0.30309315220097494,0.302506631668007,0.3024469254521133,0.30126320770624787,0.30080353752068784,0.29974870432263906,0.2984820244472413,0.2971290913449087,0.2960921538385856,0.29591401993391425,0.2960279434525192,0.29610971967405425,0.2963429093773349,0.29748244251535566,0.29791620045994605,0.29866664828004374,0.2977731053411981,0.2973752009081198,0.2971560769780597,0.2968386875394782,0.2958902057611325,0.2945205933977209,0.2935415589287243,0.2926907644586029,0.29166392667796426,0.2905426478886023,0.2897993079152649,0.28912992911241436,0.28902820938504786,0.2885846564527652,0.28788798957689826
395053,48,"Salt Lake City, UT",msa,UT,0.17525999417882762,0.1750152958928526,0.17568041985515062,0.17654558020179464,0.17689873307185447,0.17646446192677612,0.1758776215207105,0.17490584686891752,0.17473568400955541,0.17492949209167027,0.1765069855416477,0.1774250205127013,0.1781817726971865,0.17726617213613044,0.17717712491537704,0.17665851429946774,0.176512607081447,0.17630712199485282,0.17637327764503077,0.17781438933143387,0.1781314404330117,0.178354058139019,0.17829946661995755,0.17786125422401358,0.1777657240758143,0.17849984180573386,0.17933979411539944,0.18007326619834038,0.18071353160043516,0.18134722387537974,0.1815677814914426,0.18144433061685925,0.18167630458007863,0.1822928283708509,0.1810396617050256,0.18034231796678218,0.17989899236249132,0.18079826325544002,0.1809779139990816,0.18081747857054156,0.18011599491593688,0.1799918380651624,0.17958264717665237,0.18016730272118206,0.1811572135332734,0.18219723832548393,0.18300201917332037,0.18324700350600792,0.18321355619602647,0.18294207118998632,0.18274467555455057,0.18292214278908342,0.18348251867374127,0.18364496860858845,0.18414725578733207,0.1838984679044428,0.18431114375903873,0.18461967353237083,0.185864356632619,0.18667936271529553,0.1873632849387692,0.18722494413510965,0.18613860976607044,0.18339579392665922,0.18164944936002622,0.1811792566592771,0.18190675903791814,0.18255775068209582,0.18334009095585183,0.18470514955089468,0.18575059012371273,0.18513437625409848,0.18467275568465627,0.1856500920083755,0.18740251433098437,0.18997345093464577,0.19222905553924607,0.19417323356872168,0.19572529445935377,0.19736943364794257,0.20102835118430132,0.2047822501980936,0.20806560522317247,0.20935408420827747,0.20978804095193476,0.2097800577733036,0.21034549286919138,0.21084501592392724,0.2110156791317966,0.21074507792053385,0.21017102362305135,0.2096846080867568,0.20894127251016223,0.20814777722932862,0.20746265481130827,0.20672630435267242,0.2051981654149704,0.2037695799701614,0.2019509642115805,0.200713113722808,0.19956176096719824,0.19862632299179325,0.19741147382515148,0.19627916834395687,0.19515063295958515,0.1949407522934,0.19429135834879147,0.19375831154737455,0.1934155029280599,0.19317988514014597,0.19243730585205565,0.1914535283262939,0.19079466684545787,0.19063127494296378,0.19058510839450088,0.1902636967782157,0.19052051399972766,0.18956627578632232,0.18871307628914438,0.18798356275246808,0.18835154580560673,0.1881242261154067,0.18793381820131083,0.18752634796272855,0.18691296231658144,0.18622868870123377,0.1856438522000231,0.18516098142381077,0.18442180746395795,0.18414969655718824,0.18392127008350675,0.18345344974843683,0.1821417451225141,0.18117941190662704
394669,49,"Hartford, CT",msa,CT,0.18804430189018115,0.18772814146813357,0.1884913632721646,0.18979167366822186,0.19005089774495657,0.18881947767952462,0.18846577475996032,0.18901788195278846,0.19034298018626392,0.1911359886091423,0.19110220941266912,0.1913595362766158,0.1910975791143499,0.19153737346299476,0.190634473376964,0.19023180475128876,0.19017871899186403,0.1905827912958871,0.1908777338453599,0.19116789091351055,0.19091603453330203,0.19033338887884405,0.1909479811582372,0.19098648533494614,0.19154514573848244,0.19107564710989267,0.19102302398516033,0.19156169363175313,0.19151408404296982,0.19127269169174577,0.19110153021396636,0.19061085928708899,0.19039150278675968,0.190273607198551,0.19053028593619545,0.19078452900129747,0.19128865923473695,0.19147885449489016,0.19249414533462106,0.19223016782557073,0.19244560835910074,0.19234838268737658,0.19188981029377244,0.1921445714582304,0.1919791167241769,0.19308724898001314,0.1931405109070383,0.19290155022675118,0.19202586629458437,0.1920825000979893,0.19180669126339814,0.19213407926873788,0.19236279411391202,0.19284694090095225,0.1935845116060608,0.19391669074022344,0.1945873439516654,0.19434149721702623,0.1945802959506432,0.19545041029311336,0.19667070035927145,0.19739240159093202,0.19647062225831197,0.19529832916577342,0.1940680040057094,0.19346080297657203,0.19342375970928594,0.1946510051942132,0.19637361113305538,0.1987199366396973,0.1994806263521804,0.19966890406674978,0.19905019466240698,0.19972256270618147,0.20040772342892732,0.20211479743041025,0.20396134602414132,0.20561401153750705,0.2069919515477494,0.20770203085585306,0.2097676076060267,0.21060901986834166,0.21341734146565577,0.21392507729574534,0.21452137788997167,0.2134489107575185,0.21322530823837926,0.2129377279656136,0.21287701751801133,0.212086551234082,0.2119736225034023,0.21208393640282594,0.21280798119767327,0.21397304519816512,0.21398312617197235,0.21391411132769542,0.21379821139420263,0.21507588855106965,0.21642718542498646,0.21748433226598904,0.2182773107126026,0.21916509183226154,0.21945163626527914,0.21974574011936343,0.22022168888473753,0.22086531122251776,0.22069970118757312,0.22048342802525706,0.220795365054558,0.2215425237273459,0.22262460853653623,0.22339004659203787,0.22383575356629454,0.2247154116113751,0.22472434457998555,0.22547853347529195,0.22607333289391895,0.2268069409914029,0.22737408402680676,0.22890392442889648,0.2293583540563516,0.22980568379181163,0.22896089597439348,0.22837373808436168,0.22811508347266285,0.2278679370502343,0.22843515278610152,0.22839427126204162,0.22863896458923902,0.2286212085577832,0.2291501458315509,0.22873528755994887,0.228562844792261,0.22789651817507248
394425,50,"Buffalo, NY",msa,NY,0.1820806651222774,0.18350442943465226,0.18516507020670622,0.18553514178985944,0.18568019740489433,0.1849321360988211,0.18525974901987674,0.18691944044524708,0.18764943030278006,0.18722026693965793,0.18614146927988837,0.1854844656229591,0.18434826104268495,0.1830175863597366,0.18253596618335305,0.18455413755603453,0.18575425546641816,0.18636315836943945,0.1837967602731987,0.18317286228185664,0.1841179507154739,0.1860012519008243,0.18633143173713443,0.18602087039004106,0.18662569997428916,0.18802990465848687,0.18847021484805587,0.1873376045109345,0.18712084033547635,0.18753351190912973,0.1891733351118557,0.18900344868079105,0.18729857939286274,0.1866803898245086,0.18683389045773172,0.1877835179801979,0.1873303097616972,0.18681027050857102,0.1864295604730205,0.1862229881572846,0.18519337127937704,0.185810994666112,0.18618373854651493,0.18740053974922743,0.18770814791353987,0.18751746108175676,0.1884470643215178,0.18884912649094726,0.1901023098572306,0.18912487368270078,0.1895722393592631,0.19009696234608045,0.1910868902854216,0.19100367659688197,0.19117694139722777,0.19111617431008646,0.19209275499049672,0.19277440856714517,0.19265053927440373,0.19323259956622538,0.19378407549401053,0.19564320283020595,0.1950586804506145,0.19491404786370253,0.19314360808387807,0.19318945474775562,0.19246945091257478,0.19247613452904966,0.19348798587027052,0.19524246769920217,0.19583540134626612,0.19486174127309894,0.19446939330715157,0.19503288141754638,0.19692421920827252,0.19872816274399127,0.2007006918179108,0.20097430481264403,0.20053536940921768,0.20084861758045564,0.20339378714722456,0.2054238837155189,0.20733596680346109,0.20758434092381486,0.20757854514116394,0.20760237991843364,0.20746005062171158,0.20730831773527217,0.20718980519853836,0.2074376718389438,0.20823861397393736,0.2085396801723377,0.20872483916168355,0.20866575123406272,0.20935060909714787,0.20977960410618635,0.21087075793446672,0.21038171121170962,0.2105223656993667,0.20980183536584404,0.21024970044118896,0.21051736982965552,0.21137421270056514,0.211628236977547,0.2115845903122013,0.21206759899285318,0.21225362302750025,0.21284306426185495,0.2128925191400233,0.2140395119969131,0.21537046823946565,0.21568130493429982,0.21589357366641437,0.21539173198493494,0.2152612497764815,0.21518828987095956,0.2160603435337558,0.21658074946066866,0.21714188522252711,0.21706682486649387,0.21675381269422692,0.21630786485086095,0.215544083391405,0.21583642058907868,0.21562785653529326,0.21615230044549644,0.21602169407143665,0.21619235508271178,0.21592939545082077,0.215745944171005,0.2155039304764391,0.21560620703693814,0.2160969396119806,0.21646126968278723
394388,51,"Birmingham, AL",msa,AL,0.2183216079640763,0.2184241046568247,0.21920846390756724,0.21962843696855766,0.21910062226020108,0.21844574195677405,0.21829834172321724,0.21778825213204145,0.2174985605968598,0.21686601004115758,0.21650986730753943,0.2163328654582442,0.2160743207128242,0.21580314823788505,0.2146584595753879,0.21390872390891946,0.21376126493009312,0.2140903155453104,0.2138145030465361,0.21353717365577102,0.2128473988367314,0.21267225911860052,0.2124354764006862,0.21254692784943713,0.21210292632438724,0.21182891318316727,0.21198574719858315,0.21185696853593347,0.2114597462067731,0.21083936592263686,0.21104658403129353,0.21097992374203434,0.2122222818326044,0.21181316977901507,0.2124455057006584,0.21148359879334055,0.21155536737900954,0.21145044557756507,0.21225927107929124,0.21307598705036593,0.2137271811770288,0.21373212231093475,0.21315124554007225,0.21283267688262023,0.21182384240374413,0.2122407056388302,0.21176479057327247,0.2121075538552864,0.2109119145311443,0.21061448587133733,0.209413318195301,0.2082151875686837,0.20731011809740835,0.2075617127738814,0.2080734852570491,0.208622264928547,0.20977245443827913,0.21064177892420355,0.21165576968391403,0.2124600935840252,0.21399870029722232,0.21458620747348903,0.21485732168299268,0.2132316916505172,0.210978995381209,0.2095662701896417,0.21029979954243305,0.21137062838923895,0.2132154848060751,0.21463975611979924,0.2161893069743582,0.21505724525057088,0.21371269304009635,0.21232196186392988,0.21224911394561913,0.21328474128360714,0.21566744543625255,0.21679118343063436,0.21696375643364976,0.2172669350942015,0.22074747830535202,0.2247390311429659,0.22753484434932236,0.22886308648635853,0.22874444178624265,0.22880201448198736,0.22803975704514934,0.22772435219019224,0.22744080251372825,0.2270254374541847,0.22674790266387532,0.22637134291499933,0.22542295363949197,0.22440991325776433,0.2242230361048844,0.22294123090585863,0.22205570598212973,0.22135804967391645,0.22241850834310167,0.22324026459752766,0.223316573548458,0.22288381573517227,0.22236360057180624,0.22165845586044922,0.22117885829557138,0.22054118667492892,0.22028591206503728,0.21971639379581367,0.2194847922273459,0.21908919140888994,0.21825615619633962,0.21712047572038293,0.21603487172491778,0.21563857950863,0.21531253799777306,0.21485380392738587,0.21533576733517976,0.21591013694795316,0.215707501863791,0.21513982307816845,0.21469634474796964,0.21496462694529717,0.2145068871647847,0.21415582362604954,0.21406635032795998,0.21393531054101284,0.21378983896961165,0.2137870411647784,0.21318074770846906,0.21254945433865774,0.2121222311007212,0.21210433812446672,0.2120075195590369,0.21138653179702824
395031,52,"Rochester, NY",msa,NY,0.19388966449653222,0.19258813602380395,0.19369130736212878,0.19447663354893455,0.19497661464653634,0.19504856098777787,0.19417843092652814,0.19396237090622845,0.19298477877908732,0.19390195281659992,0.19447637598245057,0.1944650937956436,0.19330982875970393,0.19344132955787585,0.19429507511973998,0.19370755129424033,0.19377956001793822,0.19305375486793247,0.19278685097641352,0.1928443694095117,0.19348905261206287,0.19437144834879472,0.19492649691925193,0.19443718997621892,0.19425263311939528,0.19458504227106066,0.19430163959508495,0.1943340012561071,0.19265808483622107,0.1924593553045251,0.19268348537077926,0.193159275453831,0.19267740240245518,0.19126960500127307,0.1909630812414652,0.19102446710049323,0.19211234046481473,0.1919396244238417,0.19202351054386554,0.19153298370374106,0.19184243186207237,0.19182959995772592,0.1921248438994893,0.192648904481725,0.19337746441356926,0.19389243945636975,0.19298498970965758,0.19350558894397585,0.1930781304895566,0.19400043003550999,0.19401540706382547,0.1945272590023775,0.1951882790412172,0.1959494121244631,0.19628242652159902,0.19618752875195372,0.19619900109740604,0.19670939494769715,0.1979695601385684,0.1987447750621369,0.19983177959979054,0.20003742600371943,0.19938295892940738,0.1966724167542724,0.19457338775677485,0.19371542219759974,0.1940487485418532,0.19460829534771729,0.19734591858826256,0.1998233035360662,0.2025937172330981,0.20322413864301264,0.2023518892679149,0.201782960457908,0.20284107461473588,0.20581532682473516,0.2081663459168743,0.20784721144837315,0.20756897628566287,0.20843702361507838,0.2097480958470112,0.2118806435592132,0.2125536461391375,0.21237606052665647,0.21187187089311513,0.21272673749443896,0.2141929269094949,0.2146387607100166,0.21525880836494596,0.21620224081831377,0.21669912362271124,0.21567341141865234,0.2153738152081881,0.2148215660977531,0.2149498632090666,0.21506492081888876,0.21653257640873147,0.21639798308543404,0.2164454674757513,0.21694491650316935,0.21786775568902028,0.21849775590440706,0.2184032642648218,0.2189164031341714,0.21945022432855968,0.21968344484580282,0.2200922460999028,0.22036550461926313,0.2197482815432437,0.2202647154530943,0.21952792014369832,0.22021940173135932,0.21940898822753058,0.2192894222304591,0.21900862327658036,0.21861538955302345,0.21864187278503175,0.2191391565524534,0.219983655974,0.2204049846034128,0.22138513087032136,0.22208590135302908,0.22278715056107018,0.2221781497702056,0.222476814319258,0.2225419933026906,0.22314522496701342,0.22376099223815263,0.224069348609431,0.22414225416858677,0.22369391524489324,0.22358254869508423,0.22321241613830392,0.2227215838168053
394640,53,"Grand Rapids, MI",msa,MI,0.18173047926595376,0.18213635075843704,0.18257137762519193,0.18339879983797291,0.18429283527617452,0.18553305564396802,0.1862654697627174,0.1875676686944371,0.18751317782405486,0.18819744697126523,0.18800172137910123,0.18899961628494905,0.18904589591100365,0.1889620008220981,0.18983988195178136,0.19033302929883966,0.19206122081267502,0.19292947012310535,0.19391999796925138,0.19382286639629442,0.19418022937063797,0.19373457210077635,0.19505318839453747,0.19587173337731714,0.19644098239307303,0.19718100499829302,0.19663461670931393,0.1973284249093055,0.19700188976824765,0.19761077207060987,0.19753122199089865,0.19697742673606705,0.19715194834514624,0.19855379392428354,0.198405297535783,0.19780073091319053,0.19736098969799418,0.19825255555569749,0.19961120227926182,0.20014181147881568,0.19985995516949412,0.1994372839569189,0.1993175105067733,0.20052886333120273,0.20117036303938765,0.2016493949713643,0.2019601943020734,0.20316510433849913,0.20334611616525075,0.20289328509182422,0.20243724856395148,0.20201117001152322,0.20250691834707207,0.20327197422675164,0.2041805068327239,0.20454481092223514,0.20548019893947686,0.20612992927271426,0.20731554986827738,0.20820561287803255,0.2098959576894775,0.2108267120005676,0.20981211233481717,0.20562871546180722,0.20215239853467412,0.20124479838057005,0.20084992019852865,0.19981647254930845,0.1998784419084226,0.20206470044147568,0.20391912343731075,0.20419594615866846,0.20238651264861643,0.2023782546733142,0.2046005224435083,0.2068694054381454,0.20887604477112298,0.20878280529317922,0.20985366923572302,0.211268370271163,0.2150202163008586,0.2159054465598467,0.21880954514737194,0.22015201015135036,0.22214526012395047,0.22196426800075697,0.22035007616726507,0.22103125583179747,0.22081661017553633,0.22047889041461793,0.2195561452115971,0.21972912581465648,0.22135725880148732,0.22322589891448713,0.22297482412214353,0.221604786641445,0.22102522371104993,0.22122008908253418,0.221991064755252,0.22220852404901964,0.22333277192301781,0.22393635237057885,0.22374409852863614,0.22278962309438438,0.22321681641713825,0.22410102376423446,0.22546160549411093,0.2260641513083713,0.22663183944540724,0.2271235614699911,0.22788215089772734,0.2273991467630486,0.2268373435909628,0.22663733151220133,0.22715986532435992,0.22838709935696488,0.22878148580732915,0.22912537012948977,0.22872483957816034,0.22971969550715843,0.229830181032889,0.2302772556007065,0.2299221524631755,0.23018129244127,0.23025140672097005,0.23058459029064363,0.23083727270951088,0.2307205879916423,0.2307275303903903,0.23063346943357219,0.23115663970611505,0.23096543754558574,0.2310676632836546,0.23082869275997495
395167,54,"Tucson, AZ",msa,AZ,0.2044571101447253,0.2041339588768878,0.20433723326859285,0.2042862176142578,0.204041567734834,0.20379303218980013,0.2042352866738818,0.20428729694783246,0.20429400603293288,0.20389716661611837,0.2043112499050939,0.20433170116581836,0.2046296010798114,0.20390240399091364,0.20298597035101965,0.2020124312690644,0.20206715807184214,0.20228305030911967,0.20222057663473864,0.20233842407526567,0.20246592278880815,0.2026339002509817,0.20232543380966492,0.2027942670381454,0.20310971551694967,0.20444530045596387,0.205339485278636,0.2061234762497904,0.20628304166803343,0.20549608045982878,0.2047245573536225,0.204090318517426,0.20415088584407942,0.20469104677601746,0.20473911193304167,0.20395910370585119,0.20318317315558773,0.20312065733722642,0.20372334358378777,0.2045399126989662,0.20454657751381553,0.20496747312756233,0.20504512966283736,0.2056699423801907,0.2069027272075739,0.20783769470718214,0.20884814189236336,0.20974056454009354,0.21021658131007834,0.21064920234055962,0.2106754236089456,0.21062487261488053,0.21133622557688428,0.21219419847078394,0.21337189658371178,0.21420051735297374,0.21523660783038376,0.21644232998346327,0.21786441496360492,0.21935634486675984,0.22116260267764629,0.2221128945049977,0.220679261947482,0.2173756153505822,0.21461961142772784,0.21351944487433094,0.21376169483205007,0.21433706150286652,0.21681237711417659,0.22039003561604256,0.22224220458346688,0.22293963174583256,0.22219207487130574,0.22385542074168732,0.22709993649069865,0.23250586137893547,0.23709492617300876,0.23889841487680583,0.23969084948171313,0.24222159817867367,0.24740069768411466,0.25190747210668263,0.2552795661422604,0.255293599506479,0.2549316761189299,0.2542735432755483,0.2539757030572527,0.25305410283321483,0.2518058902077627,0.2512709150051883,0.2506596854311606,0.24999182686944904,0.24917850806836603,0.24780110205376388,0.24753120814619436,0.2468279569388774,0.2469382170145701,0.24638921581422818,0.24639963114679464,0.24621656193987485,0.24636249695955661,0.24597469360909344,0.2456534291742538,0.24447356221442754,0.24361581247561234,0.24348920624935383,0.24300650518394365,0.2433920272177624,0.24275481501391072,0.24247901261261137,0.24124601960458444,0.24035334320882482,0.2393274243455145,0.23884422372280958,0.23807032956894594,0.2372970426280374,0.23735015624609346,0.23777206106375479,0.23803489048951812,0.23750940335523013,0.23638755768187808,0.23510772001941155,0.2346152153640355,0.2338670314854466,0.23313495778386117,0.2323149658014858,0.23169675434082185,0.23144422398010006,0.23100607627012326,0.23013363525206154,0.22925959843568972,0.22838323922497178,0.2281867261979346,0.22807301434357374
753924,55,"Urban Honolulu, HI",msa,HI,0.2907906167141245,0.2918916872365119,0.29349362954189384,0.29309277097733316,0.2937793814441838,0.2927978829724215,0.2935030846877108,0.2936842262255995,0.29386286909143683,0.2941873986450216,0.29485798411343467,0.29554007615450406,0.2949732343972348,0.29430822267938045,0.29255002408011715,0.2922957345936544,0.29163542502556605,0.29214212341543305,0.2920148845153466,0.29151615158423044,0.29129637295937694,0.290823705595642,0.29123632485046547,0.2899156186560723,0.2903080711297398,0.2908736122066474,0.2922627851273411,0.2937245850965485,0.29266986327026495,0.29160640550464284,0.2896422532815868,0.2895021696515481,0.28953976700034073,0.29018603769696283,0.29007712804642277,0.29120684822497195,0.29080997886305393,0.29065835637250603,0.2895512526854158,0.288723083048866,0.2890263484878671,0.28989700338944085,0.29056603258264674,0.29004582050474265,0.2897948184750221,0.28965308603079803,0.290350900086187,0.2892925572141754,0.28907610051209465,0.2883446122774339,0.28821267860087574,0.28758236862569947,0.2873598101846076,0.2868443360304767,0.2869948173725687,0.28746441242272275,0.2887359050485733,0.28989114808803784,0.2905530171213722,0.2920122287346827,0.2932281358775232,0.2942491969548914,0.2899760689600381,0.28526347430587207,0.2814527441695098,0.28136448862043456,0.2813775651791043,0.28097987521637785,0.2815143504560249,0.282412859095801,0.284701160522415,0.28479853245234366,0.284609141043601,0.2846378652616063,0.28626476132356893,0.28939745447321635,0.2917384189620433,0.29141578733936174,0.2914861645509323,0.29224258480639675,0.297559160448193,0.3019985974807179,0.30522104955533325,0.3047561959766577,0.30286464930793017,0.3033026081436654,0.3028191401411289,0.30218084509938875,0.3008667051721443,0.2994698810559204,0.29841552507228164,0.297419539134984,0.2963431846551743,0.2958447859012754,0.2947342475608017,0.29563793122915333,0.2968894537450137,0.2967558931799706,0.29705890341302127,0.29701799368399745,0.2973547650937698,0.29728154442360133,0.2976405692732894,0.29787602474168434,0.2980319160740285,0.2977926866614914,0.2978602331132828,0.29690762788797825,0.2971934462004742,0.2966911143593124,0.29729332471668446,0.2962953888823812,0.2960122911432531,0.2957038864167919,0.2957152763728997,0.29580777859184054,0.29584673586606747,0.2964996252804661,0.2967169216674767,0.2975118104895908,0.29756055884485627,0.29818146424244685,0.29729935428244836,0.2976035761007532,0.29749482735506905,0.2984759810347002,0.29908735209216897,0.2996330777736163,0.3001698854680847,0.30034326548391954,0.3008845158027251,0.30124612343231727,0.30168049737029506,0.3022638497677289
395169,56,"Tulsa, OK",msa,OK,0.19549652792001174,0.19684473349271397,0.19768200802326338,0.1990164093572674,0.19920494174268658,0.19918737114470897,0.1996677434173284,0.2006885038122591,0.2000721304781881,0.19906214665167515,0.198014520452373,0.1977487416020608,0.19807232439712244,0.19776902857097853,0.1980746684133582,0.19776832035293004,0.19888100602040518,0.1993772071300097,0.19981962726999922,0.1992152370684592,0.1993482717114864,0.19950092187270835,0.19943458803244632,0.19960156285643404,0.19866110961527472,0.19861124051981272,0.19732682575824825,0.19699360908465233,0.19619545430569055,0.19567503538183348,0.19501193752372306,0.19395186181145438,0.19336999694780443,0.1930943866674941,0.1936867537146959,0.19347811615501442,0.19350154652047283,0.19281607804050735,0.19252832115552834,0.1921043893215036,0.19171706096307767,0.19174053282922338,0.19143634772919113,0.19185589214634138,0.1919909556751462,0.19247380724346094,0.19195332726231681,0.19100492584389034,0.19017220807883056,0.1897123416730452,0.18985309287274865,0.18981062012061226,0.18978079988921356,0.18953598970797061,0.18963907966718443,0.18973166181546738,0.19066581267946225,0.19139061596276372,0.19244479681239604,0.19360072407377857,0.19468833017207546,0.19549810506239063,0.19476132979977284,0.19266690937471698,0.19135193718688523,0.19154944621954562,0.19283267954534922,0.19403073206662258,0.19592699135334002,0.19833797362000824,0.20026567625815436,0.20055439521360227,0.20053438057060122,0.20131247588490953,0.20223897372419047,0.2045295052479975,0.20617116363721552,0.20735204569587512,0.20829615687283703,0.2100608980437141,0.21523440343757838,0.2191152782784292,0.22321296485574424,0.22462323313632865,0.22546017807822838,0.2257596468242622,0.2263960588636904,0.22719842187867226,0.22718709398912568,0.2261069883304625,0.22487150476625603,0.2240349007830795,0.222079232156326,0.22133771092785928,0.22002945396306467,0.2197914714233887,0.21942571449492854,0.21902514030769374,0.21996565845055285,0.219999249439594,0.22135749181634637,0.221849075274612,0.22247313558886672,0.22202831428646713,0.22204676614331206,0.2223420760933843,0.2231905201525306,0.2230746014161308,0.22283589416145388,0.22243202035420032,0.2212653752757515,0.22033324843844562,0.22021902476624305,0.22065887172643325,0.2200885368432584,0.21947136043450696,0.21929368755716766,0.21949748163194935,0.21867858517547312,0.21778089428366035,0.2173791424446997,0.2179967028417703,0.21799029857226537,0.2180966374468854,0.21714427378256443,0.21639045132495152,0.21634034248092243,0.21669876182159056,0.21689580040412304,0.21651036137751392,0.2166598415763934,0.21688312345103655,0.21710655805388887,0.21667281257825496
394619,57,"Fresno, CA",msa,CA,0.24446515772248073,0.24496008955663948,0.24488089459266488,0.24541742476943007,0.2454951251817828,0.2445539372276347,0.24375394515677462,0.24335788922188514,0.24365684056019019,0.24355970693917833,0.2435938439939879,0.24302370131797554,0.2411788012965326,0.24090013935557827,0.2415645554059721,0.24097531364024538,0.24000533718617023,0.23947811356209875,0.2407139619698939,0.24065385452192847,0.24143732133725554,0.24137428412847275,0.2414428713673701,0.24139329547170402,0.24212552315435287,0.24225530768886713,0.24228589458944172,0.2435624490528219,0.2454950385332518,0.2468977098223143,0.24617616183427235,0.24626384720084857,0.24631660949094342,0.24651976392833733,0.24676459374302867,0.24655581841536547,0.24641970546992562,0.24608324811244253,0.245920377335686,0.24620165939593497,0.24541700658518745,0.24520765560609264,0.24530956088416034,0.24611777090840586,0.24542581310441666,0.24577984596510608,0.24588071472657724,0.24617123485800174,0.24539983642730914,0.2460046829363266,0.24620293310033098,0.2456413714003254,0.24577222086852893,0.24612083445953575,0.24698239889718954,0.24720653289059266,0.24863775960597417,0.2494406121666251,0.25042421975302864,0.2515346463631145,0.25329397654753066,0.2539886311238686,0.2516582330616193,0.24760023582179577,0.24486121895326537,0.24367334910627225,0.24368829411142875,0.24368349283153842,0.2466508481193867,0.25028994674382743,0.25291391282905434,0.25197954272071754,0.25191123721979514,0.25254821032263347,0.2577006487317484,0.26376419892172714,0.2702776867349475,0.2720186137905016,0.273428611310107,0.2762459833171041,0.2796037572904836,0.28114972099755886,0.2837569141071135,0.2849145950104749,0.2861781173434681,0.28456570911270906,0.28500839645721987,0.28605718732959884,0.28650742753969793,0.286071528461136,0.2842904740174041,0.28337191034317505,0.2828984885235856,0.2841668742422557,0.2833786212445034,0.2844439161668431,0.28391518695113943,0.28574015960080007,0.28456737490114264,0.28287240254036256,0.2823431017681305,0.2840731005786222,0.2852100957537945,0.28391030489347696,0.2829609717426195,0.28307369503824925,0.2840635493919365,0.28304496761566433,0.28155651471482,0.28025774180227336,0.2790651086553002,0.2792973211358686,0.27883775080697,0.2785486340616019,0.27869100884735487,0.27844945430147977,0.2790054786217143,0.27786223561545353,0.27794145975970075,0.2765855660826048,0.27723183649367855,0.27722163163056546,0.27773509030735527,0.2771564663179692,0.2767442623882258,0.27583805606803524,0.2752018847976908,0.27576172007850597,0.27578336488602123,0.27636141116462026,0.2759593115410856,0.2770417479187964,0.27737549167263165,0.2777737966440033
395238,58,"Worcester, MA",msa,MA,0.1856828707602051,0.186927280040824,0.18864085169732114,0.18842823706761014,0.18674816721347717,0.18678659191128916,0.1863869109739658,0.18755161737585752,0.18765492494270877,0.18834086334128652,0.1887832133353326,0.19039532061477393,0.19098968394339827,0.18944550974214508,0.18825384895592348,0.1883180699624827,0.19118714308081244,0.19324226633660338,0.19540524625247663,0.19568164959144477,0.1959106324684672,0.19613934179180562,0.19610981083190565,0.19604106086993012,0.19589365019298374,0.19738289188889013,0.19874286453634896,0.20063821036152726,0.20114499954049236,0.20068977308454908,0.19889978975547537,0.19805074522301133,0.19831519526665478,0.19934310501025934,0.20023094196230837,0.20101697415769826,0.20103281833584644,0.20156814162326578,0.20174748978960655,0.2022896122846291,0.2026425911933972,0.20318096640575029,0.20406888250998126,0.2054357647128111,0.20630982158909114,0.20632627827209402,0.20722250563865854,0.20757859058558242,0.208212569026614,0.20786114905679637,0.2084717629963984,0.20840018874455832,0.20860236137238114,0.20907935344231687,0.20990327149656818,0.21033722918645337,0.2112377215308448,0.2125006620124606,0.2131689659644514,0.2139039242015586,0.21479991139152754,0.2156631457516576,0.21450470372405175,0.211268899837701,0.20895598146159292,0.20859041674922346,0.20790035198077975,0.2088129650672886,0.20951385142328427,0.21149226652097522,0.2120020448140731,0.21352301341186924,0.21367450874250418,0.21474709863011376,0.2157606434257767,0.21817257395851905,0.22047048549225834,0.22103892468494118,0.22193800500969788,0.2231062078220118,0.22595108764334046,0.22812983117293698,0.23050679275951727,0.2298329019804415,0.22995131894318646,0.22966344730750884,0.23098273362229702,0.23136569362034576,0.2326302053796642,0.23417084669688096,0.23549376476388056,0.23468907295667746,0.23394039362065355,0.2327737191937523,0.23318481427058282,0.2344744127542318,0.2361258119168715,0.2370521138125711,0.23715913898470403,0.23767929144111524,0.23755723462201095,0.23831502850857683,0.2391997881760659,0.24098860368971273,0.24175062336157177,0.24317428524762397,0.24271626864426804,0.24334359452028723,0.24275271414332217,0.2430272683694746,0.24291974456303073,0.24296086223977592,0.2437933595535086,0.24382487859459565,0.24442221894868685,0.2449829081230903,0.24616621416180945,0.24656535683698771,0.24797876948314365,0.2479874702765092,0.24934191202930073,0.2500869900588603,0.25054110034583676,0.25059783118291706,0.2502561124249204,0.25086674189683217,0.2510746204834287,0.2511623918259012,0.2509958755791034,0.2511025260117781,0.2509290411656194,0.25121037894137854,0.25073123419350746,0.25034084736018647
394938,59,"Omaha, NE",msa,NE,0.1699549887494636,0.17014701495781973,0.17073090467764718,0.16996707116349558,0.17021517869012973,0.1695079036999604,0.16988934225307245,0.1694625772593998,0.16848093176240353,0.166934475558887,0.16639895585743594,0.16668492952791647,0.1669972778487828,0.16670512191440057,0.16642973483895587,0.16650398368848982,0.16626632454828225,0.16642762438704226,0.16649625622004802,0.16707322468743765,0.1677566734907141,0.16881640996231737,0.16893835702707855,0.16905651507507066,0.16881895373381534,0.1693232964002849,0.16950177394280336,0.16959513139687027,0.1688629363008318,0.1691163232870989,0.1690783302435542,0.16892737830998675,0.16855002773007594,0.16760550983211125,0.16771254572737027,0.16699680040323794,0.16682351379436883,0.16651288157709324,0.16639499223512763,0.16626148777815758,0.16616016412403412,0.16630532514094384,0.16675182990004947,0.1672212124800796,0.16719056182233402,0.16732330884253208,0.16666278074625457,0.1667919896949548,0.1667522986827932,0.16735630182326472,0.16753403026018707,0.16771606727965324,0.16841401611386275,0.16899302749130415,0.16959448829659213,0.17002862522952775,0.17016174315603802,0.17027546571494218,0.1708222821810394,0.17189528422203834,0.17307509450254294,0.17347527952531355,0.17210000480149004,0.1705195581186678,0.16924155067062058,0.16939206927189618,0.17033186071130374,0.17108155922281623,0.17157782872573657,0.171365587796942,0.17150592356626362,0.17145985576602907,0.17173177252158273,0.17218863793611344,0.17194722398601536,0.17221228665923813,0.17273763626320904,0.17358574864728946,0.1737467495477133,0.1739480334173555,0.17542467588244576,0.17795834505977548,0.17990613965810812,0.17994852928599964,0.17902642270109673,0.17848189931620184,0.17868763682885502,0.1792878983519118,0.17950888228760004,0.17918404515589065,0.178960060219439,0.17884524662581416,0.18028368730839076,0.18126884010316202,0.18243827447424743,0.1825598145115878,0.1831144613355615,0.18326315280142794,0.18431572773325405,0.18473871524871874,0.1854231052084537,0.18482204457954376,0.1843762042578319,0.18411017251601602,0.184413686521393,0.18493213896944266,0.18512456328259652,0.18514220841833248,0.18494466316630476,0.18511325826397607,0.18523721995177622,0.18537400786365874,0.18562607091578828,0.18628310933603845,0.18659746594337873,0.18709293561969845,0.18680048376007546,0.18644787773193466,0.1862345443171226,0.18625374808667564,0.1867268097433541,0.18710149745596621,0.1868471357073196,0.18673793641904676,0.1864484973171187,0.18643788359502245,0.18657783058583682,0.18649292503341391,0.18674903660417239,0.1870400152862122,0.18729357908217956,0.1874224041062846,0.18737008506932712,0.18728919170511885
394415,60,"Bridgeport, CT",msa,CT,0.22713350634869095,0.22802437238880788,0.22861390495321943,0.22842456321101934,0.2278884812126999,0.22782154382233716,0.2293595530113775,0.23017340191160046,0.22996088665285777,0.22912383808578887,0.22995088501336228,0.2297555065097203,0.23088942914830166,0.22935129198532578,0.22924748337735149,0.22870514656310487,0.2285137034602862,0.22845276316931606,0.22784816239875766,0.2281288167942061,0.22853088600914076,0.2296824413384959,0.22924099302551731,0.22913006274865447,0.22850543648083327,0.22967249935064998,0.22982008280717348,0.2309550687832236,0.23207542238322584,0.23246721141572854,0.23176243964075646,0.23117472667869113,0.23061825317543233,0.23105728935003395,0.23083039737962618,0.23233886532783551,0.2320286838955261,0.233745155762544,0.2337859824879958,0.23372354893805564,0.23304873860190656,0.23350828908882268,0.23377985809711646,0.23378555947814225,0.23431574057851415,0.2340522729966991,0.23518757306646057,0.2350205678731881,0.23559775418177162,0.2340652773423939,0.23458413988517712,0.23484906809893893,0.23552811612149496,0.23557615500461887,0.23632548681014443,0.2370458534609112,0.2373666188170007,0.2376710582144902,0.23754802724069038,0.23790155942976346,0.23869190673210647,0.23965036428947678,0.24009449517975265,0.23849310580999386,0.23686334038040788,0.23708561808356501,0.2377118099371029,0.2390961935575787,0.24075371356157865,0.2430880615928817,0.24525558323401922,0.24532628086413882,0.24462678020516979,0.2434789751624309,0.24520066216756775,0.24746990906040692,0.25027357505748915,0.2513340696741221,0.2522560991246562,0.2529053196871371,0.2556961360348985,0.2575427541799785,0.25952969672099985,0.2605285517063053,0.2617883015366673,0.2631720807589054,0.263553578505601,0.2647332984898246,0.2660111663883672,0.2671864057888094,0.26711713539810267,0.2666889397800748,0.2662772614311819,0.2662830568056985,0.2656404226805687,0.26458036371399,0.2638701377473737,0.26320204422918875,0.2650186331200077,0.26468527142177106,0.264920335935848,0.2642947462074884,0.26471025135983206,0.2650071419159993,0.2644638988894086,0.26482280241020845,0.2655609717142673,0.26583304717138356,0.26512872211256355,0.2653151359915898,0.26484095808356833,0.265548786074496,0.2649222010287588,0.2654824338024995,0.2662229273775089,0.2670534749762324,0.2676788302119224,0.267267660925887,0.26834783621841035,0.26976472209013175,0.27166877542721873,0.271653961019391,0.2712366657053808,0.270602874424292,0.27067231621156734,0.27054324666946516,0.26999070544495574,0.2694617892971616,0.26985257530661894,0.2705010513015282,0.2697883780269574,0.2687638808672504,0.26745099226428076,0.26702229559012775
394653,61,"Greenville, SC",msa,SC,0.23303610805197505,0.23338592681911244,0.23380528803338002,0.23512440339622642,0.23519737725699139,0.23558516075831132,0.2347069493871476,0.2344623542787773,0.23439354087954897,0.23403205235690983,0.23475687654581695,0.23464021502517055,0.23558713618918878,0.23541198390396137,0.23584392322598222,0.2347949443788454,0.23473659192341795,0.23432504083851724,0.2350570453160592,0.23497924845734358,0.23487514263507822,0.23487507044306724,0.23391335205548644,0.23309351675327464,0.2321532313859497,0.23265036335117492,0.23276775045441386,0.23295211612005762,0.23222373399419882,0.23171630936288645,0.23125995783345168,0.23116772057165774,0.22962674626043333,0.2292173611414751,0.22910423037472055,0.2312794130126976,0.23094795699058793,0.23019303424657347,0.2290541444075409,0.22989422949156554,0.2293765540934314,0.2294217667009999,0.22907145895641082,0.23048789069745007,0.23144115518721892,0.23208901609251525,0.2326303158428247,0.2324406540715291,0.23317645074357554,0.231681698855156,0.232275610301536,0.23153753287183673,0.23215018375528498,0.2325070317320217,0.2329975539534968,0.2321318480050782,0.23271983952989334,0.2330675711103608,0.23354508845822572,0.2336794685993328,0.23431091718671737,0.23616129981888156,0.23527015415515157,0.2318845969548949,0.22638932151585212,0.2251358096112496,0.22454868200050823,0.22675699598985619,0.22855390391577118,0.23167665879694294,0.2331969478972355,0.2340645898820873,0.23384092018502303,0.23359865987043033,0.23575519766026032,0.23848518368097618,0.24211388247693602,0.2431160392808041,0.24443523887090016,0.2452652837822041,0.24851859720285044,0.25212662531431446,0.25557908868080415,0.2560320682976396,0.2552771030858941,0.2539664520065755,0.2537010854001314,0.25366905623275937,0.2543266473625448,0.2553743569249594,0.25640830981875307,0.25632924853321715,0.255974511491307,0.2542530380698435,0.25254773494863236,0.2513162667964347,0.25091835916244415,0.2515974672132593,0.25125246690650593,0.2510431887580845,0.2503322399168319,0.24915891795466097,0.24777334946386814,0.24687905079823622,0.24680137856059461,0.24692529276405628,0.24693320961971313,0.2454723412189001,0.24349754385941036,0.24068141838622178,0.23910979003458152,0.2381623734448168,0.23795715810830662,0.23804520740329818,0.2370283671023439,0.23610094434763354,0.23505263058192927,0.23540189938289344,0.23607762421203057,0.2366955166508655,0.23735367687645006,0.23773419806987053,0.23787886696175406,0.2372740373211979,0.23615976709216746,0.23534031085679594,0.2354194398110288,0.23538371881080797,0.23538405542664315,0.2344329365400217,0.23311166346461593,0.23201728916769482,0.23098601064823346,0.2302737911337053
394312,62,"Albuquerque, NM",msa,NM,0.20580880076896588,0.20529522806988174,0.20573835404189708,0.20656942593965466,0.20745946263663795,0.20767684858615817,0.20811872011317803,0.2086095142056003,0.20849480955233513,0.20860443544920593,0.20821475932283,0.20900492796897274,0.2088175666467133,0.20867520152510138,0.20791404720553644,0.20792585039982092,0.207898883684811,0.2076826250547853,0.20715127183883097,0.20746075923262802,0.20774765743576262,0.2080241796477753,0.20828857877825435,0.20832158861864336,0.2092024724849281,0.2102917329459747,0.21142277495635417,0.21146532401484566,0.21164443539762257,0.2119823695996013,0.21230513428707543,0.2119814097345038,0.21181929761675658,0.21186081064625434,0.211722776840176,0.21101158731098296,0.21014192027383166,0.20943400212913202,0.20894234817315926,0.20874364458047467,0.20827548164866092,0.20751227140595505,0.2070375470960867,0.2068688092172215,0.20733378297709,0.2078263980081953,0.20837099070534548,0.20871007519498125,0.2085219286779644,0.2084377853852784,0.20837258028379813,0.2084192366876009,0.20864025777715892,0.20903072793644256,0.20929477210369224,0.2096314196564529,0.21039580476980863,0.21122017531566653,0.21206249967015975,0.21286745833998966,0.21395406261643699,0.21458451078384766,0.21269275795301562,0.20932849058175296,0.20578504458904767,0.20552240185853418,0.20624938547699892,0.20761124694924946,0.20982938355261274,0.21237335870329063,0.21495234244522565,0.21483717561902843,0.21442684500926223,0.21493507125357234,0.2177191621225803,0.2217377157147938,0.22545547910411803,0.22701747046616613,0.22799260393188908,0.2303313588723949,0.23629616930000968,0.2417854307759542,0.24568972400202968,0.24710827604875932,0.24735242678228145,0.24801762434084082,0.24807563474162125,0.24885775086389908,0.2500836112696508,0.2492367545424546,0.24838539902701015,0.24578593299216636,0.24516495561472224,0.2450525268377754,0.24568319745858794,0.24500972927266967,0.24462948511632382,0.24308191959471118,0.24402474936017376,0.24377298074553586,0.24420450071666247,0.24300708076706343,0.24187626665418835,0.24098656993991557,0.24004789254067613,0.23944985064920835,0.23908524251981733,0.23813187827916282,0.23670289367708464,0.23557681207459813,0.23361806625725093,0.23240285406045372,0.23047798217084314,0.22978092954784138,0.2288061735693506,0.2282603656714558,0.2279165679638913,0.22733188773530358,0.2267570264683538,0.22697587390785812,0.22756259677991802,0.2279684788654381,0.22778562169593164,0.22722682438699646,0.2267598702244316,0.2265558177874135,0.2264816414042104,0.22621995639265502,0.22591292069295796,0.22555049427750226,0.2248587737060913,0.22383362868445167,0.22279074392565434,0.22185326767878438
394357,63,"Bakersfield, CA",msa,CA,0.22982315051057728,0.23054008046754187,0.23155108021762755,0.2317148487402444,0.23240551715854746,0.23166984497338955,0.23202890714774985,0.23105018146103606,0.2309749783234124,0.23129719986261005,0.23163832525401507,0.2313023096061975,0.2312469411510962,0.23091842625165718,0.2313473195913495,0.2315454060090257,0.23063127982885764,0.2315354680413214,0.23223561927085457,0.23387210074139797,0.2340639605140137,0.23417074974364085,0.23484919320849507,0.23598679032443143,0.23720217091170978,0.23795990273035642,0.23823528175533396,0.2390230439614752,0.24019856420439445,0.24083696955005138,0.24121258746132737,0.2415501186474138,0.24261495243788206,0.24248458578304247,0.2425511090622423,0.24294933372641908,0.24401635348286432,0.24518564645299018,0.24526156012469028,0.24541102536261303,0.24589393750424166,0.24615768607136929,0.24626788179347436,0.24603837458677844,0.24588780576852964,0.24587241692556572,0.2452822384161312,0.2446994630476076,0.24403138958385684,0.24408455882280708,0.24428876319827209,0.24420684725795247,0.24398508778052702,0.24429949627697417,0.24494559423357665,0.24573254697212182,0.24659484163207043,0.24795890323104272,0.24954920245698067,0.2508597270304216,0.25186362699837855,0.25211895603910744,0.25173651126059593,0.2509130716311013,0.24980532594852203,0.24968766063132958,0.2513742320005703,,0.2545020992119849,0.2559779384813991,0.25470724250306953,0.2550251945096956,0.254998889725225,0.25417153896190064,0.2559430281727118,0.25756262109291556,0.2619434709022872,0.26287299839608735,0.261562128736792,0.26094656047399917,0.2671166874212226,0.2721421059601158,0.2784517677276993,0.2799057134803292,0.2821343740773641,0.28444644862021073,0.2852876993072978,0.2874226126805746,0.2885540097203366,0.28967207758837243,0.29046768036860104,0.28877490920173626,0.2881189057206652,0.28751916729583615,0.2868649960046598,0.28546720781937657,0.2837347741626931,0.2828632702364478,0.2835529171147544,0.28431185488557265,0.28319535313926897,0.28254906040223104,0.2830916953928017,0.2846776343285987,0.28427730905162596,0.2838283433359305,0.28305151134010686,0.2837476678503291,0.2829204948523554,0.28268578931901395,0.28135907741853133,0.281548379814058,0.28110813581906824,0.2811228612745662,0.2799612574757888,0.27940026189296513,0.2787721923534315,0.279285540603952,0.27943231660925605,0.27917454728804586,0.27974889916037626,0.27987065774269104,0.2798549553483517,0.27825914667485707,0.27812206936581607,0.27788122192424175,0.2781107588819313,0.2778127999394169,0.27834447838844034,0.2780535809422512,0.278056241444381,0.2777071363180495,0.27765104823999337,0.27746058217196123
394308,64,"Albany, NY",msa,NY,0.1919327632289951,0.191609720081754,0.19110463112197332,0.1901132869411302,0.1901012785355538,0.19081439069838124,0.19146239650156907,0.19130074092882934,0.19091636073511264,0.18946018037593448,0.1898715206574046,0.18975945502169492,0.1906130708183156,0.18974127809837704,0.1899844338002342,0.18998689084200346,0.1900112093614179,0.18990205948464564,0.18942176261331584,0.19019228097165125,0.19097477536466123,0.19205798752479852,0.19075835477490155,0.18977770649587866,0.1879789464090622,0.18839694108802624,0.1875049183099813,0.18799403012687357,0.1885448572748889,0.1880098292378676,0.18730842235048986,0.18587383426242118,0.185164264859307,0.1847398787039667,0.18523261706753397,0.18547646000057405,0.18655781023653165,0.18678875817624085,0.18679340660381588,0.1871411277535885,0.1863242761547756,0.18584383623338743,0.18525277241523297,0.18642200053002236,0.18761535251926273,0.18817279048073512,0.18721656443447615,0.18677770635907773,0.18692391655675392,0.18682543522226797,0.18703353602435507,0.18636700498123365,0.18657961258762198,0.1874345522278437,0.18859214283912867,0.18852253300332256,0.1880513065120378,0.18788590193992652,0.1888964179856494,0.19010140955355329,0.19069592508019534,0.19123454728562364,0.19128266274890504,0.18952201994263979,0.18751874949122177,0.18585746931480265,0.18580091482277114,0.1865512559848478,0.18801798276215728,0.19003000975965897,0.1911025706870993,0.1915516642514106,0.19077762786626065,0.1904117329257423,0.19165737207308645,0.19485453957686755,0.1968152215417506,0.19699498484306543,0.1958708423542287,0.1957939247925716,0.19808265864256017,0.199794884300584,0.20207142409293716,0.20239545601960088,0.20278731822465773,0.20253289814292358,0.20260865718577392,0.20263283907608176,0.2032105169816843,0.20360661647847653,0.2043372680591831,0.20498640381284058,0.20562912093261174,0.20683489847811698,0.20641442625625253,0.20623122586740064,0.20528686424071166,0.20599704322053786,0.2059622675940367,0.2052476502411042,0.20586697061979867,0.20666564729036854,0.20771826301156754,0.20726951793756196,0.20717902302952063,0.2062212948418044,0.20642339421688838,0.20620076035569665,0.2080722510839168,0.20838145000118563,0.20847904191374647,0.20798771481923756,0.20827309328743243,0.20787024579285693,0.20792338728102558,0.20741691757662453,0.2078618685980167,0.20798648974492182,0.20899459998616338,0.2094132155298348,0.20899666115444057,0.20931996353410054,0.20949050781414555,0.21027157688185205,0.20978287180368965,0.20998704566288673,0.20973259425223573,0.21060455593996752,0.21074315746794087,0.21145770575616718,0.21122983206959536,0.21165548963152908,0.2118135058396921,0.21184002332783697
394753,65,"Knoxville, TN",msa,TN,0.2154108887676613,0.2158584242461299,0.2164018989080349,0.21783024368623408,0.21670969011916483,0.21638525583689253,0.2149496325562422,0.2139201670886831,0.2124793542597985,0.21304924199644143,0.21382272319014475,0.2150082563690854,0.21446534666982792,0.21306604647056024,0.2110864745222707,0.21077877531863154,0.21233720713192206,0.2125115526538501,0.21133960836058988,0.21146182203022915,0.21221643488273742,0.2128413298093857,0.2120813808668065,0.21168178070595398,0.2124106884674903,0.21417618655385243,0.21506260260808785,0.21495252228344183,0.21412432447137597,0.21512686868633774,0.21613604394772448,0.21562809981329886,0.2172273144639161,0.21736999734741058,0.21844463437993034,0.2163979682915501,0.21600451561065934,0.2153199264199138,0.21427833976369204,0.21377350197263179,0.21405626769688002,0.2149799589626386,0.21599839805690987,0.21638135558952476,0.2165760321376238,0.21663816448715303,0.21752957098205145,0.21778520072337165,0.21745368136647772,0.21650688720636663,0.2174568101280873,0.21819912924190313,0.21841841488565567,0.21756807763637812,0.21698959219191727,0.2175585964769352,0.21821261857267332,0.21983328717628622,0.22056885741271576,0.22223101215070842,0.22325366302802505,0.22466429657256015,0.2217319826699623,0.21897240278451469,0.21630583453228328,0.21653101699564642,0.21573568728759934,0.21639308071241983,0.21959712088864491,0.22514788110055087,0.229704796089759,0.2287646581775389,0.22685946668020981,0.22611581038700954,0.22818332716943326,0.231137256844583,0.23491353175105495,0.23786536827567542,0.24145566614411298,0.24492160785939512,0.2507886701806352,0.25471505733277316,0.2566185302535174,0.25701387787097074,0.25760915197032647,0.25984186252166647,0.26096192892725223,0.26381455365073775,0.2652156311558774,0.2671816303421584,0.26874174750923313,0.2687566233342689,0.2684025372676234,0.2687484885649129,0.27114988883522995,0.27264832837469105,0.27283058824721296,0.27241475289092326,0.2738534225543058,0.27365714303644084,0.2740472154659703,0.27384986709752135,0.2735442835261766,0.2731155028843803,0.2733625088177022,0.2737594540669285,0.27413545329222005,0.2725031116559248,0.27192787064932333,0.27091936458656773,0.27010645546281126,0.2692585575259683,0.2686658142794745,0.267560406246697,0.2670441179305772,0.2669781651712057,0.2682848040881125,0.26948116140665296,0.2702510804714566,0.27045984887293617,0.2701971384415948,0.2699047184489891,0.2692476225285999,0.2687702309612618,0.26806068060722094,0.26827466153503005,0.26811007284740057,0.26789695032490746,0.2668105086768624,0.26563318512679507,0.2642732462117177,0.2639636344593523,0.2635359130812726,0.2633037622061342
394367,66,"Baton Rouge, LA",msa,LA,0.22910013243800784,0.22872348774535917,0.2306647572389522,0.23314641535156788,0.23423251730218636,0.2347229349645117,0.23472919068909584,0.23579485045388188,0.23441820893414586,0.232080470239828,0.22994445754888576,0.22989597524076408,0.22998782544709004,0.23139288624616328,0.23170972692642255,0.23233451531935703,0.23184370693728143,0.23283538591008227,0.23193021726989965,0.23147754377269725,0.23341762959602871,0.23675004017053575,0.24084640153063225,0.24190281818388917,0.24206688032027784,0.23947792800251563,0.23842008717516555,0.2367840508130702,0.23699823775962983,0.2352544296505928,0.23514268066858404,0.23511014689103307,0.23519803313754895,0.23503938277293993,0.2329908524965075,0.23289752967922375,0.23181635021661826,0.2320583064013573,0.2301536841486789,0.22976556287063923,0.22847313503317448,0.22829184299403457,0.22706440197498395,0.22624676616361805,0.22496125578678497,0.22395257322359335,0.22349462726675687,0.22231355154669238,0.2214944398970031,0.22120276718061033,0.22175269313448434,0.22131976037564102,0.2209778119754021,0.22093896525766576,0.22132694962402907,0.22138362513059992,0.22215405727547016,0.22269181602010785,0.22348029472362896,0.22430911903824977,0.22543382300302703,0.2254572660936913,0.2253196706372829,0.2225369740399443,0.2205480722423823,0.21967188759125722,0.22001256070176195,0.22048906523156364,0.22250685022774283,0.22422075786115048,0.22595272941834812,0.22558762093602297,0.22564940304445275,0.2251603930974958,0.22682176433005463,0.22999910672980747,0.23228239923233754,0.23168573002555842,0.22961048432285064,0.22956102349938035,0.2341645914098594,0.23916420602604183,0.242835033299217,0.24383373806570982,0.2438357816571584,0.2448893193137307,0.24523520076779035,0.2451805426749864,0.24485972059469846,0.24500772559481612,0.24532178138246918,0.24480563882634557,0.24259330891233966,0.24004519498077417,0.23820440132476234,0.23659945371294402,0.23550045219030932,0.23444085547428997,0.23449651025885207,0.23393173605125137,0.23399471007846756,0.23301148870685723,0.23161735691829208,0.2296052086272376,0.22887576897730091,0.22935887842984665,0.22988744162372063,0.22949534289130427,0.22946343263944968,0.22782718237464403,0.2264436516797126,0.22485878568890363,0.22498490970239834,0.22519876036178085,0.22545086988686783,0.22580487687256592,0.22608174932921135,0.22673867291332298,0.22666093402678633,0.22683470671628309,0.22540711060427712,0.22549157168163514,0.22525337824552116,0.22542304671788668,0.22415673658409027,0.22349492479454874,0.2230339011642261,0.22292561637811942,0.22299708955107522,0.22236751612365588,0.22212492385655483,0.22182432759387863,0.2223636920710143,0.22251603093866532
394843,67,"McAllen, TX",msa,TX,0.26386183442310956,0.2672792441446565,0.2692154845707755,0.2700630739777957,0.2705022008199106,0.2698940696750767,0.26903665014664635,0.2690068759409067,0.26822174248475283,0.26638764953905275,0.2675953809976834,0.2694544543956189,0.26881212535254656,0.2663837762279689,0.2627497046860741,0.2648523004823343,0.2642812461733292,0.26522327876836943,0.26480672517104,0.2657529526177222,0.2650808432749623,0.26569007830595087,0.2653927343032608,0.2645019522390697,0.2645666697962167,0.26499976402928554,0.2653628105099512,0.2621842460009106,0.2609450548662465,0.260371459531487,0.26046627826522095,0.260064092326777,0.2606565142395506,0.2599229321976518,0.25940933687252227,0.2575633507820527,0.2580223388059775,0.25743998488126424,0.25800673076723163,0.2583914953451269,0.25696327748835524,0.2555027299402191,0.25342953491669074,0.253055715998592,0.2512403457589088,0.24954516241552976,0.24797950783192982,0.24692254021899854,0.24563250734377504,0.24427209383839737,0.24260677990311708,0.24153798507549162,0.2414159139138746,0.24094970940711347,0.240892276968415,0.23956102085863637,0.23923539003156494,0.2392128630954061,0.2391772419562558,0.23997537187482737,0.23989560087545111,0.240089577597799,0.24076164578064949,0.2392451897680745,0.2370793762710165,0.23527487871923722,0.23617041565678326,0.237302907721272,0.2385932043304212,0.23967635034281223,0.2402764173094573,0.23991333016018834,0.23860163933982523,0.23833072330990135,0.23825617699000542,0.23912431967646786,0.24069665750418792,0.24084377138189175,0.24099849462490278,0.24058923097214585,0.24610078928031243,0.24923866393355054,0.2539540222842097,0.25361711632326744,0.2540448259244665,0.2543224871043476,0.2530873092091481,0.2539873932574937,0.2543768154221957,0.2546044068267516,0.2533821884172998,0.25208421284827653,0.2505110903673972,0.24971932241584963,0.2485162562260404,0.2470484378688946,0.24603525991203817,0.24498539457861226,0.24617897285580642,0.24572159977820576,0.244206268443591,0.243245457841974,0.2414736656474284,0.2411396778277034,0.2402070946547861,0.2401511667607041,0.2389721834969224,0.23836563908226982,0.23699262884673677,0.23583243381296634,0.2341182907837633,0.23362310760822255,0.2324324976439517,0.2306914289805346,0.22985728043817402,0.22885290299907504,0.22815439343117758,0.22698642853701873,0.22647540563949506,0.22561760046057788,0.22563618614543113,0.22486705317435252,0.2241680114288259,0.22281810700493146,0.22246427555461357,0.2224029719894251,0.22227504160231154,0.22167402871609063,0.22133132688285354,0.22089518070419065,0.22044169924775936,0.21992471402933952,0.21929305103133062,0.21918872621166519
394908,68,"New Haven, CT",msa,CT,0.21660653579388814,0.21524457078355344,0.21567253150903642,0.21533056183200908,0.21498652313357408,0.21384801250156074,0.21492518532812532,0.21612865140560159,0.2158924575452859,0.2146814396419711,0.21350339925413853,0.2134269492495762,0.21404443281085608,0.21449023208660584,0.2147334258649855,0.21434669545547114,0.215119059388211,0.21521153010511238,0.2145912179845053,0.21319161399298306,0.21313982504514511,0.2131932398255561,0.21370163373806672,0.21348306698390962,0.21409589953031535,0.21414216830317054,0.21314114508004087,0.212945274906758,0.21257236870633514,0.2133162543842129,0.21349502282571303,0.2141383562785951,0.21395939909416686,0.21393431246666783,0.21376884808559796,0.21471233358230038,0.2146661489861733,0.2148775222840065,0.21606166480386044,0.21693458300552995,0.21730029645725152,0.2171175242205732,0.21755151416464058,0.21778867169366006,0.21809516005788374,0.21778140867817417,0.21750498091056772,0.2176287889640897,0.21807905833025643,0.21860280833412077,0.21862381200030848,0.21865381725756372,0.21891756055109002,0.21917026179227914,0.2192856419078456,0.21944932330308328,0.2197627463712081,0.2204460742754496,0.22109876300606857,0.2212896496996167,0.22152489639344972,0.2214784230046098,0.22333196669566552,0.22286974412942515,0.22160381774175936,0.22091985455825683,0.22019590211253912,0.22084666198230388,0.22114610919031957,0.22288680927553353,0.22277646385166833,0.22170204245669003,0.22105708383504785,0.22109914471928835,0.22154159589154443,0.221227114628327,0.22281414176991618,0.22439790434053977,0.22728007232659175,0.22806587007172244,0.23216236508353355,0.23416833490966507,0.23771189341649135,0.23970378291167113,0.24062496074198939,0.2411043776111187,0.2421000028878185,0.2452665832124962,0.24707320551536147,0.24659206941478715,0.24577135839747533,0.24564399513449378,0.24629593295827798,0.2464081335087215,0.24659797510417716,0.24579817730071274,0.2464721701675312,0.24623646023895604,0.24633664013345863,0.24556872388455253,0.24580511014189124,0.24773271158754126,0.24902360250780464,0.25052309962796426,0.2498615617216199,0.25049536049926174,0.25142169616209215,0.25195280723144925,0.25215705473250977,0.2518309469960522,0.2523720396797694,0.252683879446545,0.2529545572492065,0.2534818245241149,0.25349321999087243,0.2540198103501995,0.2538494658744783,0.2542475785948982,0.2536993864316557,0.2543878548790136,0.25420348053773834,0.2562234356401966,0.25613546297527096,0.2560793642764618,0.25576609242808873,0.25507098140494633,0.25508671089722473,0.2545168646763172,0.2556516219949287,0.2559009247752467,0.2565329040038161,0.25631561692216254,0.2565466629662402,0.2554858025919486
394561,69,"El Paso, TX",msa,TX,0.263087893983756,0.26337234433506906,0.26300605936022226,0.2631384119657329,0.2636903137288649,0.2639688059603455,0.2640480937091127,0.26351292564956896,0.26288467960796363,0.2609136179709961,0.25939751859740345,0.25767238506451845,0.25695709047116255,0.2557282788503361,0.25485256410505797,0.25392669712319355,0.2527795685108003,0.2522716161101863,0.2519536532615387,0.25241419979529406,0.25301153813063143,0.25419928668269987,0.25509082894934926,0.2559923592891698,0.25588359034826624,0.2567142175479978,0.2575880344371545,0.25832638193659835,0.258294622987836,0.2576891093375421,0.25713670542337397,0.25655102905020155,0.25542699519206985,0.25469901987480054,0.2538300029923749,0.25266568252354654,0.25160142700818267,0.2507521024846016,0.2499422600766242,0.24906860405011885,0.24849446455905394,0.24810590036230218,0.24776169617970886,0.2474174382358579,0.24757985841383962,0.24829044549414747,0.24852674515496478,0.248742940907581,0.24854605166178664,0.24835266472606468,0.24849141756389118,0.24879394283363573,0.2492773364477062,0.24961447572640696,0.24989030713659746,0.2500189032206405,0.2497529692045412,0.2488316141937788,0.24855365029817866,0.24912856956933263,0.2502875751771858,0.2510001040965777,0.2506711486128907,0.24891575876241914,0.24722645291422257,0.24751350986467324,0.24920108192484486,0.2513329312924165,0.2537446813188587,0.2560176786583919,0.25787170774395934,0.25815748299214947,0.2566592647005189,0.25542396062146666,0.25694938866888384,0.26095296867807133,0.26466775798026354,0.2638828093452026,0.26319870023301883,0.26319011621353633,0.26807889115110994,0.2724321762227991,0.2763033284430416,0.2771333147521207,0.27738394518095044,0.27961444217870135,0.27940494451816783,0.2781345603929531,0.2774212166950025,0.280186131416762,0.28214144472350533,0.28201138231242584,0.2816305266301622,0.2820401876307028,0.28331043732583105,0.28294615114505395,0.2835942606912749,0.2827793221649182,0.28433007501043167,0.2849859742831739,0.28500243145368676,0.2840301713044137,0.2829158239257358,0.2835288588426539,0.2832525288887559,0.2846342606948287,0.28416267401130735,0.2838506627082921,0.28228121692076164,0.28236252648539806,0.2824365098352314,0.28253837952163224,0.2823314558450799,0.28211701940799716,0.2809182975750826,0.2804374250638098,0.2797111514813135,0.2794603250845374,0.279602790762381,0.27995338524944147,0.2803503253466076,0.2804680443949351,0.27945932272637874,0.27880787759621123,0.2785092225159468,0.27819297450511316,0.2787673316750873,0.27834532683639124,0.2787915642399225,0.27796647450427064,0.27740214375663347,0.27661807994225474,0.27619584190277485,0.275407994274628
394318,70,"Allentown, PA",msa,PA,0.20011471724944604,0.19967410524339518,0.19888486937643265,0.19884812981307726,0.19850867853309784,0.19898413685627986,0.19913419842458135,0.19972330264918042,0.1998118925242094,0.20001888834631146,0.19952466255822235,0.19915857383245222,0.19948052183319945,0.20018254685246942,0.2002265296999396,0.20014241749515474,0.20037223290640427,0.20083000304923718,0.20084007551665342,0.20077032616215273,0.20068938972065378,0.20022027840065096,0.20089471375051193,0.2008400872408997,0.20129195111122375,0.20143015130561884,0.20255326802392032,0.2024880444084095,0.2030150381397539,0.2023667152833536,0.20251569092322738,0.2019177313587758,0.20215154987493744,0.20256307381873148,0.20311053718185962,0.20329893887305245,0.2027126517453391,0.2023574427722864,0.2024198339777956,0.20247550541126705,0.20241387049218715,0.20168070145337966,0.2017084332488604,0.20184640764694017,0.20213558537190754,0.20196472064641097,0.20141415095017878,0.20124216339315454,0.20085267459373754,0.20152735016095713,0.20136071050785223,0.20178911014844875,0.20204302731826873,0.20342333418631206,0.20401245055385356,0.20491728840561588,0.20553636991922963,0.20658040675693928,0.207728936829663,0.20914376951783967,0.2110722467135203,0.21188421424298706,0.20918758578062085,0.2063428507086588,0.20421480362426397,0.20337012672163668,0.2031039195689028,0.2042279253808886,0.20695620225023353,0.21067492892195785,0.21299097406718906,0.21402259156928263,0.2133319187131072,0.21389466541879124,0.21727332310568948,0.22160141076994733,0.22635287378135405,0.22832110207485498,0.23055138234886363,0.23132890491244282,0.23434677028880085,0.23738464081907495,0.2411114535311811,0.24291254603908388,0.24381916270467854,0.24424946630895988,0.2433998375871543,0.24352870741740001,0.2429653751037474,0.24296785794190864,0.24110076062993985,0.24019020046246684,0.23916639307867582,0.23835635693159185,0.23765516984991752,0.23780419086179685,0.23888621007712524,0.2400668439860674,0.2407422921526344,0.24033916471404068,0.23994539911019566,0.23940715071515975,0.2396748289219179,0.23997705938912237,0.2398240787727552,0.23996904976336605,0.23897208837471662,0.23779972741617494,0.23672869389389956,0.23645818621316925,0.23696944189210858,0.23691711824855624,0.23722438103489,0.23747514493978694,0.23766137333797208,0.23726890110294555,0.23817861484615743,0.23814798585284677,0.23913453038222096,0.23936409898569194,0.23942006052576367,0.23930947650424594,0.23851726715950444,0.23832317407750808,0.23800971426305553,0.238006691922512,0.23804590655733865,0.23834846309269606,0.23802510777228408,0.23823214206396073,0.23812653535966188,0.23851724513137942,0.238908028655682,0.23905053492433628
394952,71,"Oxnard, CA",msa,CA,0.2646057816634341,0.2655095219794643,0.26588169050638777,0.26844255477688816,0.27162735461921933,0.27249387138189557,0.2723727814737245,0.27171304369418187,0.27169144421603514,0.2718458690856977,0.2719785048583638,0.27198373745153714,0.2724008729554442,0.2723572022118442,0.2734044699204904,0.27380818737545565,0.2734667300767163,0.2744076786165756,0.27545395655382776,0.27700780428592703,0.27774965330272217,0.2792826784583344,0.2801451656251674,0.2796020559022545,0.27965881978268425,0.28074265389450054,0.28430220127440564,0.285559190258022,0.28736189657077577,0.28598070495969574,0.28712605957345266,0.28729021284499306,0.2885039375975053,0.2872382247598967,0.2861169029391154,0.2873868684482232,0.2884988056079311,0.29009308814023893,0.28745407692519775,0.2865320112071869,0.2854641482138952,0.28654498497904257,0.28673410517716286,0.2868567349138613,0.28691415270156695,0.2874635774965371,0.28837170105493587,0.2889679561143346,0.28816757541385646,0.2869184391324564,0.2875434644895401,0.2879537210596995,0.2883876108894044,0.2888387376350096,0.2888059725059019,0.2891396680001182,0.2892430756126862,0.28993082817734506,0.2903603571593659,0.29013824948727485,0.2908419869528437,0.29114569020627973,0.2916404295612763,0.28826220788336976,0.2845928587189395,0.28285344746236124,0.2812888598146622,0.2815701369054945,0.2842919369520602,0.28814889030035656,0.290535548347721,0.2902352926446747,0.2895239287918427,0.2887510466149137,0.29265713693296025,0.29814090875601096,0.30474069988497543,0.3066012817275894,0.3078691144959058,0.30873927300333825,0.3125569847654538,0.3143431912694109,0.3173310439118996,0.318752977884441,0.3189873713495394,0.32030231341131715,0.31879951465038897,0.3195937196960229,0.3188099197930204,0.3184444625288941,0.3176049707452222,0.3159179256421657,0.31480680980653525,0.3146635680709674,0.31417133367779193,0.31270605211230823,0.3105835528831571,0.3082044474190688,0.3078748160586126,0.3070834867416536,0.3062588656511507,0.3048234398081297,0.3048082906523473,0.30519919300048814,0.30584811793536404,0.3056720912014381,0.30586759361016064,0.30511946218262426,0.30490950106124237,0.30418509194873744,0.30356762573899465,0.30302469376870095,0.30271536542676497,0.30262923007491327,0.30230415640405206,0.3024686838365197,0.30244946778610143,0.3024117814888376,0.3028962079468304,0.30247420680514003,0.30332674936711485,0.3038145526135832,0.3037338430733033,0.30312013526064946,0.3026009097264163,0.3026282227919817,0.30228296111472497,0.3014917807225376,0.3008559870837816,0.30045308213823424,0.29939169120671416,0.29932200184260116,0.2983001171374845,0.29769355235707284
394486,72,"Columbia, SC",msa,SC,0.20456030018675417,0.20439900462160168,0.20590332664110783,0.2065674077375608,0.20666432731778106,0.20630427365317053,0.206644878106715,0.20688335039056482,0.20691370782641028,0.20654859088840669,0.20649834432216702,0.2068908703082602,0.20690054298546948,0.2065110792304104,0.20541107543243714,0.20505062283461659,0.2052851443414486,0.205730825307083,0.20574757543913946,0.20573929893028164,0.20633438078682081,0.20692477198354903,0.2077081484517979,0.20780757735457608,0.2074809644156519,0.20813429192304433,0.208713802974294,0.20908384991476134,0.20895319892106742,0.2093623770681074,0.21049345354138835,0.21130112614901742,0.2112539400629364,0.21153677135319185,0.21071023928388552,0.21137032682718684,0.21148042063924394,0.21240069144828153,0.21276376516752682,0.2129440272013514,0.21330109614503454,0.21353915584168462,0.21335562164054908,0.21406874130679845,0.2149561514534251,0.2161674935259487,0.21631929482533896,0.21665863940847477,0.21616187659704525,0.21603553883457027,0.2161378754991076,0.2163244369348656,0.21656126555014188,0.21692883367396584,0.2173844485364217,0.21739058933079128,0.21807113618237783,0.2184220243283766,0.22006719605214742,0.22106823774029746,0.2230904649786751,0.22378470826564978,0.22375188556122014,0.22099016686393033,0.21905325392761454,0.21933047429074393,0.2203707303772146,0.22099764012547593,0.2224968966344634,0.22433846673762733,0.22488462217348398,0.22407655888671574,0.22360321626412835,0.2241035839619236,0.22552167524245118,0.22701046481250825,0.22887906528775803,0.2303409359749648,0.23091048179621299,0.2329703121574482,0.23666041930815032,0.24195741677386148,0.24588767694749183,0.2467986039879819,0.24634246612275904,0.245825753448056,0.2462226326447681,0.2468142375774077,0.2478440773279607,0.24799643972943142,0.24846800592438253,0.24768664371715188,0.24772942170307846,0.24708065456162712,0.24740667755745663,0.24715224837243618,0.2462010987766684,0.24628540595717616,0.2463721455817017,0.24708282488803923,0.24676976648116147,0.24653681383417358,0.24699625530007255,0.24747799211038735,0.24855145705372048,0.24849458398048085,0.24782604978123735,0.24718315589916948,0.24687341230368037,0.24612474024505587,0.24501888788590226,0.24454685185065386,0.2444171334714073,0.24491798555657338,0.24500915327723616,0.24549590827849274,0.24517135484272468,0.2452720495701758,0.24580640867213346,0.24685406397846824,0.24803178209124424,0.24874760505223453,0.24949897005630997,0.24928159997902738,0.2491844093753238,0.24906934876505235,0.24890804260725113,0.2485986618193719,0.2487883428799641,0.2492483260714763,0.249342570092409,0.2487341279948638,0.24791426452369358,0.2473877474345993
753906,73,"North Port, FL",msa,FL,0.2787275585583979,0.2799731433888971,0.279024150701321,0.2786048226757294,0.2808234357095006,0.28207926452341286,0.2832341939860925,0.28268874931707016,0.28327920697462805,0.2842242622190385,0.28391193908868645,0.2824347961696231,0.2822183012728088,0.28401948994676623,0.2857123374448253,0.28468159612698374,0.2826017059455742,0.2829005456991275,0.2837421787017843,0.28427554947138883,0.2831437493575729,0.2823489527848752,0.28315903935498743,0.2848800521198888,0.28479811865170007,0.2839327408164931,0.28499359983200995,0.28774435446499114,0.28778615256218726,0.2857351950021555,0.28242944007489196,0.28120435369137764,0.2810156782875706,0.2816913965456422,0.2800380171380911,0.27890135712575137,0.27744575555818085,0.27792013965575746,0.2756324892561926,0.27351369625956384,0.2725622885198006,0.27249154161864875,0.2729407331714093,0.2723637971933368,0.27257690432724047,0.2721054999114699,0.27204846534241484,0.27139698955876773,0.27160132234885487,0.27107083949050675,0.2713458380253296,0.2712092150974477,0.27153819761248316,0.27179686221687027,0.27210952604397903,0.2723933032993825,0.27228260513192787,0.27227897639570353,0.27272805013481244,0.27311046679972684,0.2732482536046383,0.2729296652845297,0.2713499212547012,0.26782306982007603,0.26454222427016827,0.2632535011211055,0.2631011205159931,0.26286357420331546,0.2658471422431658,0.27009119048500146,0.2746400738756817,0.2762686711664603,0.27341239290526137,0.27361488434902687,0.27720914365139165,0.28339991398960673,0.29037059533503123,0.29595876852609576,0.30323236519960567,0.31118176694403016,0.3202686133810724,0.3282135117381963,0.33360142582679714,0.33558405635526817,0.3391505960025322,0.34039369802466934,0.3406966753686471,0.3417411792670132,0.3419686314430432,0.3431568295251954,0.34007161279778686,0.3358882683107567,0.3341899151490283,0.3332358429583245,0.33552632250498765,0.33552306156450107,0.33679336106840957,0.3369144797525973,0.33820887470691186,0.33715920553017853,0.3355027371323122,0.3326207053823759,0.33070485989490916,0.32914688070484344,0.32796881723218724,0.3264735480157368,0.3240758760031185,0.3227827179745297,0.32092396589305655,0.3207195496792822,0.3188839005767163,0.3177032750272786,0.3171956941023755,0.31708027066965727,0.3157451104831243,0.3159486521855883,0.31530036687801716,0.3159573945526409,0.31451133374036316,0.3139257736279609,0.3124797270086203,0.3113596383520589,0.3097886104137047,0.30826258445309956,0.30651461290286747,0.3051096625877362,0.30472325734652655,0.30305871813161045,0.30159334692533163,0.29909182605689744,0.29778647354614624,0.2955550218723975,0.2936350661373215,0.2909091362622262
845158,74,"Dayton, OH",msa,OH,0.17994632686145182,0.17973139580745304,0.17893755214350338,0.17874121279327324,0.1794176328571299,0.1799027930429312,0.17969774043421072,0.1793705453744646,0.17851020631193615,0.17829483139993216,0.1781939001300216,0.17883424839725162,0.17868806950686703,0.17887076791001058,0.1794072761367591,0.17912961515811654,0.17877065873744838,0.1782119116623236,0.1786395760955726,0.17849626442996686,0.17828024630882705,0.17770914394107715,0.177456673149781,0.17704165099429328,0.17752256043228612,0.17817514797949682,0.1783973865932558,0.17813559445282884,0.1782260649172213,0.17867703122734405,0.1796509022004921,0.17935043026523437,0.17966468220134144,0.1791569447792366,0.17909053659510896,0.1789440784749741,0.17850702835805712,0.17862493213161046,0.17874559454802652,0.179562906888765,0.1794585315724613,0.17974566320264915,0.17871163435033238,0.17889996690644738,0.17902771892742578,0.17985717910665744,0.17995628080102566,0.18022460780345617,0.18048444963242,0.18010157111832445,0.18007943990445333,0.1799009854274969,0.1803404835652964,0.18067178964995279,0.18167422998078506,0.18250184252087956,0.1833139224410976,0.18407487597016237,0.1851730847072243,0.18636083803798673,0.18759958824779047,0.18877233242129446,0.1880215143679567,0.18641247395027985,0.18486268193744362,0.18479994373330313,0.18507825894671395,0.18488012022451553,0.18478144203932156,0.18572314693976286,0.18644425603967973,0.18694618917405836,0.18624243167336152,0.18585669496301951,0.18722470684277795,0.1893449453907459,0.19093918316386604,0.19132633263645377,0.19096201661670129,0.19189219418603184,0.19578730435339872,0.19950253385834912,0.20260778731733195,0.20231014849265747,0.2017227139069311,0.2021515761787949,0.20179922790358276,0.20188835470800914,0.2014243239372199,0.2020022295247142,0.20287233419227454,0.20262830279302715,0.20305737702391347,0.20309074663848756,0.20371336087586567,0.20353331246927356,0.20388200335159648,0.2036033083156993,0.20337572645580573,0.20339590453114878,0.20419436877308006,0.20440855310412556,0.20397554760147327,0.20422209266789607,0.20416546990825163,0.20469940919939655,0.20446984964335024,0.20443237405775933,0.204602563950174,0.20437487003008656,0.20509059437874785,0.20438944648508284,0.20408931002837713,0.20324632540752383,0.20345243282477185,0.20338402579929818,0.20375531164691985,0.20406856296604464,0.20427160490280494,0.20456485336818267,0.20476849960198526,0.20533615728914575,0.20493199589570682,0.20522442060745055,0.20496760888237744,0.20548021038446085,0.20546561362876692,0.2054929755121112,0.20541531387994277,0.2051859285808936,0.20521771046718518,0.20512613428196405,0.20482968511546643,0.2044893792612511
394457,75,"Charleston, SC",msa,SC,0.23172986466421971,0.2326699116278018,0.23383600599687016,0.23262980980287135,0.23244829768366537,0.2325111225502812,0.23362477365046608,0.23371982094116106,0.23346502517087606,0.23375403929958388,0.2339746894575752,0.234389179368348,0.2338995380872041,0.23401875623004928,0.23418043478381734,0.23467971143801042,0.23503469270974467,0.23590242307345594,0.2362936027358704,0.2366110359566294,0.23639149915587157,0.2361492682304226,0.23610810707488677,0.23580269074341273,0.23681606025671686,0.2369016393698144,0.2370180538706439,0.2371085794835557,0.23771566351645057,0.23759827143291057,0.23696698350359,0.23611760707662993,0.2356722673941812,0.23459984866498312,0.2343576933431552,0.23361058374832874,0.23255832940674928,0.23211689535568447,0.23093533426635146,0.230416281984364,0.22840312776758634,0.22772599224165802,0.22721871001679608,0.22750464039884075,0.22745300250183065,0.22758746569259355,0.2276240591576137,0.22764813393838065,0.22696478539675224,0.22663297578455596,0.22665924545011285,0.22613218498378992,0.22653934456958263,0.22651162108773848,0.22669147946953325,0.22645398968309474,0.22690770561846552,0.22756117981851198,0.22791822946337484,0.22878911031848934,0.23014506764342868,0.23068037258729088,0.22842305602118312,0.2235438590177735,0.2196038944510504,0.21863049120638808,0.2192714720550168,0.22042370576358253,0.22141887373531688,0.2225260051140612,0.22402920467581397,0.22400272362713836,0.22529914138188623,0.22623067967886418,0.22866921043622052,0.23085449740857397,0.23354785792985133,0.23532602016329815,0.2370382872114069,0.23959024768670742,0.2445044301742439,0.24940461124515267,0.2534198602348866,0.2541042494447052,0.25320671886196233,0.2528066616884579,0.2529437781452819,0.25510558282647333,0.25679703995444597,0.25841560348570514,0.2590003154223958,0.25898789072804146,0.2593426809432231,0.25970398537957756,0.25950697228626257,0.25891031555354715,0.2577242670694757,0.25787657146584464,0.25872183330482107,0.25943843236422937,0.25959418250741195,0.25866757341857977,0.2584058032984708,0.25782081781943955,0.2571835911227439,0.256430197528854,0.256056268921697,0.2564527019582027,0.25659036359030163,0.2559291695391673,0.2543458170041427,0.2521556658779511,0.25091106052103596,0.2505636548421889,0.2504970259296032,0.2500851506959891,0.2501523673502216,0.2499743104303194,0.2495801133494446,0.2485006106900763,0.24807115506277982,0.24769537372356895,0.24755698324676187,0.24741436114932336,0.24694036296534244,0.2466746996668409,0.24612312384973473,0.24603567533619172,0.24584537654424746,0.2459003700183633,0.2459805395290004,0.24601528364505867,0.24598098562080092,0.24603044413169564
394648,76,"Greensboro, NC",msa,NC,0.2069699099960028,0.20724695499526327,0.20780197402678313,0.20936553085060655,0.210187784951416,0.21011778283392865,0.2095872725741487,0.2084715507803905,0.20759813314096456,0.20666585179599184,0.2068815173017931,0.20597383927517499,0.20559033924682968,0.2045088628904196,0.2031588473948075,0.20172748903784415,0.20106599386195728,0.2009367524219223,0.2008077866049412,0.20098708439377339,0.2020521812171416,0.2027779729033529,0.2030435839245255,0.2029887187226566,0.2031154229933683,0.20325156319662133,0.20395953133474257,0.20363355778139916,0.2039557446174266,0.20374423394961666,0.20454238151673398,0.20450886697408216,0.20393041279989024,0.2035900763558758,0.2025589544461631,0.20276020651176996,0.20195752951603885,0.2028825501023989,0.20286384592004106,0.2037307991572174,0.20284035252836188,0.2030367508597662,0.20331255148808294,0.2041845382745664,0.2050452355679035,0.2052490847088601,0.2057558784124929,0.20586478699395663,0.2069940008998173,0.2071702242843618,0.20741956788761853,0.20744823746337213,0.20847146244240894,0.20912948579912063,0.20933927602596564,0.20946676685116886,0.2098032424524833,0.2106362684305855,0.21164098695666309,0.21239803716083933,0.21279905617244463,0.21284497815941342,0.21099197151476265,0.20800539728998627,0.20567118192462558,0.20581176045897018,0.2060641113412808,0.20777867001848663,0.21027479870025254,0.21280776531140674,0.21388774160133373,0.2128795433208821,0.21149263878425958,0.21175614335729034,0.21447501017860707,0.21783566820791472,0.22047296733367233,0.22053330962894005,0.22155615371247428,0.22309718244057355,0.22729184862037663,0.232072565262805,0.23591990763177798,0.23670022887824677,0.2370583993055649,0.23715032773450398,0.23811443360517298,0.23844130743022013,0.23905733657228354,0.23988341899477136,0.24077590163695675,0.2409098608477787,0.24152873572871317,0.24183814559834188,0.24265078029302706,0.24341488513987156,0.24344029666160102,0.24407903821751809,0.24389412513875322,0.2440758488486997,0.24358767813603993,0.2440731464779904,0.24373755180461334,0.24339520959680486,0.24351357056654566,0.24351065500807698,0.24410371305566,0.24350650886099962,0.2441109897393312,0.24326857848605513,0.2437344318526646,0.24347025369991776,0.24464288903621562,0.24431432521529078,0.24373891183253354,0.24314297185397146,0.24303105432461883,0.24346990639333907,0.24383403041304041,0.24405854051636391,0.2435997202583647,0.24359240482020197,0.24301331496690445,0.24281039742960744,0.24178876195998036,0.2415973448761418,0.2419056766132953,0.24237617622048999,0.2426070832459642,0.24255113933118064,0.2420915349149193,0.24197077874147727,0.24188694515650153,0.2420390527429418
395134,77,"Stockton, CA",msa,CA,0.2647323203049984,0.2647102086709035,0.26540058746895107,0.26660430687121833,0.26726179637738967,0.2672609713211311,0.26620987469616114,0.26677327938731765,0.2675438752879241,0.2695539512261819,0.2707745372244255,0.2712077061921804,0.27182275624333646,0.27355463167431116,0.27491355141545926,0.27479591859325364,0.27492152933664266,0.2768173577263384,0.278466111467799,0.2778590449614093,0.2786219444168582,0.27869848981571904,0.2808035648195511,0.28113122407609537,0.2820148795265424,0.28163068857780577,0.28076894791467477,0.282266625380604,0.28316555216811845,0.2842293840916001,0.284416362991518,0.2869522816370444,0.2876807271683303,0.287923404061616,0.2855739374845374,0.2865437582061149,0.28710753974633346,0.28938080015630746,0.29068825512358853,0.29124265754603995,0.2912291741653569,0.2904326137788101,0.29042069137371296,0.2905231971687749,0.2914730475326615,0.291530614622006,0.29287293605473286,0.2922025045728476,0.291887856757148,0.2904159108250532,0.29045752210272946,0.29013984070300597,0.2905847864516657,0.29143831733572345,0.29227983083362946,0.2922931177337,0.2922353629681124,0.29321012037163563,0.2941234797701115,0.2954877117928709,0.29672218216443375,0.2981080406065057,0.2945473993906016,0.29111516827997336,0.28777802481457987,0.28516618207668737,0.2841856973007855,0.2842802477915963,0.28725397721679247,0.2911996658848184,0.2937939675983742,0.29513827778720475,0.2939862422399379,0.2936874101515449,0.2969094885790136,0.3016113359646657,0.3075597838636277,0.3089556708012976,0.3094330487253677,0.30868461693367605,0.31048380091161343,0.3108462234547178,0.3103931557711336,0.309414594002788,0.30894880914040507,0.3104191267017654,0.3095329563773676,0.3102187167997692,0.3077933177402796,0.3066744354511669,0.30389772879016724,0.3031835385186589,0.3024222409043815,0.3024449741685212,0.3029187715164613,0.3018940020618773,0.3007835578081452,0.2980882586045353,0.29740116646629605,0.2952902208724581,0.2951314947901615,0.2949669164994998,0.2959327284076002,0.2955720561899732,0.29565772240923704,0.29527724819435497,0.29494080778545795,0.2935511124486466,0.29331158512845046,0.2934802421797245,0.2937595809526617,0.2929337600825188,0.29229967210938845,0.29108824622945817,0.29079376916420985,0.29088609531625137,0.29083812385784313,0.29034824741171744,0.2893161371113004,0.28837514606151043,0.2888090322413307,0.28992884151768905,0.28890760191483134,0.28889067753457603,0.2884360758718157,0.2887245157535484,0.2882074553313523,0.28768216016417275,0.28736676526929605,0.28751569703118357,0.28792574841309077,0.2888066326832026,0.288289712931439,0.28730628098597716
394440,78,"Cape Coral, FL",msa,FL,0.23086169632922313,0.23309950987535324,0.23394099282909597,0.23666059189988292,0.23819882451309105,0.24068483432663804,0.24219763088899293,0.24298135131021956,0.24453986300994401,0.24484955284932444,0.24755706315395518,0.24775178322474814,0.24945643329750317,0.24806394578883895,0.24870496692175836,0.249249489173286,0.25034610654894135,0.25095139158750285,0.2516694147696626,0.25283468467916737,0.25347398913953567,0.25381603772862366,0.25386846073473274,0.254277584337386,0.2548191559932716,0.2559094170601957,0.25664216213637225,0.2565972990392071,0.25622429857931406,0.2553614665852581,0.2549325376733319,0.25431591167208756,0.25412923654968683,0.25412904355170873,0.2544002024055532,0.2546008800783494,0.2549730795618037,0.25590184058986876,0.2559158152161169,0.2548447966424844,0.2539560828860182,0.253005230067795,0.2529322404770973,0.2536158734873166,0.2529661528966878,0.25257353553435774,0.24979361612918768,0.24896030314783452,0.24760892715353874,0.24671061032122008,0.24571022369419124,0.2457155236836724,0.2456449014874414,0.24592043185239487,0.2453276601945065,0.24418423768801348,0.244214437064211,0.24408386518302788,0.2455099229515113,0.24540066832290444,0.245458458920181,0.2447032389793742,0.24508006725042802,0.24180197012093155,0.23977900719641335,0.239551531417227,0.2413010312590426,0.24251144052755805,0.24498777251795628,0.24783013999783762,0.24899382651215166,0.24860231822092715,0.24740026299637194,0.2481800992473391,0.25201253635554194,0.25642972060731284,0.26082791797884824,0.26474543151843505,0.2697648800913458,0.2777392864421143,0.287739682536956,0.2958538268490959,0.3041598006633546,0.3096863406807905,0.3155674979590223,0.3179519144024859,0.3188168360995412,0.3234929036641232,0.3290259131119245,0.3315868087058368,0.3311090211809221,0.3273126377133856,0.3257272346590559,0.3269577880545138,0.32939790930519663,0.33000737047288103,0.32744187940057967,0.3258489958642981,0.3261147592601923,0.32341829131173255,0.31924124280395966,0.3146397390586547,0.3106958811949078,0.3082205078926956,0.30495905064992757,0.30248687620570325,0.2985769313736093,0.2958404082871178,0.2938059374653992,0.2921465367423956,0.28871740094193266,0.28528852276466504,0.28257726736795313,0.28104503145065013,0.27892440230016813,0.2779657904910787,0.27683001008929503,0.27553108255175857,0.27341318061526243,0.27053099113633383,0.26877684098655363,0.2666390212383615,0.2652375289558444,0.2640777298708156,0.2627678587154529,0.26138273138654927,0.260482622440588,0.25845283639845756,0.25659496785699737,0.25409361749816256,0.2524367461393182,0.25101356693611676,0.24928011815538806,0.24755918866195298
394399,79,"Boise City, ID",msa,ID,0.1966515130630424,0.19626736004115317,0.19614815682327444,0.19538817061833358,0.1964926749218656,0.19635025077104198,0.1972406454172128,0.19727612830139646,0.19870634294557038,0.19942261407318182,0.20056142754910466,0.20167589564602628,0.202758050021739,0.20423662924436672,0.20460122899353997,0.20580976982818214,0.20573471214080405,0.20673406686895285,0.20698288645076443,0.20785330108651304,0.20781354755596848,0.2086625900742917,0.20822032720424674,0.20848529370682034,0.20788797177036308,0.20806126707854986,0.2089478646967602,0.20981160647306313,0.21058580723348025,0.20983752373650144,0.20971106044123763,0.209879776222146,0.21048559995665153,0.2105697004247893,0.2109621562008748,0.21060301429068679,0.21114594875989426,0.2117603974333778,0.21158268487948523,0.21155168627997378,0.21126567927753157,0.2127994942882393,0.21365582742863576,0.21429597670630102,0.21500127005379266,0.2151689034236036,0.2161580796532508,0.21619785959225093,0.2162280165245469,0.2159764644144351,0.2159697480885257,0.21561672422567388,0.21575681025644539,0.2152790392260806,0.21519309517386198,0.21516012484205096,0.21596772759805982,0.21741161068037604,0.21822092594527656,0.21934566278619816,0.2200696814094429,0.22057088797911384,0.2185896362870269,0.21473778031109061,0.21177979294845017,0.2106084948949144,0.2121486878111011,0.21433910466226389,0.217862323676063,0.2220834669699996,0.2257650476408828,0.22847573165305193,0.22885332678347528,0.23015522573659636,0.23319967533813146,0.23823273466492073,0.24352569963395687,0.2468570240605372,0.2484834663205575,0.24942102537442504,0.25160907179205727,0.2537223905648668,0.2561424370003447,0.25439639916345397,0.25338958628270764,0.2519804830832066,0.2512177717456007,0.2510414975124326,0.2503136036057832,0.25033501898111404,0.24945652695120643,0.24864537585033736,0.24743340659442437,0.2449318380644579,0.2430736146714102,0.24104712722659236,0.24025536703645262,0.23898422647642067,0.23920860315763462,0.23820208094918466,0.2363338946301528,0.2341685719196299,0.23257504828601935,0.23160709008337876,0.23117827683523617,0.2314948353937341,0.23068069515221074,0.2308149069999181,0.2301142798897252,0.23055517617639681,0.229465181589272,0.22825267490418494,0.22711709378040473,0.22617135643996095,0.22552344845269745,0.22496921855112673,0.22500304953796008,0.2248393593118917,0.22464435497785684,0.2241200715577408,0.22422309216769687,0.22320780416010064,0.22256095841944498,0.2222991313233768,0.22253862880967815,0.2231422419116822,0.2235662182755326,0.22366428443179762,0.2233707982018555,0.22315695786080056,0.2233528253011766,0.22333600371953474,0.22324027333710691,0.22361908924099572
394484,80,"Colorado Springs, CO",msa,CO,0.1918353228626624,0.19265193309039924,0.19248186517655225,0.19258872883951944,0.19290780123886486,0.1934640108589423,0.19443108311152318,0.19487875239172694,0.1948031791751157,0.19469190032120964,0.19511781097673253,0.1954247384679209,0.19559902913219276,0.19549081878922894,0.19574212375573297,0.1969579763072139,0.19757439989717718,0.19911328487995858,0.19918395746791334,0.20029935764471543,0.20093257009944493,0.20231699244581125,0.20274064401129444,0.2027319133956528,0.20256323759846384,0.20349454162389974,0.20464763227196914,0.20547610228889607,0.2056281488694865,0.20587777000512678,0.20631453754179616,0.20697385539209567,0.20760395892410335,0.2075118325554483,0.20753920669419232,0.20777737657775672,0.20890076286667364,0.20895538768064545,0.20878333243229139,0.20854243834566732,0.20891449012061744,0.2085626869811,0.20887278167637824,0.208781267958479,0.2091647124483004,0.20898041379719604,0.21005386335191012,0.21030212438103735,0.21093068852190325,0.21122920206974338,0.21176234132201208,0.2122895089074732,0.21275964969875846,0.21337032016007348,0.21364096846984984,0.21396039529328975,0.2145279367741397,0.21578122602725858,0.21604344729091807,0.2161933209052265,0.2154891227049262,0.21528195649564152,0.21513815973559305,0.21303486192028903,0.21084254054303309,0.21017599017205377,0.2103579607557694,0.21160319364535804,0.21415713537643077,0.21719862270596965,0.21999108140726442,0.22000778017435624,0.21932467533713385,0.21935471682047786,0.2211914919045797,0.22409994119253326,0.22679422090524096,0.22827718247386225,0.2296145966969631,0.23096801695122934,0.23326651431114664,0.23481809441329551,0.2366388108035222,0.23625585703038846,0.23555124269053687,0.2341425978083461,0.23375362058646793,0.23391004289614228,0.23422707381741412,0.23367315480775175,0.2323734344562347,0.2305639084303074,0.2298440834315844,0.22963762263660853,0.22913359537603473,0.22901050304514947,0.2286636046201423,0.22909733619793163,0.22996002018394018,0.23019216869568357,0.22996219106968246,0.22835550274085198,0.22713029831495332,0.22606672370369923,0.22635714970565157,0.2266395164025926,0.22680288605055796,0.2262193176521446,0.22583934856364055,0.22544961060692625,0.22507059518829442,0.22412496565313492,0.22372734358154328,0.22345966794494643,0.2238811022621436,0.223448948863476,0.22326612899206302,0.22299852818968668,0.2226802633683202,0.22220190354676211,0.2210377623205679,0.21989569890033558,0.21884093493221018,0.2182925415291845,0.21746726446219364,0.21718594281613665,0.21631415867333262,0.21606339844850508,0.21508424562420247,0.21410387324726435,0.2132118480762461,0.21259275893942786,0.21249139412388643,0.21226726342386767
394798,81,"Little Rock, AR",msa,AR,0.19105008154344089,0.19201424997513603,0.19234613552465793,0.19251544614970567,0.19310447470561998,0.1934566163017627,0.19374810442382068,0.19339405932792184,0.192684573644374,0.1925287019042409,0.19221502604342025,0.19159912894311687,0.19041834733122973,0.190143367937472,0.18926054572835632,0.18945014480373884,0.18840267717557868,0.18814696859479832,0.18760572002435535,0.18789131319524927,0.18842883811760702,0.18899565413962158,0.18929007671096085,0.18997578278188038,0.18990460888434582,0.1895197387106094,0.18890166604249858,0.18883698917829925,0.1885790525313086,0.1888337836278371,0.18872288230926423,0.18927305778200884,0.18883383530310224,0.18827074378656525,0.1884742821088304,0.18753344802965596,0.1877340664917622,0.18693228171189033,0.187165746863508,0.18700218619431117,0.18646166469358721,0.1856442075934385,0.18494585581057965,0.18478158290724117,0.1849592098374651,0.18469883433119616,0.1839652437243227,0.183559245330133,0.18347472567066953,0.18364342724809204,0.1835893949072223,0.18333629971746068,0.1837401931873359,0.1843835086817275,0.18523267207117083,0.18517640605066163,0.1849810016696593,0.18510454657613,0.18537988422441057,0.18635117448869135,0.1867819768157342,0.1871450504641364,0.185411752418896,0.18343265723053723,0.18140078583760652,0.1824413576911459,0.184024716451435,0.18599269783044808,0.18861794155759773,0.1909311985281607,0.1930797959142362,0.19334651941119643,0.19312591279104413,0.19354691003809998,0.19562802799270665,0.19838328513784018,0.20002048378715223,0.19936709049310639,0.19804976691606166,0.19879620513136587,0.2017386263714843,0.204789966365573,0.20662470108605827,0.2066272113966947,0.20729976806543268,0.2073821477202958,0.20681345031313253,0.2059026703819494,0.20596624228075847,0.20621169947915058,0.2070072292593392,0.20609537120254548,0.20605152647388075,0.20526308036651128,0.2055807531295528,0.2046397648647383,0.20331000085627132,0.2024819462006047,0.20273946845384141,0.20334178286702687,0.2034024674893359,0.20342982630870166,0.2032978508119459,0.20276207749341826,0.2030693387957888,0.20362941901384934,0.20466638520630934,0.20484552709497017,0.20505030394032375,0.20476804625950062,0.2044071462219596,0.2035977548361115,0.2038746225561483,0.2037114193084522,0.203187426957613,0.2025354401407882,0.20191899672765132,0.20133982617033255,0.200256908159227,0.19957233161121685,0.1993973017419077,0.1996290594075395,0.19937585542818573,0.19929238710485092,0.19848891276965833,0.19799032821436985,0.1977239748137131,0.19801807209367422,0.1980979964271817,0.1982129609208194,0.19824646783726632,0.1982694478774278,0.19827300142102047,0.19814144448940843
394766,82,"Lakeland, FL",msa,FL,0.26779943460392996,0.2676216343345071,0.26969204689810594,0.27173600145300275,0.27352973304213274,0.27368861984724063,0.2739015139380882,0.273590497499023,0.27325604627880523,0.2735107310864354,0.27395569563475514,0.273114084564298,0.27394507903011567,0.27361806645171777,0.27387704990961276,0.2732455330531803,0.27302428662984535,0.2737047560098533,0.27371637020567025,0.27479130666637996,0.2763326395950165,0.2761323940772019,0.27561305580686435,0.2748512446388442,0.2750973785542641,0.2756220604395151,0.2754192194803868,0.27474880536220386,0.2750522473822561,0.2751342068963057,0.2747731767645007,0.27371599383816864,0.2737801529058264,0.2748679439208521,0.27624391619390415,0.27703594914167395,0.27712876831121064,0.2777217942489758,0.27901040148234535,0.28080477157936395,0.2822267228052899,0.28279014175527484,0.2837543747346814,0.28384638796036027,0.2842452680652393,0.28433021050891427,0.28509785004244687,0.28579411445811514,0.28573858466748375,0.28563218060212925,0.2854358597493348,0.2852515081820472,0.28489581660510144,0.28550869048976646,0.2862292094961759,0.2878435083157742,0.2892667320950519,0.2908571555839187,0.29179127261278826,0.29288983647097144,0.2946132102855857,0.2958446349117823,0.2949273656054135,0.2956827317077082,0.29336869040269736,0.2919209151320071,0.28940434200176396,0.2908623534670173,0.2956393613612986,0.2987320334519222,0.3017942872615588,0.3004112355469065,0.299505404032999,0.29755518849522444,0.2999952723860989,0.3024678572415429,0.307153741540676,0.3103664911837896,0.31404112475047746,0.31742181808880476,0.32378761513425525,0.33064474187746973,0.3361567551735712,0.3374993086525346,0.3377571943160659,0.3382563693676501,0.33861309049682276,0.3381353252493846,0.33858617786720224,0.3389502379301844,0.33940340029138677,0.3375930606715178,0.33632542644743446,0.3362020353063559,0.33670501078219056,0.3371799341819849,0.3368146859913418,0.337097308755344,0.3375315911961375,0.3370936169288461,0.3361107869704836,0.3361816618657501,0.33558694930020266,0.3354603233578859,0.3336126096523147,0.3324505830748248,0.3310528578707495,0.3306772137859746,0.3302106198559824,0.3304513415073888,0.329753293744383,0.3293904456522445,0.32801338832421034,0.3262082219892481,0.32473359402993157,0.32419659234646736,0.3237784226975352,0.32300430277663666,0.32260521501472245,0.32280515081271177,0.3230822361202881,0.3225269269257438,0.32138400636884285,0.3203144638500297,0.31993128516968566,0.31975632286804656,0.319546993989407,0.3187633099923481,0.318751407936805,0.3184001617692389,0.31765260377107535,0.31583485587440935,0.31388570035562646,0.31203553107539655
394304,83,"Akron, OH",msa,OH,0.16638160352611156,0.16736487083227178,0.16769176958751378,0.16804703014440417,0.16845846964463163,0.1687950216092715,0.16923846313938276,0.1690384159509094,0.16824610700285297,0.1678419547502327,0.16701407793860124,0.1678039516985756,0.16839193344181733,0.16772064300293096,0.16624372168742085,0.16512544459692594,0.16510338216935339,0.16599172935785886,0.16597661789429463,0.16601524306463367,0.16580093112259758,0.16570274674563001,0.1654288280941367,0.16405348437064451,0.1630635200197321,0.1630819037792537,0.16343971347658456,0.16370467142825568,0.16326249087748423,0.1625838185256285,0.1622747789114384,0.16158152986445026,0.16150618819876716,0.1611688811851117,0.16106085453548663,0.1613295142396332,0.16162279406583355,0.1614936812718301,0.16119716977876175,0.1611983514876582,0.16085834177550104,0.16081540558853938,0.1602074604159402,0.16009605876658148,0.1600239879018767,0.15998045196794003,0.16040318148095928,0.16037703018050845,0.1602802392117981,0.16048989956664034,0.16060719385564914,0.16044723528567162,0.16073778334121655,0.16116169483224002,0.16206577394363977,0.16281555992192304,0.16360574921615684,0.16450895921729342,0.16500801637916132,0.1659636008407031,0.16691560820995877,0.16738005748239146,0.16705870213516014,0.16615327583412304,0.16599933404087328,0.16573411298155907,0.16599146166405152,0.16585673585895466,0.16661322694830058,0.16771322784381523,0.16872631749352662,0.16895826619367202,0.16887926688055888,0.16927914930770394,0.16948741454530777,0.17062269722273365,0.17252495530504014,0.1734224828848965,0.17363869936112675,0.17433139694472272,0.1766757959030803,0.17909995173639934,0.18151426002011156,0.18154300133324938,0.18122259751487826,0.18161569089501622,0.18260019480625553,0.18378542055563296,0.18280057256329654,0.18378425894918152,0.1838373116278525,0.18451763163218876,0.18542524153078846,0.18691816519032256,0.18812986149656408,0.18910015189667492,0.18880018361640563,0.18815841341938846,0.18777957319030777,0.18910068645795994,0.19038976703933094,0.19047374984154633,0.19032679876234326,0.19005115670249265,0.19023503952984736,0.19037908260799122,0.19138957219965252,0.19222052580792476,0.19351255278471052,0.19390650201603413,0.194035723233307,0.19356334373265321,0.1940813600843609,0.1947762688838364,0.19568389417950444,0.19600990110536434,0.19567070657528124,0.19661569118940211,0.19720048570888318,0.19701185271383928,0.1972500896158834,0.1974944363131309,0.197970093707707,0.19789765238445012,0.19751560396335066,0.1974134349043008,0.19746495221819657,0.1978570930662032,0.1986694459748855,0.1984123667950866,0.19801296912712651,0.19822049584346887,0.19806023795039301,0.1983371106568868
394531,84,"Des Moines, IA",msa,IA,0.17637352147526258,0.17592959107089462,0.17589031752393547,0.17602694768181867,0.1773768118831092,0.17759016810122696,0.17776618571424274,0.17655597074302107,0.17588159704071382,0.17530036525886464,0.17536256761809965,0.17561664759423476,0.17571513024285584,0.1757522037192779,0.1747156636163814,0.1744494684026433,0.1739664004429657,0.17323808585118322,0.17307032298294983,0.17292347703586894,0.17398548973830616,0.17463784204043264,0.1747505063534793,0.17311673587708876,0.17190051038780385,0.1713972444404323,0.17211620887237883,0.1721965727126306,0.17131954620732054,0.17104532635760272,0.1708650848851709,0.17119320336657984,0.17162513514793995,0.1713611475572497,0.17123316639988487,0.17070824766553575,0.1702917318596451,0.17070986612083128,0.1708006075138597,0.1707755111265597,0.1698235540708073,0.17072767832850846,0.1703546334142682,0.1705255725164101,0.16848052986202453,0.1683716810462964,0.16780970732664055,0.16904876573829297,0.16939905210834355,0.16922282619865078,0.16895853661532853,0.1689456103012162,0.1701540311259684,0.17015669522302065,0.17105759671206083,0.17132210771079354,0.17274713045901896,0.1730964499092866,0.17387881819684484,0.17406197780577592,0.17487352178198573,0.17532686202622336,0.17317478728502397,0.17086518572230558,0.1687596728310041,0.16881339713039595,0.16934729316842267,0.17026621343330015,0.17049825999337656,0.17160520709127067,0.17197783715820644,0.17120506213780165,0.17011779172314595,0.169591399572753,0.16962163878508618,0.16937132063006954,0.16904840935941184,0.1681046784945886,0.16712121178788947,0.1668637499769475,0.16984439706396834,0.1728741313541086,0.17533251159061702,0.1754181577150022,0.17516834987037402,0.1750237494642384,0.1746941599580053,0.17473432091235322,0.1748860165320073,0.1744035445294512,0.17390953804183445,0.17285071501705332,0.17228667006081796,0.17145049784960478,0.17119785642147778,0.17130745931315094,0.17123336027680355,0.1710010274787338,0.17143253471443673,0.1719645592497446,0.17225892558306383,0.17244474900049397,0.1724952522563924,0.17282490055758,0.17254951728759335,0.17281844200237853,0.172884888584348,0.17307769734050904,0.17304380988140736,0.1732682010659555,0.1727532307190368,0.17267381675187587,0.17226702028474597,0.17214832292199014,0.1715689699432156,0.17098134349657845,0.17097369349265748,0.17106915633388478,0.17100255097549308,0.17034176564959433,0.17001458040564013,0.1695927372543748,0.1693690885427477,0.16868513133544402,0.16832277301782583,0.16789025699602378,0.16785014142139557,0.16782437356203603,0.16788149348663484,0.16773101694821727,0.16766348485983798,0.1677778507479242,0.16771188068113518,0.16766651983217457
395115,85,"Springfield, MA",msa,MA,,0.2427657662014131,0.2402103783623969,0.23862479237403764,0.23564953215301937,0.24038207180311222,0.23947444184163424,0.2397252354920258,0.23944426913368683,0.2408539148306962,0.24227574110294817,0.24204387606503186,0.24245630858242928,0.24166683314078885,0.24448882151783455,0.24503555409359865,0.2457753578480588,0.2439087282291106,0.24688617366314605,0.24754900758174378,0.24926568666380072,0.25026775287475755,0.250965671175314,0.2504024887281494,0.24777941909405163,0.2480070375945849,0.24948231240124025,0.2526188895156572,0.2547226378718443,0.25474542720769927,0.2534196343140202,0.25409438775743054,0.2532526996177754,0.25349374353053267,0.252708529795518,0.2527277732036009,0.25272484546435287,0.2518362656048772,0.2504738076259863,0.24927837241817785,0.24909033805840378,0.24995329933998464,0.2517381233911521,0.25243888398348635,0.253894312635917,0.2534181006639356,0.2522140649394271,0.251261283110669,0.251158445393385,0.2502081547339126,0.2499516190009232,0.24929331898227913,0.24841311800749663,0.2478937934799139,0.24656034680183975,0.24573816332242687,0.24569473840920864,0.24681776433105354,0.2489646500210024,0.2504535958162664,0.25164957269042393,0.2531259551753038,0.2504142210579803,0.24688044647947788,0.24445918069199216,0.24432985002955188,0.24615837264714913,0.24691242592011287,0.24856835495719487,0.25179461007413817,0.25179011767676446,0.25322136307872206,0.25256262171593413,0.2556834393762078,0.25943747755692775,0.262089788093511,0.26293257526791153,0.26114490718468586,0.26146979937569614,0.26267082195119135,0.2664653916373765,0.26740725237963775,0.26991090463572237,0.271125292036474,0.2735816229214458,0.2764038043687311,0.27681722139563253,0.2800419256962046,0.28064627891496896,0.2845245662326221,0.2846913048372294,0.2857782309028722,0.2841990659007423,0.28717964435985194,0.2887874491677007,0.2915258653192495,0.29179694423326075,0.28981593971003416,0.2876618192263942,0.2866722453310735,0.2886990043787986,0.29026341260691074,0.2908961444949392,0.29246154291701354,0.2937992961487951,0.29249726015545224,0.293657568145704,0.29305068830018843,0.29395140653760987,0.2933334005404493,0.29383839051875565,0.29386377851230666,0.2939229696400422,0.29326409769971473,0.2927661778236146,0.2913461410130711,0.29297221578714544,0.29409267396713173,0.29385977598059,0.29283494377278035,0.2927020487567074,0.29475015306357766,0.29577012905497474,0.2958565952959543,0.2951655681588807,0.2955364320620905,0.2970300428238017,0.29847088953704953,0.2978816462079277,0.29807425101827184,0.2983725275704539,0.3000777611226335,0.3008797350199541,0.30115821544235927
394931,87,"Ogden, UT",msa,UT,0.15523637210273097,0.15462686574720966,0.15437148168359952,0.1538511805033828,0.1540377570833273,0.15334856766462082,0.15367612383318374,0.15323415157278317,0.15392778761433165,0.15470431960580608,0.15470369530469083,0.15451658384941816,0.15435801971770835,0.15533023344267435,0.15587000610585092,0.15591922807751138,0.1569386198349202,0.1581812912170049,0.15932151247973123,0.15921670610212546,0.15915872199284953,0.15901493735496808,0.1597294860708472,0.15962712454906103,0.16067203038143657,0.1606675133773379,0.16048574745366717,0.1597446040667751,0.15821065031601916,0.15888951366630863,0.15939985106271493,0.1604519334877029,0.16089650865964228,0.16046420950840054,0.16055484825518773,0.16101188303052402,0.16137706895924242,0.16270578229905153,0.16253525730895504,0.16393799098490017,0.16370927551489772,0.16418212143524577,0.16327492200689386,0.16359288162568214,0.16438837694669212,0.16536941703540375,0.16608748991213743,0.16589221881683883,0.16572025787477931,0.16432918770711197,0.1649500150964437,0.16475395852977617,0.16598648421675563,0.16570444727847297,0.16656846083098678,0.16666351796286888,0.16759598320387695,0.16898662233794967,0.17009836966270234,0.17133500077101477,0.1722850561402253,0.17374013722854265,0.1718817055856303,0.16987544782979186,0.16809588006007992,0.16871084897215544,0.1700888031942237,0.1715233833215143,0.1721584754295509,0.17391164588423033,0.17595755951323494,0.175069088790978,0.17497626266624028,0.17434261278977026,0.1768435973180722,0.17897289243106684,0.18152241724341253,0.1828812440936391,0.18413017373894786,0.18541116232956206,0.1896767024848922,0.19193269028728113,0.1934823294581781,0.19494979697489234,0.19567028682363688,0.19687827284547793,0.19492207512493778,0.19443134686001173,0.193890013662752,0.19486710357421888,0.19457190708439795,0.19404271533364437,0.19318673643537135,0.19419686232255814,0.194807792813755,0.19417818419445967,0.1935933033908421,0.19420991581113675,0.19628658527105192,0.197198534198921,0.19676447628173202,0.19590829195724438,0.19548662414512005,0.19550344247695248,0.19504323914450136,0.19480715479437383,0.1944293471483977,0.19498203715673296,0.19443628850515068,0.1935487325451348,0.19224627290936258,0.19179579170701305,0.19209419585729787,0.19219511503043996,0.19247996992205585,0.19236159821791626,0.19288781831816373,0.1930900729530133,0.1941718971574274,0.1939885908901803,0.19411987066963635,0.19318509962539607,0.19298034401207284,0.19233896745937779,0.19180010219856794,0.19173826414824754,0.1916350177999182,0.19168505660493268,0.19166939673842712,0.1915355731369243,0.19089931079619077,0.19091937324391023,0.19093707648270647,0.19168588122099742
394816,88,"Madison, WI",msa,WI,0.19658312597521693,0.19784576681299879,0.1983348358118474,0.1989913459812587,0.19860383797371928,0.19768639114080652,0.19637791481372427,0.19662274183732706,0.19584934024105013,0.19503020978754942,0.19454735292240818,0.19419305996099523,0.1939447888836874,0.19316093613006313,0.1925241924024895,0.19185379876243366,0.19077157029222624,0.18998708704632675,0.18972638234915035,0.18984529998654665,0.18953518892480736,0.1896197144740964,0.1903373500292212,0.19109023263862865,0.19126888187154686,0.19068864009972025,0.1914086282006354,0.19141984377599702,0.19228110372511753,0.19187435764287927,0.1918117106797586,0.19110400324050236,0.19157911431310204,0.19237229545884224,0.1916339468189396,0.19067093666410076,0.18916854589373383,0.1893315251076672,0.1892627107172246,0.18957624973220868,0.18955785123947388,0.18979881308884555,0.18980236031926254,0.18980841156876285,0.18971779596180005,0.18991617305683314,0.19124836773973192,0.1910346074345408,0.1913426687605425,0.19116641676877635,0.19104730590625152,0.19103395992231434,0.19102465429729762,0.1914338350250368,0.19181870540345256,0.19249063607724098,0.19335151669039527,0.19387272942330938,0.19411748637502962,0.19555386775062145,0.19698351834929193,0.1979252394254695,0.19613431593103905,0.19382780461955698,0.1916852106203268,0.19134766675056197,0.19158798417019204,0.19236197428206606,0.19255225756856115,0.1931685084908684,0.19397254580550363,0.19356073545145297,0.19271192469036305,0.19171798289310385,0.19337659559697845,0.1949657565549459,0.19595164898325443,0.1952228682174528,0.19523439857116096,0.19581775493780842,0.19875912021121173,0.20126033003410068,0.20273915537188592,0.20270260229997394,0.20213910046265227,0.2019944290821088,0.20105962477473396,0.20115120926903757,0.2022180019629961,0.20359365870851875,0.20437912770520877,0.20468451956593278,0.20514715429018499,0.20498709792662717,0.20553277897697714,0.20605777414506535,0.20790038288020293,0.20945802520781245,0.21098214494055753,0.2117978879460324,0.21265427200547474,0.2134050458780577,0.2139325132643131,0.21425815973986564,0.21337699866139898,0.21272995224697713,0.21227555358780079,0.21235377077112647,0.2123174870336365,0.21198558204460302,0.21219141426195062,0.21184482794793613,0.21126732076908475,0.21082137267290146,0.21033903720043545,0.2101311435012298,0.2098955661758889,0.21076197341448502,0.2114190964324402,0.2125099851659965,0.21185582410072828,0.21150214606393583,0.21093339188910037,0.21079090283124638,0.2106102233395451,0.21047912075950126,0.21055091674237927,0.2105346167463929,0.21116960626415948,0.21095448825909244,0.210602647617712,0.20952957818027113,0.20959089453846189,0.2095722928434518
395235,89,"Winston, NC",msa,NC,0.2121248840991762,0.20950081925498776,0.2089308811293701,0.2090276458393157,0.20894575212275443,0.20897694250823742,0.20860718872676587,0.2089175078745945,0.2097070449618231,0.2104422406406292,0.21064659636601826,0.20825513616163535,0.2079944545504688,0.20667719666374038,0.20713124605670907,0.20690509016163036,0.20669191995853914,0.20729401278793227,0.20754426611002566,0.20772369584199524,0.2077881156641744,0.20775467550407353,0.20868429257941276,0.20910139850457354,0.20941518183201163,0.20909993918519798,0.2101908312022723,0.21010591775637102,0.21077813534391235,0.21067106811853387,0.21117566405241647,0.2113491600841918,0.2113287163886523,0.2116454275476473,0.21209251174388113,0.21262240113495995,0.21304627122073644,0.21337349355919616,0.21349537895809087,0.21454697631844646,0.2139646787393656,0.2140978961222617,0.21325065725191095,0.2146457243299805,0.21509713547019363,0.21462535375807149,0.21447393667582837,0.2150703968862828,0.21544213183172223,0.21449880048205353,0.2139768028700251,0.21337761870443192,0.21371942629195534,0.21410896964130102,0.2151068204563555,0.21459276675506336,0.21510357900509783,0.2162112622512622,0.21686882822816436,0.216960751498999,0.21721568864509005,0.21836995426755273,0.21828124394517925,0.21489637297752237,0.21187649162493571,0.21111100524995807,0.21318963093798918,0.21526990325916567,0.21768326199538915,0.21990681502718326,0.221591424281338,0.2214832292321649,0.22169536322001696,0.22090861614699325,0.22238588049873056,0.22545356268918543,0.22888112499441945,0.2308232116854917,0.23035308144605185,0.2316760385690573,0.23491773449252903,0.23980763013090858,0.24421156553924078,0.24526700167056567,0.24438628984948615,0.2449953888022519,0.24485362641183342,0.24600815178031815,0.24535651356224478,0.2463451931563962,0.24668365184039576,0.24705880915076375,0.24877715625034355,0.24963263459050775,0.24971014500375127,0.24826553378704433,0.24820924093055502,0.24753994710159413,0.24945189629559794,0.24946789169208486,0.250570629924874,0.24892408518569922,0.2498625154385042,0.24977905856024404,0.2505053731766197,0.24927861243898125,0.2493717566055943,0.2503429676913924,0.25169358362994293,0.25233992428185315,0.25164946183529424,0.2509698840116072,0.250468357417944,0.25158019081230826,0.2519977073861819,0.2523969517879912,0.2530439313639035,0.2553460121074297,0.2577507330525425,0.2582382633168613,0.256773640566272,0.25643769285724227,0.25640131119467247,0.2568552381932911,0.2570270162895735,0.2572835272089054,0.25707247909185144,0.25737127928728665,0.2574542247338151,0.2574038892324948,0.25673689545603817,0.2570641926208753,0.25803420813021205,0.25858643461766617
394528,90,"Deltona, FL",msa,FL,0.25941647256984973,0.2595809216382679,0.25947258441226456,0.25984247507573915,0.2610297190836941,0.2622871456558374,0.26319653043612184,0.26293308146991157,0.2645855941698452,0.26569875520638253,0.2661008490066121,0.26513224092520343,0.2649279593351307,0.26599735117715345,0.2674088693977235,0.26861818905523976,0.2692309594914521,0.2691214732091418,0.26932585368210005,0.26969499172873396,0.26975354685370795,0.2697013884897908,0.270341028432762,0.27028942615724166,0.2712098610342205,0.2707206565173808,0.2684442302560207,0.2674008226861153,0.2672988710030347,0.26950200049375483,0.26941739639336876,0.26927608807886966,0.26824034395884927,0.26805169381720534,0.26764538032921953,0.2688114060711958,0.26883174642653945,0.2689969135307929,0.27034591518689216,0.2716724981767016,0.2721311460419268,0.2716261154821255,0.2710044630846203,0.27121745845097917,0.27126483602243573,0.2713521378400598,0.27169076056690245,0.27105459623124806,0.27023532883534335,0.269609173202769,0.26933778345843556,0.26846641228455664,0.2679419648055035,0.2673713863751007,0.267928247439683,0.2679149290989274,0.26897784836415084,0.26969261696840474,0.27012769037723683,0.2703953149168798,0.27101266701473775,0.27143039123343526,0.2703420024196003,0.26758299716696693,0.26579924027031177,0.2652581734952914,0.26601041447221263,0.2660791634308867,0.26828924553144906,0.2710926550664857,0.2730498981944679,0.2717198557872165,0.27044198160718935,0.2706951576759568,0.27293230602773455,0.2754459258734275,0.27703155511018185,0.27802395052524026,0.28035326014632267,0.28464635180003306,0.292016683791187,0.29935014599679405,0.305525397604548,0.3079022549570193,0.3088523461593025,0.3100799408964641,0.3109199280888861,0.3122209194504177,0.31473474084226916,0.31696087838101417,0.3171318644165319,0.31491426061399996,0.31345554814861704,0.3120651518933833,0.3115245972807142,0.31026327135036025,0.30931612741574227,0.3083009126520058,0.3080617065348368,0.3077855586846995,0.3060439643714868,0.3042913894451778,0.3016154166844446,0.3005179790491238,0.29833396561180986,0.29706883113662763,0.2945897908434974,0.29429073117166826,0.29280089918272756,0.29186978991562773,0.2894538061440642,0.2876188432574054,0.2866294862634842,0.28555519211765484,0.2853834659771477,0.28435680741366076,0.2837745277096143,0.28310002568709025,0.28302004701563527,0.2824784472771715,0.282408378701759,0.28179772881343607,0.28171757905555045,0.28095953274581564,0.28000365819962125,0.2794531503553384,0.2789228529715407,0.27860817055361076,0.27849876819432295,0.2780140904357846,0.2773951760617077,0.2761392069576241,0.2750986716594881,0.274191039886704
395143,91,"Syracuse, NY",msa,NY,,,,,,,,,,,,,0.1983326560775929,0.19924349479639059,0.20091428705696868,0.2028244734558478,0.2041190827600282,0.20520097156208533,0.2026405428098536,0.2004742786138745,0.20081087830927272,0.20307886437985012,0.20456921509139422,0.20742975261711938,0.20828582202695342,0.2123271667920231,0.21065806591180294,0.2078656660419546,0.20236618361363579,0.2024488678060428,0.20454246760677694,0.20601845202766075,0.20647501335085588,0.20787426769344075,0.20788322634540105,0.2086313400999071,0.2080070218695461,0.2077868970807099,0.20763046117484082,0.20806990047099544,0.20750204431091435,0.20831781327726914,0.20655484366635918,0.20760520445900174,0.2068519749399324,0.2074158918197858,0.20889147576386707,0.20763305219501477,0.20668058121914792,0.2042976937890765,0.20486357228757002,0.20539773184504248,0.2079506145357411,0.2074977965090536,0.20875220487000123,0.20806536918918936,0.20869293278771187,0.2075104777873357,0.20660241958601447,0.2078916130787237,0.2100628146305782,0.21218432738279583,0.21276692833049674,0.21149719425053642,0.21062678517018593,0.21135968633106356,0.21136856930291834,0.21213345107784443,0.21266270124108994,0.2135027502064098,0.21401328371925982,0.21236531060311578,0.21322798476693436,0.21408349228603024,0.2176341259330627,0.22042760639553644,0.22171927421415166,0.22231020702154627,0.22171388050634108,0.22161026098787148,0.22482844976319424,0.22733324769655427,0.2299956720230559,0.2329397155743828,0.23232700598807288,0.23298035769153674,0.23158931203143396,0.23238534335324362,0.23462219751283067,0.23371902573887274,0.23421876538643538,0.23381866173775182,0.23443028351284934,0.23599648656740876,0.2365389677409699,0.23398931892962338,0.232236358675933,0.23084912591651385,0.23244751244339143,0.2332240532793761,0.23364709534781727,0.23348034108472548,0.2328609306728788,0.23285613207659872,0.2320319295233405,0.23214179138284446,0.2323072051082206,0.233748449987354,0.23541307352057905,0.23636033806405116,0.2371547510992481,0.23606575898455628,0.23543593596477322,0.23633941480475495,0.2371317786135936,0.23704502948217798,0.2360679132804345,0.23694099474308686,0.23684636568282666,0.23913001611742052,0.2383423159525761,0.23969588057603794,0.23910244909983755,0.23976418169270397,0.23998886243832288,0.24009050056466916,0.24021133851063486,0.24080587675542472,0.2423613486518266,0.2418469842805418,0.24216052487253545,0.24053852490602978,0.2412010292595299,0.24040992576828002
395006,92,"Provo, UT",msa,UT,0.19092277832849983,0.18956205195218037,0.19059305308777308,0.18756843390044817,0.1867846256744616,0.1856603791421509,0.18681742342856217,0.18654489688747353,0.18722975614437343,0.18907751251721078,0.1913621571983076,0.19193356242160572,0.1907731321432124,0.18951211489900352,0.1879931550981476,0.18858030914561189,0.1892904743101801,0.18985218446390642,0.1894928108857393,0.19014612295829073,0.19005590282225737,0.19075821662738782,0.18972306254454266,0.1897946190990231,0.1891161299156588,0.1900131979294297,0.1907800200665829,0.18995266119331142,0.1907938636328748,0.19054102321397767,0.19122861992520918,0.19110705913481277,0.19229516062472324,0.19157521021769272,0.1904304453434793,0.1898561327567457,0.1909246738025866,0.19137339368473844,0.19129216581265682,0.19203014718015662,0.19152544866539079,0.19119217746802686,0.19100792252074683,0.1909479455225164,0.1908345177634824,0.19035163242651248,0.19126921905364075,0.1911409262270765,0.19093543045599815,0.18995045047925724,0.1897210002197403,0.189298157266778,0.1888849129387901,0.18881189796834721,0.1882626308412383,0.18793867654219332,0.18803320486991862,0.18918617563426193,0.18964410501186957,0.18975933849813117,0.18918118011328833,0.18893146924124862,0.18791416897995172,0.18576898828428748,0.18312347250115726,0.18310074399894974,0.1841428795021495,0.18513295024723775,0.18540938921717845,0.18732985081987313,0.18867168238574697,0.18934719658545426,0.18915008743517578,0.18842780133106798,0.18982713181950797,0.191149486126383,0.19405428841237624,0.1946163185991314,0.19558865143895562,0.19668482196866208,0.20053510119330395,0.20457194357380015,0.20699610529939977,0.2067416750943838,0.20534370155028128,0.20583347778044633,0.20575596634865925,0.2063691986139402,0.20586538546545152,0.20622081736625997,0.20512341049667618,0.2046559877126067,0.2051429651830701,0.20368977786527548,0.20311822905569588,0.20187033668110727,0.20209360527595135,0.2016940758189398,0.2011046443148113,0.20015048317157183,0.19958634154365204,0.1990751218796559,0.19953552060015264,0.19880350687026238,0.19836690612874777,0.19900969581806613,0.19930204175230884,0.20019081146687004,0.2002283577630971,0.20023882059693357,0.19963502591147764,0.19953076279431234,0.19949445267889843,0.19999510322715833,0.199700537303289,0.20042620126154145,0.1998184447236193,0.19958769937710036,0.19954739027004467,0.19952295209573714,0.1993551088781022,0.19878295664910658,0.1987974010145549,0.19839841332639305,0.19798719073276488,0.1974570650666064,0.19738462058995188,0.1970084557672867,0.1974871937710847,0.19758933284203994,0.19758170672282238,0.19737454775094138,0.1971756336267209,0.19738638635132325
395160,93,"Toledo, OH",msa,OH,0.17341588500344782,0.17448382379188448,0.1731356407276981,0.17326918607172076,0.1728094812215198,0.17305033435569206,0.17192989977130133,0.17131938837969213,0.1711899498538447,0.1719437691965757,0.17267303926838684,0.17247750789281832,0.17145809459449696,0.17051073237188394,0.17089240143241374,0.17174918656920318,0.1725835424025992,0.17225798343521226,0.17281500917939982,0.17302995684534034,0.17400614659955332,0.17439398342993617,0.17484291185666354,0.1745979361773229,0.173929715453597,0.1735489746177946,0.17315040557455746,0.17347384056114015,0.1736200728611194,0.1734543388160262,0.17319984047426515,0.17211500825619402,0.17196491528955818,0.17190691316029363,0.17252879359626994,0.17290863311327262,0.17312224057241388,0.17320449264759097,0.17353762781603657,0.17329881578847672,0.1732972766896623,0.17287082823477118,0.1727376514627558,0.17325144197427955,0.17311996717964706,0.17333779305303013,0.17294563453910247,0.1726175670441969,0.17270845970037357,0.17265817019092836,0.17261294830792018,0.17250835629426323,0.172400597218471,0.1732598779612043,0.17387253543432332,0.1744677836949081,0.17516209432228613,0.17567560594156736,0.17635275976100975,0.17742712509861172,0.1783945759827078,0.17920899452484973,0.1783772986977593,0.17652534078374826,0.1746449277280184,0.17469292888284094,0.17460492428396773,0.17422621919535247,0.17540943766922942,0.17720780195498642,0.178453989234612,0.17806304607333967,0.17753631321703817,0.17797558878918257,0.1799186046828809,0.1821915047703947,0.18466667778868986,0.18485895765427565,0.18596627194629037,0.18682282752420284,0.19146529331649526,0.19448322310009847,0.19788589916886526,0.19749141247144608,0.19702020921541352,0.19667293268620817,0.19691184481215568,0.1971706171194956,0.19785875630938973,0.1996825519286425,0.19980790773313578,0.1995903407112615,0.19708465138192674,0.1963569796835427,0.1959415854800082,0.19603131553619535,0.19609502867272838,0.19605621811865795,0.1969953685063489,0.19687255953436533,0.19589528932054598,0.19396191234047863,0.1942871874755748,0.1944776867462042,0.19543288525935118,0.19496019858858868,0.1946217900952207,0.1948218055159119,0.19582435325277434,0.19610126711208667,0.19626624606541068,0.19600795767903223,0.19599777639963945,0.19677916218254518,0.19685151811109242,0.19712814751499344,0.19717794225066423,0.19760449115467824,0.19787329252739347,0.1979169144416731,0.19795581760207298,0.19778506601612617,0.19706999510373716,0.19707764124908586,0.19726040136657477,0.1974208909429815,0.1973949411623257,0.1973559765641963,0.19774517685622564,0.1982645607862425,0.19873920399232264,0.19898436234820382,0.19889812344988547,0.1993574268532438
395224,94,"Wichita, KS",msa,KS,0.1711706868641375,0.17165740960166154,0.17184892674786909,0.1716036622207774,0.1719241193007584,0.17182651356713738,0.17207242553605018,0.17212004443431955,0.1721212837734215,0.1713304115886443,0.17128964303174732,0.1717583558817657,0.17215097923653014,0.17230288015859938,0.17182673069909912,0.17130593912147613,0.16992239402066686,0.1695367623076284,0.16949713885050427,0.1697951457476112,0.16963285815204165,0.16980522612724858,0.17016340240491815,0.1694355177193459,0.1687910350326443,0.16831288738665495,0.1686404791532085,0.16913179200675094,0.16926093320475744,0.16889856759824676,0.168059006297208,0.16744196132298125,0.1671841482226867,0.1668667784570497,0.16608877288809248,0.16634961551931063,0.1666061501337967,0.1664821476503125,0.16564311080513966,0.16463118597852522,0.1644952375789531,0.16407657691947583,0.16386921414233255,0.16351268194659008,0.16308724576671332,0.16303896544856022,0.16244762832199153,0.16185041289240776,0.16114840486776041,0.16155995795874334,0.16158267778296997,0.1616572708443413,0.16146148686216721,0.16184288501042546,0.16228011550750354,0.16271103754455893,0.1632892333845384,0.16362982389553082,0.1646015769868087,0.16552771731492963,0.16658919308679318,0.16676280099122637,0.1655981435830287,0.1638751341494078,0.16315110323326323,0.16383609787544623,0.16467713845018245,0.16509471397615078,0.16575238353955687,0.1663741829554955,0.16698377749579857,0.1667640188117105,0.16679907457955184,0.16720637752399645,0.16799002322605056,0.16971338335556152,0.17100111359229658,0.17227216620185717,0.17232504999144266,0.17328383196985273,0.1751645695410879,0.17801541469825258,0.18036057549827283,0.1807261510302564,0.18011058231837365,0.1800219715477567,0.18092181993169767,0.18153089407227407,0.18124265902857262,0.18030821988723242,0.18030055541536139,0.18035581492930203,0.18043890709079605,0.18024631193628102,0.18073135017548148,0.180814069599046,0.1814114533497478,0.18132711598604415,0.18191035862865515,0.18212216274630955,0.1827139295556202,0.18255653574906358,0.18257647775407526,0.18205527813594286,0.1824442142199501,0.18233733365787677,0.18194161353650043,0.18286121259500013,0.18318933966357645,0.18382719162140398,0.18316030153019736,0.18319889065519884,0.183060805062774,0.1825778078533352,0.18197657637598305,0.1813744939878136,0.18114794807288392,0.18062940350126142,0.18073010429620506,0.18011725200325102,0.18068233972122447,0.1799209589325649,0.18004126138397147,0.17976058767437617,0.17961476880763608,0.18025329497503392,0.1807555291783241,0.18142592479538977,0.1813479303441914,0.18173606118268382,0.18168523792806301,0.18171906787319944,0.1813841584600543,0.18204129124390198
394549,95,"Durham, NC",msa,NC,0.22523726837483535,0.22924808948496359,0.23002669759722152,0.23011870857110378,0.2320233039981458,0.23167726610697853,0.23117621233665314,0.23058609898358298,0.22917105530758558,0.2284749920605507,0.22962350910851104,0.22933438889235191,0.22822665931478853,0.2270145296808702,0.22642874515961717,0.2266837052140892,0.2247991599318363,0.22504832205815328,0.2245581933205903,0.22503694905018146,0.22599143972089977,0.22741733067341888,0.22866465611810127,0.22862887945879426,0.22732565938554308,0.22636101685781876,0.22557805998317393,0.22591334809713354,0.22555114091554954,0.22554862873293835,0.22581041265311422,0.22646855475366512,0.22648557218993196,0.22569226168456455,0.22443058185460163,0.22447724287891052,0.22480810202391624,0.2247021099756177,0.2238937510204234,0.2233534740831542,0.22298250152432597,0.22259116127957315,0.22213100733647836,0.2218055185085536,0.22148625100699806,0.22242877175000722,0.2237154935830785,0.22370526938120366,0.22316288628251385,0.22233240499040363,0.22295194321095313,0.22260210523536014,0.22287931946911727,0.22313702090789458,0.22354553757877646,0.223509254525591,0.22401424071453646,0.22388098419236083,0.22369414109117375,0.2241180117527816,0.22502701390435711,0.22598832465638885,0.22516898637147736,0.2213747198241317,0.21852236527279598,0.21528335919234884,0.21509281144607753,0.21439924763671317,0.2154450431620384,0.21724065878452417,0.21878235292898723,0.21891913061238166,0.21706090666478536,0.2154253601199818,0.21421466479205103,0.21665671848899004,0.21898256024950674,0.22211456403747354,0.22302696293918628,0.22521478860681182,0.2302434401171985,0.2342296899455222,0.23672669229331794,0.23595384963082056,0.23553518223830033,0.2359501044942553,0.23649710641586225,0.23699012960463078,0.23789432834619959,0.23860372440537217,0.23975391879878874,0.23960344481311296,0.23958089485476888,0.23912760606086267,0.23988213208401535,0.23969053025639137,0.23969834441904003,0.2392579318257268,0.23971788374150504,0.23952276778254672,0.23904119227761803,0.23795433170191793,0.23678341034795686,0.2359413910960218,0.2348617330388084,0.23611820166228284,0.23585183277452468,0.23678855252175002,0.2358538424218774,0.23642629342834964,0.23534065839798785,0.2349769715336553,0.2338344286137694,0.23331658096594768,0.23290542638211348,0.23296213236988028,0.23297432597052584,0.2319733353629405,0.2323338266848108,0.23175297267084333,0.2318209375898255,0.2307212452820695,0.23036109965731724,0.22958150764852786,0.22942431627646478,0.22925943549263797,0.2290352812585047,0.22854686285567444,0.22864370252327856,0.2285905162434009,0.22795403649024273,0.2273378206074815,0.22676546021295196,0.22645367585833193
394352,96,"Augusta, GA",msa,GA,0.2057653079040887,0.2053669212348735,0.2062267403770306,0.20651869457699257,0.20798437760582245,0.20758281447183177,0.20778767911964593,0.20750140953803659,0.20738710079030087,0.20672651068483264,0.2067674395280794,0.2068973152047718,0.20677453538051532,0.20718925497885113,0.20676291879279257,0.20655206564632778,0.20556180439052119,0.20663471669358768,0.20776225978556104,0.20842423365061913,0.20883025684791484,0.20925319106526513,0.20937339268086314,0.20901009710603713,0.20880746543726675,0.20935682775812553,0.2099089079762471,0.20994558180928685,0.2099727004749183,0.20939460182309935,0.20961871072290136,0.2097966650954512,0.20990585972918388,0.2098647966978142,0.21064101754232192,0.21077606105417604,0.21080963942399,0.20918784981663388,0.20915182014357453,0.20897952199275188,0.20981560382922823,0.20940684977086088,0.20892216560778767,0.2081994094473835,0.20808682009639856,0.20809516570445924,0.20779812665219446,0.2075329794067834,0.20688964952572736,0.20756048629705,0.2073535798146759,0.20746395304639942,0.20698556818275438,0.20756520058902778,0.2078618416782085,0.208555657460933,0.20945292337054114,0.21045310422751287,0.2113493088187645,0.2125039716278655,0.21396762244836498,0.2147502228069123,0.21499622441588384,0.2129522803045669,0.21197521404574732,0.21209969314908464,0.21409595967477285,0.21624277779268986,0.21920394175177998,0.22116502065282723,0.22221253152103207,0.2221047378772046,0.2217058841738464,0.22123987731361064,0.22243621759743065,0.22569738296260178,0.22901493429082492,0.23090338508959413,0.23089654891521788,0.23249898230225247,0.23554587671733218,0.24065319028494678,0.24398787018157855,0.24401369061265687,0.24270210384345195,0.24389173792295538,0.2449388711878058,0.24464061071544982,0.2435209805978641,0.2427317636604058,0.24235252672417673,0.2405706758835483,0.2389009492065869,0.2369205056738537,0.23694733745573507,0.2370243796398641,0.23777302976843143,0.23681822782477116,0.23682445120970894,0.2359070718969677,0.2356843195543155,0.23467286884711394,0.23497410426120494,0.23429932309431056,0.2346004440148469,0.23358371960052984,0.2327566745378324,0.2319840497730784,0.23028515968409075,0.22915548960933735,0.22740690121108792,0.22717353988825525,0.2269313417845833,0.22736068359519018,0.2270339615839635,0.22673725876040896,0.22748104356198515,0.22918036621298474,0.23054669159935773,0.23133385060162318,0.23179329683024927,0.23263075270697198,0.23323710127865735,0.23308627636484777,0.2327579992837866,0.23263245322519785,0.2324394685596242,0.23279332796872473,0.23209677026834916,0.23120301419340708,0.22998896184847564,0.22893415085862265,0.22821732684137083,0.22707619186835362
394957,97,"Palm Bay, FL",msa,FL,0.22623899670806524,0.22824101563713683,0.22972784504720903,0.23193886899687172,0.23327554739791784,0.2346502993875251,0.23497644104879772,0.2362877589660837,0.23665143576490788,0.23727400133785848,0.23776946695243234,0.2389460309609364,0.239764421886273,0.2399217968450805,0.24000564165643234,0.23979778971023677,0.24005292061678019,0.24111680733755556,0.24290481679033657,0.245133107398601,0.24597341267843373,0.24649629784139615,0.24704963400296878,0.2478135577009814,0.24857892329742354,0.24909191251045196,0.24985791317050002,0.2502433086022889,0.2501558452176857,0.24991215724953092,0.250277497804818,0.2501798392095319,0.2513893992839141,0.25279052134956653,0.2536274107257592,0.2544872265606309,0.2554426947892856,0.25679189008368025,0.25773562657559523,0.2588534988351854,0.26040242410240283,0.26110069774630235,0.2607684088529541,0.26067957370421385,0.25929286141336483,0.2588885352950426,0.2579338062885778,0.25700479715016816,0.2551299499577525,0.2531424939159994,0.25205345298873116,0.25097356579176633,0.249796850702386,0.24946277858290733,0.24951331133624055,0.24953660631113284,0.25082012577854296,0.2514454709159269,0.2527039039111122,0.2536387839867117,0.25518697551617736,0.25654784892996324,0.2553529198458883,0.2531383002500285,0.2497367694266867,0.24930619347166827,0.24947464002720673,0.2509237296400871,0.25172908791525245,0.25358540624530834,0.2548353137905383,0.2536432764328092,0.2519764528771261,0.2518241051433527,0.2527947643596362,0.2549782980404502,0.2581309411995624,0.25970974094078403,0.2615421984957218,0.263562060876229,0.2711477909504641,0.2770673615927516,0.28263576937504187,0.2842193330119111,0.28564559893066965,0.28560595881657597,0.2865887371888522,0.2882335331189127,0.28936402349811285,0.2910921310580803,0.2920812802251551,0.29188185267123185,0.29070921541223915,0.2907993390629825,0.2914321672778524,0.2920401794925922,0.2915880262454473,0.29144931339183294,0.29276328675235425,0.2924046316212294,0.29276121216689954,0.29166964970270737,0.29086693695655186,0.2903322728833586,0.2887555753642518,0.2872051505344438,0.285622569403938,0.28460471149184624,0.2853183341751592,0.2856118365948269,0.2854263814288487,0.28443618011572797,0.2833794448671308,0.28304884977346434,0.28282160827570746,0.2830450523324329,0.2833500797081387,0.28392525961588716,0.28466437752771434,0.2845607214002738,0.28334278167036714,0.28265924165971473,0.2811218187123399,0.28062811415726857,0.27994702354939266,0.27964771489094314,0.27927639724897185,0.27862222705089373,0.27866285026960697,0.2782964598543848,0.2776572578141891,0.27730409682840396,0.2768783052871205,0.27623597714848896
394711,98,"Jackson, MS",msa,MS,,,,,,,,,,,,,,,,,0.2407848630006467,0.24101071354283599,0.24136053485948356,0.24253431946223972,0.2421918315977627,0.24222815190474994,0.241372210625688,0.24125428534442112,0.240114765960626,0.23857990065620843,0.23713217685814472,0.23725101854482814,0.23853788332855608,0.23877802045210827,0.23777042997633627,0.23612646777930946,0.2360718610666862,0.23639559736889015,0.23677971561367067,0.23594510737462548,0.236061739339569,0.23719736044691406,0.23823713356384923,0.23752883133059563,0.23665329623729514,0.23641741042595338,0.23697620911672135,0.23656884673121045,0.2361683933747017,0.23575546897416985,0.2361901060191085,0.23711110988851378,0.23655202713887058,0.23676796852985765,0.23669257464983018,0.23711480866773507,0.23745557915109058,0.23816030849655587,0.23898380899208757,0.24075835413397748,0.24280180500730028,0.2447854278879106,0.24615091736384404,0.24717614872996366,0.24902919022661169,0.2494140415210623,0.25052294855104956,0.24563905112298856,0.24354455159106658,0.24127915955657273,0.24058900598681254,0.24280990411810838,0.24601470717181959,0.24972079555859852,0.2502031321267766,0.2491607627250912,0.24736022992633416,0.2473563499749935,0.24930046610331483,0.2531281931490909,0.25574097880079005,0.2569099597214703,0.2562413293613006,0.2548987190044835,0.2568561036251793,0.260399735627266,0.26513404240338706,0.26495751228972675,0.2641200411553238,0.26322403688760576,0.2631231621261155,0.2631865407948889,0.263002252007294,0.26376989977386256,0.26515252711295184,0.26550456359128144,0.2661871679819003,0.26574665585486285,0.2654602538725381,0.26371587137133906,0.26134368128584795,0.2600375225533704,0.26057603644017,0.26162003052989663,0.2617272550384551,0.2606185102863658,0.2592138026717962,0.2576701653238242,0.25744345669776475,0.2570167667281555,0.25668673172569034,0.2559582938370641,0.2560862998248022,0.2557274595284652,0.25544405363717143,0.2546833382419027,0.2554378040224098,0.25530998455440673,0.25496246186565025,0.2544918055569402,0.2540059146587093,0.25348346765429786,0.2534679390525438,0.25371563239133266,0.25440962129471123,0.2550690828708561,0.2545928785035619,0.2541133526749689,0.25307005631811985,0.2533390461038203,0.25389146147551606,0.2548059669226494,0.2552214359353577,0.2559269910531081,0.256048748149856,0.25615035238617684,0.2560890224010221,0.25613043261497376
394666,99,"Harrisburg, PA",msa,PA,0.17286611755276532,0.1733568460723844,0.1744670706805105,0.17551503587074416,0.17520543665217636,0.17370598173557233,0.17320077285239174,0.17262998637412313,0.17294087873636912,0.17210854927126437,0.172286538812508,0.172061310812894,0.17237947737900455,0.17164924278304278,0.1704861328572809,0.17034166303712134,0.17021762848089653,0.17140469546628045,0.17123089592445762,0.1709193009515568,0.1707226478680453,0.17030668005731767,0.1697885390631039,0.1688196558490919,0.16883491661064853,0.16920295788827014,0.1701022498915822,0.17012030563985236,0.1698526828458054,0.1699822515189965,0.16978072572172898,0.1698875589896442,0.16882055545493044,0.16915284930674762,0.16945530927056449,0.16986079399617587,0.1695036266342236,0.1690393362921014,0.16921361690684897,0.17000325521801926,0.17041545139845782,0.1704041173871203,0.17040301000131364,0.17071188814102586,0.17115234603210006,0.1722503828129667,0.17356421812714334,0.17512741034365356,0.17501917343530965,0.17457657820480907,0.17493962504539515,0.17510635714370207,0.175773935562707,0.17638137514848476,0.1774092320210651,0.17807662894595405,0.17911247113526402,0.17902695874028865,0.17885253041648366,0.17882414485580267,0.18031972180554415,0.18183454341384514,0.18121000855084224,0.17851897101511532,0.17600252708077835,0.17542685211830067,0.17537599396310585,0.17549360957065724,0.17564478504165928,0.17735616163998644,0.17908779612168696,0.18059672643689081,0.18037518564790425,0.18069228622051525,0.18216523861514972,0.18485817565913729,0.18778142839380832,0.18930305322462124,0.19018364799628845,0.19148631780112668,0.19450425834947951,0.1972680520375928,0.19963431658321962,0.20039263039975416,0.2003598385506369,0.19979764424400623,0.19898085994632553,0.19952975893114622,0.19942590918455275,0.19881813641228224,0.19777415611302313,0.1971286802403372,0.197567423264456,0.19790418885292482,0.19832657035573012,0.19768548804757044,0.19826694964726,0.1991628211414562,0.20177966858229499,0.2024311946367327,0.2033632229562845,0.20286201608628712,0.203440319735166,0.20321714976192967,0.20285729264893235,0.20206995065181435,0.20125894415081694,0.2012020383872193,0.20024194168905995,0.19986126338282936,0.1988163013623379,0.1988920407611163,0.19884814943761508,0.1990791359479703,0.19868256365719544,0.1980088700829627,0.19768017434497956,0.19793552675966028,0.19824083224993672,0.1993804784921026,0.19978559325954434,0.20033176241943706,0.1999903534088873,0.19931147635287952,0.19871152950867874,0.19884749574799354,0.19905769127730866,0.19970427107153632,0.1999750347309666,0.19999030195579867,0.1999105426655405,0.19903199417399908,0.19891976890176544,0.19834351531722658
395113,100,"Spokane, WA",msa,WA,0.17678050540909426,0.17721443651790775,0.17792245327186265,0.17836896768338584,0.17785152740231336,0.17758910749943763,0.17769590712295305,0.17926181528453172,0.18020571637563748,0.18071209176125622,0.18207379730090167,0.18271651989087878,0.18425947253512026,0.18407547116141182,0.18455706853072076,0.18493958809945377,0.18595121060708455,0.1868358957678017,0.18749591498232993,0.18772113957963002,0.18771723814073327,0.18835564631153734,0.18822956396926127,0.18851403173872067,0.18799661622523836,0.18817912893360908,0.1869329772260343,0.18612436710429558,0.18630076658845365,0.18719111092610244,0.18807560165272258,0.18845762140711764,0.18937188696275808,0.19028838206406432,0.19040843308911354,0.19068144962016292,0.1900041327812403,0.19306370849315524,0.1951237850158212,0.1976528583819732,0.19694942012925287,0.1973428981123908,0.19724388381410982,0.1979608799687514,0.19775682076503615,0.19854371051419087,0.19948025713317705,0.20025917685384362,0.20124071170718508,0.1997080697562862,0.1996030023037561,0.19894386861547028,0.20017733022708287,0.200456377758353,0.20116707787994073,0.2016515093151548,0.2034622502729506,0.2044946600995674,0.20577885178116118,0.20631372036951268,0.20714108384994595,0.20774446309833278,0.20928582425083572,0.2070866263428994,0.20480772092057825,0.20264569943203573,0.2036057833206638,0.20615734246722878,0.20945509516970648,0.21266114845134737,0.21437865002717654,0.21620552434222454,0.21759945320015053,0.2203347484542774,0.22213492708250937,0.22758525050180461,0.2336666788430621,0.2400642662648424,0.2426999162721182,0.24360826813115885,0.24501419961446427,0.24583681140069394,0.2470752929673115,0.24686004914363438,0.24682119875111705,0.24673859697311049,0.24704424780257703,0.24732548178543748,0.24667431794190658,0.24502983731763062,0.24265294716492544,0.24174764923165976,0.24139298415256982,0.24123582336644905,0.24070918090888477,0.23892599224007535,0.23724999970763114,0.23447802917609356,0.2330798217084356,0.23114942113126669,0.22975341053142231,0.22650942284370942,0.22476686936497567,0.2226153812860758,0.22119952100182735,0.219801939378008,0.21808880114707424,0.21705161110625232,0.21486583280903146,0.21361841286488364,0.21128935222682935,0.20851437420951863,0.20620770075859157,0.20557243349471896,0.2049857017071154,0.20409828890968848,0.2022416988527456,0.20156936734443107,0.20048839309239644,0.1997020388968778,0.19934019399346561,0.1996383875912911,0.1995574873520672,0.19978764140480795,0.19965438527991267,0.1995317404476497,0.19901273816442683,0.19866546457179798,0.19877889132184365,0.19801466467228035,0.19771158086185453,0.19704817394869922,0.19704683136517578,0.1963299765492922
395075,101,"Scranton, PA",msa,PA,0.1838756981852353,0.18223533587032617,0.1826430556626008,0.18241910104209452,0.18359611232325945,0.18285448502740156,0.18263255731692202,0.18159530280046338,0.18235818979040258,0.18105488633800176,0.1815900297300182,0.18260540538311995,0.1821716184423178,0.18252876318344566,0.18039442583069018,0.18257470872783718,0.18049875577924498,0.18159923220676427,0.18018681860537036,0.182408561811083,0.1809111049954661,0.1803416721548489,0.1785949589163179,0.17774951008510337,0.17908159141139862,0.17972013506762533,0.18194325984000392,0.18063369929856052,0.1809830152876644,0.18034090112308962,0.18160704490778962,0.18154069558867317,0.1819148926454654,0.18253532660000793,0.18172266979190727,0.18387186490242022,0.18182256024554622,0.1824996065073425,0.1805320645622382,0.18161590538549396,0.18162966339503897,0.18149301747745572,0.18209152046619223,0.18113647721292628,0.181793085866688,0.18175321459091934,0.18232826678078984,0.18238719759635136,0.18272141342375614,0.1832916109049396,0.1846827591436782,0.18459953166737053,0.185332211347651,0.18621258867626092,0.1860672122085271,0.18704757548074483,0.1872779277164145,0.18778708462059035,0.1886977283341271,0.1886240837666712,0.1899375147354537,0.18950044422901435,0.189342015715332,0.18710297531205328,0.18787251484174336,0.18723562606302252,0.18837064771817033,0.18721356025653454,0.18896350446320462,0.1912598350309331,0.19249650056249565,0.19506823726371578,0.19595125033415153,0.19728793973410927,0.19977299445359412,0.2028947876237886,0.20508226241837113,0.20702497377949547,0.20835056176096667,0.21022843751089007,0.21197591866216142,0.21500660981388686,0.21910933277392375,0.21957997440419855,0.2203610847414206,0.22144007193496879,0.22411664675291829,0.2252144332352994,0.22442209758767603,0.22339598814397518,0.22231340848705342,0.22360390625857215,0.22530993805991223,0.2255917009204473,0.22458253952073576,0.224739804371762,0.2256119980020456,0.2260595124138632,0.2249428674749573,0.22532375749209008,0.2267572458395181,0.22733096319262383,0.2265557177740084,0.226038900955091,0.22501618691254968,0.22465004046367135,0.22289323976771308,0.2218032212018557,0.22016961463842097,0.22026313415440105,0.21870400623411285,0.2179069314079262,0.21578962790666165,0.21557966071110066,0.2162314544934079,0.21514046134143142,0.21481748113778107,0.21490447741631036,0.21595120957328026,0.21541945048454214,0.21502300296967108,0.2143859361423551,0.2149055867711682,0.2143610829760873,0.2147380477034878,0.21430929555763215,0.21388933980735253,0.2141693828027744,0.214146231883065,0.21376134965547025,0.21348325229064877,0.21403668596068243,0.21478439527690943,0.21501345840252864
394460,102,"Chattanooga, TN",msa,TN,0.21418894520688816,0.21590587434567948,0.21598797712251944,0.21450956025869877,0.21400306534491476,0.21541737453598292,0.21783407378090194,0.2172426901233357,0.21876893740195294,0.2201590461245961,0.22189670726049196,0.2196802833374405,0.22059154561041128,0.21985886847480887,0.22396226434332597,0.22348825889800258,0.22475578264718632,0.22137465707188686,0.2211227850721297,0.22009348575272253,0.21948232214371638,0.21994484324450234,0.21902731892237912,0.21791820210402377,0.21622176634791113,0.21752978146730398,0.21754555408058232,0.2178640372596285,0.2166181855321584,0.21766740015091005,0.21849728136938926,0.21925789518409058,0.21968236881214082,0.21840609881547635,0.21739430804077392,0.21848259658928906,0.21902036869228297,0.21938472454132543,0.21798121366733758,0.21748537620454533,0.21730680343369435,0.21732085030829792,0.21680758695939245,0.21653193909245352,0.2161613488430994,0.2174982488500394,0.21957593330950362,0.2195769816138156,0.21881993000290997,0.21713862020039018,0.21730628061653326,0.21754641038021622,0.217928115765919,0.21802468647891707,0.2180271663334412,0.2182258282755827,0.21948416397410958,0.2201623806479681,0.22026585348947922,0.22030333127020735,0.22103818352646204,0.22185848140221856,0.22163603808938045,0.22115614983989015,0.21985491913066527,0.21877024581049273,0.21924357076097242,0.22002819193453932,0.22322932650238744,0.2249229343219401,0.2264275666507894,0.2243556988524136,0.2221400356517238,0.22065807564912873,0.2208980969912412,0.2238049622017313,0.227150353996626,0.22905059009383355,0.22898239290669967,0.22954262296240716,0.2338124944414384,0.23916500308718358,0.2437386793177686,0.24636672314913563,0.24566454205013044,0.24653955429387983,0.24684788893907952,0.2471235384238455,0.24652615822857551,0.24625409930161413,0.245691391832799,0.2449861669038871,0.2447948798109811,0.24500626746949297,0.2455413069521184,0.24365020207371121,0.24435774159615878,0.24353815600647025,0.24449764527874715,0.24320803887572726,0.24172406626773477,0.24072908249218525,0.24088932593192117,0.24149471283049673,0.2411538946897221,0.2407988282880673,0.24023537343600934,0.23920565495353074,0.23835930543885836,0.23686133685818284,0.2355575256010262,0.23470957076824137,0.235373736664544,0.2349467448844756,0.23443678872975005,0.23357531084010758,0.2341720564919178,0.23380620499560664,0.23305186072754147,0.23172634606292164,0.2310025445271259,0.23230351874094574,0.23144909331330857,0.23106356798681085,0.22982656876343469,0.22957644777419173,0.2290265782170557,0.22857265546854072,0.22776643437257096,0.2276219262735749,0.22776321515668432,0.22875105579415836,0.22867672627511468,0.22763420216741612
394871,103,"Modesto, CA",msa,CA,0.22997175802067185,0.22834315835588248,0.22840231807698988,0.22713482809016794,0.23079862292039208,0.2324288921235313,0.23404699479379454,0.2333047009942834,0.2347038396107596,0.23554350020432124,0.23636342373003222,0.23647553215429015,0.23519455063709604,0.23671012252737403,0.23971600353536163,0.24373246288032333,0.24365562589884265,0.24261876387201056,0.24198748068269968,0.24410840596538172,0.24430003098070166,0.2471608829065561,0.24861838240576306,0.25066937946441054,0.2510554934349939,0.25245187431264043,0.2533890927819561,0.2543197349670746,0.2542746184990655,0.256166215242116,0.257245376611135,0.2573989017018807,0.25808811910764073,0.25556348893314795,0.2555554163414109,0.25441506693244054,0.2572061915139809,0.2573104278497423,0.25849865917883513,0.25700993666221933,0.2584355906706661,0.2582137290037286,0.2599474742436045,0.2603289678532204,0.26260378463721323,0.2644174236161217,0.2652043472229895,0.26596333291584295,0.2647406656935272,0.2653263552085758,0.26489646028202557,0.2663086133281245,0.2666886680588103,0.2677587454834442,0.26763831317898734,0.2684223632326158,0.2676477740517504,0.26821323647930584,0.2686454550112118,0.26962727651074897,0.27055671829503836,0.2709232556718451,0.2703521866019845,0.2682017139486282,0.2664838970303019,0.2649936161205164,0.26481175435833565,0.26425269879879776,0.2661620023508153,0.26993119779647906,0.2727105357539472,0.27271426560118567,0.2721369204799936,0.27178496623888926,0.2755046581228358,0.27810731322388077,0.28302541095230294,0.2836730139713547,0.28507365724655953,0.28462999316281845,0.2856995091661162,0.28539853592497433,0.2872303221314888,0.2879219364058765,0.2879129630880848,0.2873033427372034,0.2868926330366562,0.28781656867311795,0.2858786280970915,0.28536099080173627,0.2831495586160243,0.2836726987921232,0.2843388485469591,0.2860050039609699,0.2863181609422957,0.2858852572685802,0.2874001527433688,0.2879395682194111,0.2891453482284415,0.2882538722308307,0.2892075518487489,0.28993065585355837,0.2917355422109575,0.29304304585782587,0.29551969150051915,0.2973338000530983,0.29837145196233444,0.29938165572434233,0.2991937150228506,0.29979173876776843,0.2994330612723721,0.2999111865443462,0.3003017508797106,0.30155988345685,0.3018249249000166,0.3027839704362425,0.30366637965223414,0.305628856850798,0.3074266685375739,0.3075055505890803,0.30656290035048367,0.306040943053428,0.30599058020153136,0.30588751480991705,0.30551189375324794,0.3049310306232388,0.3049533882797325,0.30420052706059353,0.3033097331776332,0.30181264348777764,0.3009549323899485,0.3012716712903927,0.3019516868262233,0.3020893530679453
394768,104,"Lancaster, PA",msa,PA,0.1671993090502508,0.16752114079334085,0.16879133463809823,0.16903568166568578,0.16936496671220755,0.1684674496107515,0.16849264133967562,0.16812072619040114,0.16875827306351704,0.16931123330712597,0.16946851061844928,0.16950987441352316,0.16880336382988087,0.16859998305417503,0.16751799094061304,0.16853225975300729,0.16974753190941205,0.17040386544563432,0.16960301101465314,0.16889067160376856,0.1680711438059475,0.16791602563493446,0.1678856209176662,0.16852177879433275,0.16952369282104787,0.16979099234957848,0.16950902490805225,0.16947396697090594,0.16865708179433214,0.16939266615269655,0.17020276274366364,0.17128817030286012,0.17158459363283118,0.17143052831203323,0.17188105514577157,0.17222202990654645,0.1715624644619557,0.17203915245847168,0.17304398374170143,0.17400048012796454,0.17404438979719664,0.17378231603518182,0.17383039966992436,0.17392644506282331,0.1738440032185881,0.1734612148575935,0.17310092819488312,0.17262544462147436,0.17267906560606244,0.1720089309477126,0.17178164580709127,0.17109176648558277,0.17144681289172628,0.17163055169620994,0.17183274087632575,0.17186780045445896,0.1725153362035716,0.1734959270512661,0.17419512590819058,0.17515056839704168,0.17615384914787122,0.17704474194522693,0.1760566420932409,0.1737281119019385,0.17206241035554978,0.17162772936344742,0.1715810696464648,0.17152348379294263,0.1721536887550041,0.1726856637504566,0.17324693108349545,0.1729694293047631,0.1728860000274782,0.17365977968748256,0.17477980352859937,0.17697947565241778,0.17820650171068703,0.1784496228762038,0.1785447213329876,0.17844478236989772,0.18130014600260239,0.18440717377319235,0.18752265901353596,0.1890370219333047,0.18902982107416513,0.1889551259502395,0.18954539696322864,0.19049029226969252,0.19103554490003713,0.19202523143158662,0.19218927177318107,0.19334465807169413,0.19236146126028097,0.1930102610457498,0.19296798936766088,0.19341919177662822,0.19371180158307647,0.19455188495047807,0.1958383635754053,0.19634443219126416,0.196592881840578,0.19646092411860094,0.1960461989243849,0.19615204562219848,0.19658329751926806,0.1969562507278884,0.19684320645580028,0.19736761091431002,0.19768561293071665,0.19766262784980992,0.19678612459902511,0.1970881571525788,0.19774777807795707,0.1984364224298092,0.19945879933349142,0.19928836858225538,0.2000660864486052,0.20009717237020613,0.20094937221763207,0.20054113597253348,0.20172529141737716,0.202072470046261,0.20256426640404337,0.20228846119125884,0.2019482009694364,0.20185466350595196,0.20178466206117293,0.20211635112260726,0.20196805017178093,0.20203575816853964,0.2017777929106639,0.20203689800314353,0.2012242096856848,0.20101887924112588
394997,105,"Portland, ME",msa,ME,0.2352670130879335,0.23537400719762092,0.23225876536565954,0.23415736191866846,0.23427281801522307,0.23780425269133712,0.2368982633920548,0.23750690968409624,0.23433645420421528,0.23465510193373465,0.23557036455649039,0.23544957736836472,0.23558549269307608,0.23633455517149718,0.2399141960120982,0.24103671521090606,0.23846257286523548,0.2375579411811176,0.23665063118451515,0.24020896125096775,0.24086384876150946,0.2416300100799867,0.23733808276985147,0.23888264565111028,0.2392798664972347,0.23983158923730705,0.23881046389997013,0.23664141489706236,0.238861638721295,0.2378190097572434,0.23979267245914337,0.23783489853615047,0.23823076233424753,0.23790203252421968,0.23932108775876723,0.23865986020766172,0.23711875149047876,0.23710846245950754,0.23619443304770718,0.23624253306551077,0.23541596697929987,0.23633416140583913,0.23582069043661577,0.2372032582864005,0.23927297215347718,0.24198747428096995,0.24262971372907938,0.2409777863358922,0.2414630259194764,0.24144908557626232,0.24239853004460457,0.2434813241100674,0.24402887052151556,0.2447813321058782,0.24546357620102704,0.24584755831710078,0.24642939743547287,0.24698594393978318,0.24930738538747307,0.25303054564767935,0.2557967259806647,0.2576947504091212,0.256373405565134,0.2527138243648454,0.24911501204241915,0.24880410464389846,0.25011132216342097,0.2515141894735833,0.2527468547040261,0.2553927826719581,0.2573981624973244,0.25723992357485564,0.2571537537049883,0.25729887608384605,0.2579191642693383,0.25831656644529194,0.2595179717099635,0.2612285059742099,0.2626275472130858,0.26381529959759903,0.2670841853164781,0.2699307586604238,0.27371243137373247,0.2754455095509228,0.2753542148973636,0.2732064194714735,0.27177796951039224,0.27064925623539754,0.27211777443581536,0.2706457650719404,0.2699707686831498,0.2691266739467107,0.27000980268575075,0.2723162838171115,0.2721507422308829,0.27124608484670415,0.26910088059729464,0.26893359727392707,0.2695194647940848,0.2718753106985813,0.27237559987987836,0.27220259394503477,0.2715445398857109,0.27098843794444716,0.27245694897343453,0.2723300196076752,0.2730483221026842,0.27195117511202777,0.27211807951140476,0.27198003491641776,0.27318171557916365,0.2731196718506412,0.2733598905815384,0.2728099833618848,0.2722585919321898,0.2728000219661414,0.27339992398434226,0.27374955144173163,0.2743504344987981,0.2746085774314364,0.27549774877593275,0.2757978715725875,0.2749720191988164,0.2741732804217374,0.27347610457420607,0.2741373761996335,0.2748639373475875,0.27489119352795893,0.27462483316174663,0.2751717763427777,0.27541333051479405,0.27615741197503424,0.2758826145371701,0.27592939082859763
395245,106,"Youngstown, OH",msa,OH,,,0.16225877824419402,0.16319891759929242,0.16354198673145476,0.16416705628443354,0.16424769148420054,0.16344457119003156,0.16140826441762576,0.1595150763209947,0.15998212078087493,0.16276498210847246,0.16442843983065966,0.16322437667197812,0.16218010581573122,,0.1631421791588007,0.16256201459095562,0.16356973544331532,0.16470391107849122,0.1653622625398844,0.16639708676204024,0.16567660125724362,0.16423088937803124,0.16274651806394966,0.16312239040054738,0.1625559204143774,0.16235827635756078,0.16179870264934454,0.16205239476061878,0.1618789265568207,0.1619484332711775,0.16114999197256066,0.16096443589977139,0.16081352249763214,0.1617112289968082,0.16188717533815253,0.16196114919160276,0.16295952368746047,0.16314143323833297,0.1638349163573582,0.1636906928298819,0.16421884276600382,0.16411533956928004,0.16545562773280278,0.1651200629675141,0.16468354925049666,0.1643573600888315,0.1642655566484273,0.16407261799763523,0.16380376336651678,0.1636551925530809,0.16332153059895893,0.16383793080652556,0.16383440897111265,0.16424789791343433,0.16435002600565587,0.16539829180896062,0.1668067374391814,0.16789566887768617,0.1692186210390756,0.1701268399002248,0.169280796782451,0.16974770590466526,0.1690747044124075,0.16985744261347285,0.17042994812328327,0.16973512951541245,0.17228887312289212,0.17194935497557862,0.17374855116845353,0.17268381947379197,0.17388429732937036,0.17453955283491807,0.17710879365712262,0.17913331636476354,0.18127889083664037,0.1826420149350054,0.18321290063118512,0.1861176649764479,0.18896152179346726,0.19297406955483692,0.19455858962584724,0.196367206300619,0.19631852044747278,0.19619503112552336,0.19610890768401767,0.19652688808580243,0.19660443690001675,0.19617427469010232,0.19565415023911928,0.19535591166067487,0.19548723582831848,0.19613149586375495,0.19714683884896203,0.1974428277590311,0.19779971940380775,0.1987223387561718,0.19782629691802855,0.19696601895713872,0.19582332194238514,0.19569576077928727,0.19634043077392838,0.19577133063572388,0.19648022117219646,0.196500640486572,0.19761076619399404,0.19928731159482374,0.19905670135228665,0.19783991195234896,0.19591721063353795,0.19741215835218376,0.19773595215602738,0.19907526420963934,0.19900060271751963,0.20059987689439138,0.2002094730316389,0.20118674069981168,0.20132734235344282,0.20022827421471684,0.2005514938407234,0.20047317407587492,0.2026589324247885,0.20203891358943937,0.20253848222885562,0.20210639613564602,0.20244728929014535,0.20199207499754468,0.20262894783602234,0.20247120662930496,0.2024379650552599,0.2030985709789872,0.20375645364325906,0.20507961400292574
394770,107,"Lansing, MI",msa,MI,0.1708803160199715,0.174520903747953,0.17333435544784584,0.17325847794021182,0.17117678341365453,0.17154906646146875,0.17168530078256833,0.17182881893842952,0.1715815056940144,0.1708903595040044,0.17208446360481733,0.17229003298657697,0.17305663337371388,0.17050801741622226,0.17139086684732888,0.17142655091486317,0.17236382864600525,0.17155309551425643,0.17115765364453844,0.1722127521222746,0.17066468768933132,0.17022008172237446,0.16926908878858649,0.16949087426405207,0.16953958514749612,0.1702648388800026,0.17019455714065496,0.1693400521851186,0.16928956788319324,0.1693189645858412,0.169005209023132,0.16887535047964178,0.17044280924060107,0.1723427973152983,0.17292597749751,0.17273667264998574,0.1723087659470227,0.17169724845136147,0.17155879432234447,0.1718183983075332,0.17278750511302834,0.17286061842211517,0.17342311453316145,0.17175246122462276,0.17152002152500148,0.17109033045730607,0.1726557694432942,0.17273491699985924,0.17134791729037666,0.17032189141221427,0.16991170569910977,0.16961180583945035,0.16843621094486486,0.16875006845973017,0.1689272871971817,0.1704963317834097,0.1714397394655424,0.17232804004482963,0.17240831800222647,0.17388197431632513,0.17665223452706524,0.17882099185105094,0.17654778059389428,0.17444806509936012,0.1728750858021712,0.1724477906687709,0.17266741238821798,0.1725253897480279,0.17382859818657995,0.17466827505624588,0.17515209820625718,0.17616092249581985,0.1760755921518448,0.17823119784759617,0.178373663713074,0.1799605946574655,0.18052521425736665,0.1812991991115697,0.18120637653223712,0.18260777159573333,0.186115635375823,0.1902250087799017,0.19329940057888562,0.19410929422989168,0.19572959168063175,0.19594316615530916,0.1977422786103801,0.19785957806721416,0.19956849460175696,0.19952137446260576,0.19944866534528016,0.19933618798299904,0.1993373069100987,0.20017138915769447,0.20019495862186792,0.20161310351372178,0.20128027112358313,0.20116859551214467,0.20013087859069148,0.2004717886325178,0.19995017917569824,0.1995624468450244,0.19972651771393765,0.20000279962930345,0.19996876455475562,0.19985576223323856,0.2018636798559303,0.20194433144601076,0.2021752867631987,0.20233520476410347,0.20307755556352278,0.20266297427586175,0.2021156291647346,0.20311830354852886,0.20379589275078552,0.20424423065175407,0.20452057949209193,0.20562351288668795,0.20462216644184844,0.2046843801409926,0.20479485163689626,0.2057443089852558,0.20587447245636037,0.20641114067093644,0.2071823548387488,0.20713848987110697,0.20711091793700323,0.20718243375263354,0.20780558812783817,0.2077088613288896,0.20834058912502681,0.20871037535863385,0.2093308622591689,0.20933628198914628
394590,108,"Fayetteville, AR",msa,AR,0.1981347859259037,0.1993730830222897,0.20061919744751272,0.2020147160461798,0.20159781706572547,0.20264720446536344,0.20173522851108117,0.20217498072495724,0.20229016159108154,0.20192445908118994,0.20264496774739688,0.2027345491141147,0.20357621532574943,0.20234822402965136,0.20209291793302434,0.20265948045942833,0.2037513072639346,0.20326661847329605,0.20352958874587831,0.2041204537468834,0.20422235638209868,0.20437438111877457,0.20384616671592268,0.20411170891926617,0.20364378108794606,0.20482111561940455,0.20529834350238474,0.2056067570194289,0.20446426291684394,0.20472087183613807,0.20456741536225034,0.2056641195215337,0.20647223128318393,0.20749054387130883,0.2072957832702892,0.20680989441272493,0.20674915859303633,0.20662718739738714,0.20711650021082162,0.20629209343434093,0.2063952964321504,0.20603085214775665,0.20662372466740184,0.2057568473054501,0.20485610842659616,0.20307023180580583,0.2023299323703147,0.20238348374972953,0.2020617001104063,0.20155745146054035,0.20075492879163478,0.2007668135038028,0.20074044897245238,0.20095167574148287,0.2005976110439529,0.2005194191638048,0.20026539389929748,0.20048122533375987,0.20062890724343868,0.20056985720783513,0.2007481641223675,0.20047887301800307,0.20004877478829258,0.19679107820252045,0.1942065858894058,0.19335624730358916,0.19346147568981853,0.19311615415547606,0.19483693578386585,0.197110004570743,0.199146294974792,0.19883194316104086,0.19838382919861378,0.19862959834849842,0.19907797358547033,0.2005418776316542,0.20116386684954266,0.20072762634899508,0.19970840987060376,0.20040976970754387,0.20407362895680098,0.20760107745985582,0.21073388491046766,0.21152359533927903,0.2113634683387516,0.21096507044334661,0.21139059800966753,0.2131764179607476,0.2154305718726111,0.21791654606316196,0.22045302788290583,0.22251031529899262,0.22285578209482132,0.22308197113750694,0.22387288962360805,0.22477170486729817,0.22555259268783726,0.225557917539011,0.22613451707700802,0.2255474517643914,0.22531597024893446,0.22440724727346448,0.22390219001085734,0.2231276124643222,0.2240864795430292,0.22454499444518733,0.22405412914220957,0.22272735414515105,0.2222566345290094,0.2228559894296757,0.22287548418793768,0.2226274736216966,0.22201860516520114,0.22186155556367204,0.22131055710044636,0.22104574521870063,0.22075949331697292,0.21993753713878084,0.2205798784743843,0.220552848141013,0.22184533122578626,0.22105546602214088,0.2208455921197069,0.22094304298646192,0.22101141921124257,0.22094050476464022,0.22093284904538354,0.22086919367158378,0.22070101301840947,0.22118657145179418,0.22076161068797032,0.2207537005707801,0.21960396880481842,0.21962683902103894
394589,109,"Fayetteville, NC",msa,NC,0.22675877060700303,0.2267725501064757,0.2266639101894864,0.2266716336264968,0.2264234117482916,0.22656923042678848,0.2265511433647047,0.22683527825999697,0.2266232945981502,0.22652491450723014,0.22601067689264934,0.22585174402967353,0.22562841582078524,0.22538628290907717,0.22571696543631978,0.22534096349691202,0.22542532035546362,0.22475173004566978,0.22470128970568465,0.22491342449068866,0.22488328367353683,0.22441912446335005,0.22396194983167073,0.2231453415453255,0.22287753454694084,0.22249929670254454,0.22168812438622235,0.22089072773302673,0.22010598363899145,0.2204223749694311,0.2207334344568295,0.22059768670046004,0.22150289047458566,0.22242843854705432,0.22326937052109527,0.2239688197296696,0.22400056725012876,0.2245874606523384,0.2256135853499652,0.2271013295283831,0.22768708806284124,0.22752529253433174,0.22781554881729885,0.22823673183975096,0.22785110674045655,0.22762326838393018,0.22832006157950757,0.22825406562657696,0.22894516786323604,0.2281536606909608,0.22778424023042748,0.22715129865769346,0.2272204637046605,0.22795041076172545,0.22833909426099344,0.22884605152604176,0.22984293359469882,0.23086328266025996,0.2312258259196548,0.23215789781145013,0.23271056428169123,0.23384610340616463,0.23424752580076383,0.23161318191358124,0.22963488672705654,0.2300355501488998,0.23214686130252862,0.23359622170300837,0.2363431324078981,0.24017607586903464,0.24271049390024335,0.24238180358136938,0.240505516880334,0.24040845102166136,0.24205346480536366,0.2464591476746,0.25104592665263736,0.2528121555415941,0.2532493700249955,0.2529944426923384,0.25676301010563884,0.2594131888795495,0.26349712501628647,0.26452804260851265,0.26616561930864985,0.26601647551138013,0.2657097911766805,0.2655389252262777,0.26471428170983063,0.2653697904117469,0.2645485919060232,0.26594741166792024,0.2667416216878072,0.2689695747288842,0.26911104916201595,0.2694988315853713,0.26963701471496376,0.2708586501581923,0.2732317129814487,0.2732470193681275,0.2739655728131227,0.27285074974477025,0.2731321658272703,0.2726963639087801,0.2729542843030606,0.2733551809904048,0.2735514481051124,0.27252307922291286,0.27204484323554057,0.2712954599235071,0.2711568689800425,0.2721210502946088,0.27210224092576724,0.27255498263663974,0.2722940227307299,0.27302842581089437,0.27421859101861806,0.27459361119474407,0.2750114769974534,0.2755367303193358,0.2757912673521266,0.27599278153996293,0.27510674135058,0.27428385976915026,0.2740102494432696,0.27423060851195086,0.27466432735335317,0.274293342969778,0.27390103171188834,0.2738619431318306,0.274123386862495,0.2744384233727335,0.2744647195935562,0.27450130010923496
394792,110,"Lexington, KY",msa,KY,0.19054476774125245,0.19080965700262312,0.19195946656697455,0.19223920156635213,0.19242934581000398,0.1916635174918941,0.19105410905347037,0.1899492187342437,0.18920716080581082,0.18812908441813245,0.1884889953994827,0.1882467015013858,0.18894358844992068,0.1878509178253526,0.1879621455149938,0.18892323643493514,0.1892110974554919,0.18927077268100087,0.18883258535081368,0.1898536257908076,0.19076397106204399,0.1907327417921772,0.1901581563979808,0.1905698748919528,0.19102369796107635,0.19240197682463137,0.19260043695584084,0.19243557243999185,0.19144886557852725,0.1916137931649391,0.19191059189794643,0.1918708071398344,0.19196114718734536,0.1924112409767984,0.19267624097730643,0.1913639453209291,0.1906962268259367,0.19026728127042103,0.19019984823578645,0.1896886418451875,0.18995752743326222,0.18993354254321498,0.18969559979059425,0.1888819430893938,0.18862695180022687,0.18894064525168022,0.1899452242494901,0.19086534006551653,0.19052035767982842,0.19008728626004995,0.18980165850874103,0.18980145013367355,0.1897873626188139,0.1899054307067359,0.1902755135871649,0.19105710782342733,0.19200379169424656,0.19263012251473607,0.19285407859024112,0.19358410475637167,0.19492427605602727,0.1956204184330658,0.19442833474399054,0.1910237650385177,0.18810639956227154,0.1875312307467215,0.18807962493119476,0.18907755801832718,0.19079365585937383,0.19218096602930324,0.19406733483792638,0.1949407752069623,0.1953394598852757,0.19631117509130386,0.19741601410874526,0.20031355813179338,0.20284860954084863,0.20385077226265394,0.2042507888181582,0.2056124577051591,0.20921226226402764,0.21302915343103793,0.21595937540318175,0.2160904346998905,0.21486878902329992,0.21422732738180295,0.21472291326469364,0.2156066076068637,0.21623225374026936,0.2175270528067438,0.2190937113444373,0.2187326112873891,0.21894948486631574,0.2191255153754489,0.21991046569074377,0.22107251080935136,0.2223985553548281,0.22362824988827662,0.22370125607710845,0.2233752176198496,0.2235757800708117,0.2230037221750153,0.22181177471480074,0.22185891471293526,0.2221114735791864,0.22318387138350318,0.22406258134542442,0.22465268490652207,0.225715957053815,0.22579624462953146,0.22680383433189832,0.2271181495214548,0.2277727617362356,0.22844055915775183,0.22905297993391488,0.22989051452138604,0.22992959245772734,0.23100393710719863,0.23144490692015385,0.23205139754456383,0.2315026343380949,0.2327397658487603,0.23268028764378093,0.23311858053603662,0.23309843715402853,0.23344067345673197,0.2340732254719106,0.2343281201291232,0.2355162120523719,0.23556578606024905,0.2360113953273818,0.23610996023728784,0.23665847995501038,0.23632391839257852
394971,111,"Pensacola, FL",msa,FL,0.214785659104025,0.2151627111745315,0.21578198238506222,0.21632948292755513,0.21680385531923946,0.2165460692105622,0.21696166854831542,0.21706414808070415,0.21719558858315205,0.21808129684078703,0.21809000539658688,0.2186917418207348,0.21863795618149512,0.21946831618290255,0.2200280787621518,0.22060293932181863,0.22085428758018313,0.22137959831461618,0.2219419415027395,0.22185824470116636,0.22169079420472204,0.22083317117059537,0.22134321251035977,0.2209288481080182,0.22110865948740027,0.22059767544915745,0.22000186700206495,0.2194656266643475,0.21904523280586394,0.21933075993825749,0.21920363843188606,0.21951917285288705,0.2201361889488081,0.2210629661537995,0.22146665561942927,0.2224771192665876,0.22289250593979112,0.2232909115655366,0.22318935359584527,0.22342630223383586,0.22414141547887476,0.22465182843668527,0.22553015580966665,0.22607926594190142,0.22609438969336634,0.22557113028183243,0.2259235228722508,0.22605443463645575,0.22621587248211622,0.22556933031327758,0.22641023178708164,0.2269680760085424,0.2272068531262685,0.22736946541166603,0.22745360454574828,0.2277765611364628,0.22888506558727167,0.23045745192580178,0.2313179890087896,0.2318422511270992,0.23243521411772547,0.23360600166128537,0.23502068238710977,0.23262317353896494,0.23102594012288577,0.23086325665605217,0.2326326072143815,0.23365241010932306,0.23672666157979366,0.2395791144445478,0.2422403248173665,0.24303107348674144,0.2422412601212261,0.24422965697262383,0.24572467122374858,0.25303694514227065,0.25800789748712233,0.2612570563179461,0.2623840262086233,0.2653388506978454,0.27100115990120505,0.2756153736566969,0.27767129119132433,0.27826718550340596,0.2777367701034745,0.2770123170185404,0.27635498145092563,0.2727782543269096,0.2718115546641864,0.2708379110844317,0.2700247599771692,0.26834165247957825,0.2684813126999622,0.2690967757259006,0.2696968611455069,0.26771708730506955,0.2676386518731637,0.2665120287293435,0.2669609854069602,0.2667789186297838,0.2661864195879799,0.26551446776642684,0.26497758998345233,0.26493357311506865,0.2641980619004252,0.26423727049473783,0.26481837075774817,0.26681354520861167,0.2675620021461361,0.2687866807304014,0.269009179346445,0.26909061928698697,0.26917266207410717,0.2696036866320495,0.2702664339935771,0.27085456459357043,0.270838975156095,0.27084840933057414,0.2704030363584004,0.27014169718071523,0.26911528399735235,0.26941187860767685,0.26872538687753,0.26871443168715614,0.26850280639388274,0.2684318488181905,0.2681720437839158,0.2678483807681193,0.26823708176025324,0.26821111472029807,0.26828378992043284,0.26785889514087075,0.26790348277019005,0.2669873793229249
395068,112,"Santa Rosa, CA",msa,CA,0.28356280313278154,0.2835059060369677,0.28367168255642106,0.28497034518619113,0.2852449411546974,0.2872255582123117,0.2866595393222924,0.28670563519825776,0.28763058393058166,0.2885827364294116,0.28957014818391136,0.29117695240613534,0.2928377403608826,0.2939374569276719,0.29946100451642443,0.3001533644047757,0.30242956518728425,0.29942710627771485,0.2996866413478258,0.2988548050044507,0.29651413621288836,0.2954604907087162,0.29372990824911327,0.29160359282687204,0.29144668785980615,0.29373593638363416,0.29298593916676935,0.2935311991992758,0.29221605714784793,0.2943085802447042,0.2938090546175236,0.2941049325355192,0.2953067642113507,0.2972627668137025,0.3007054982544131,0.30266533401472673,0.3037236743208427,0.3022393530281726,0.3032240131485214,0.3009917151838042,0.2999227998201502,0.2989437914055969,0.29973258325803187,0.29927474554733313,0.2984576994319485,0.2991974873826322,0.29845624814916316,0.29877844385402036,0.29474266120389775,0.2938731527447712,0.2920273227688075,0.2926360254064021,0.2930535310510198,0.29318438339850694,0.29272372478047115,0.2929416671573873,0.293467673190745,0.29226560450704453,0.29159897119897465,0.2909092225909125,0.2934667686080002,0.2941822462225065,0.2922222216416363,0.28805953465154654,0.2839421187162201,0.2823654819314829,0.2798592533916365,0.2794935963891215,0.2801440056014951,0.2858177304301497,0.2869832436818177,0.28606377560045804,0.28086405435735634,0.28024693575413895,0.28224390651955455,0.28567429000140554,0.2894233326396051,0.29054098778225723,0.2921903422210463,0.2926167770052738,0.29628792541495286,0.2966789264382844,0.2995393547787773,0.29811999647550913,0.30011876014736905,0.30022701180059663,0.3025810570096169,0.3037055051744185,0.30376026286553587,0.30305748376493546,0.3016429513276861,0.30009141762646585,0.29812576901482,0.297076453077228,0.29529126467610034,0.29557273099434933,0.2941075112135274,0.29365678662051575,0.2919809889504264,0.29150890384576983,0.2913408886952904,0.29162554858223405,0.29097113215060383,0.2913830527578152,0.29145512524435524,0.2910448113245784,0.29119587173631584,0.28981255245877857,0.28969829677487746,0.2877828116767176,0.2865448248826452,0.28572139164933047,0.28514708337296374,0.2831666954817011,0.2822580861849227,0.28195118503364075,0.28291306566891294,0.2837654353469522,0.28355527637723693,0.28333724528354365,0.28278779941875687,0.2824002933402032,0.28223399192447474,0.2812251901963275,0.2801281359345587,0.28046688395077923,0.2805829971505207,0.27981238033546435,0.27853977208554437,0.27750960659971724,0.2769904267113868,0.2766488526303842,0.27628144532383975,0.2764397059994827
395019,113,"Reno, NV",msa,NV,0.20539731629772168,0.20743513256963042,0.2087933019322749,0.2092169493686729,0.2094371672683602,0.20954321782689217,0.2094125689735454,0.20956262990834781,0.20982684357612405,0.2105431931177985,0.21233064352096734,0.2129621238410524,0.2133075532496066,0.21324074817476057,0.21362019157706563,0.21534412976651027,0.21553881764680496,0.2153564828434139,0.21515426896842077,0.21569251400917713,0.21703726812078797,0.21826365126631014,0.21892042095645042,0.2200240468081907,0.22041180223658707,0.22125818403625966,0.22273047221173384,0.22474489620447374,0.22786892915843263,0.22887591794220463,0.23014657069405695,0.23024631967122225,0.23179901196678185,0.2320262874641448,0.23325333525309236,0.232912074821457,0.23413678315254974,0.23411798591005692,0.23521976271285377,0.23570208759090527,0.23625214228862132,0.23689191530881326,0.23758663110558928,0.2384461309592386,0.23822656259004327,0.2385308442969301,0.23876962741386817,0.23837108501762344,0.2378746685168382,0.23711583883731563,0.23629992091137236,0.23544542774749844,0.23422735593916735,0.23347531616518397,0.23245372007462983,0.23185354266758668,0.23244337225648484,0.2334302176631642,0.23390666439787744,0.23480272335306374,0.23498353138994185,0.2356057915365062,0.2323500434289454,0.22897300205746315,0.22535241431469297,0.22368634496071915,0.22359650198476688,0.22649575324855764,0.23133509196380916,0.23713228844906578,0.24127933296796913,0.24235365309263684,0.2427892075946372,0.2436452540634572,0.24529132094181239,0.2469901464346049,0.24966467457237024,0.2512452303465003,0.25378087032948543,0.2542931364330197,0.25782330939005343,0.25940275325799217,0.261680106025223,0.2598526509444927,0.2600256024179571,0.25852829834106805,0.25919833413836635,0.25917309387203574,0.2591756748562694,0.25810439014497066,0.2560188466105606,0.2537447722942918,0.2511915813654598,0.24982639294609527,0.24863501558785797,0.2491557935378911,0.24745590754569763,0.24781526544752028,0.24581243697047628,0.24524017611569415,0.24284957375633928,0.2412701666775678,0.2394243772548135,0.23811264530145954,0.23714977096055753,0.23624153698016462,0.23548398347042473,0.23506602496162005,0.23485854250645374,0.2333913374234822,0.23311904112863327,0.23339356181158777,0.2337512864953991,0.23437321975455908,0.23353240897739366,0.23386544249438876,0.2335586067364762,0.23407645339044533,0.23372948514456904,0.23334346754488436,0.23340909566610107,0.2332284723039293,0.23311636720523315,0.23210422152939172,0.23198875096171584,0.23200861483055057,0.2335691094736883,0.2342286389090788,0.2355115453611638,0.23614793677589807,0.2374566170239587,0.23854487010661946,0.23975499009809795,0.24163428377161422
394698,114,"Huntsville, AL",msa,AL,0.15841280634164903,0.15874552259178712,0.15913713517986153,0.1599599548070509,0.15937981473650525,0.15850659151610558,0.1574562618810528,0.1575260311276208,0.15762115324032494,0.15818924119377353,0.15790867635165562,0.15769613257725093,0.15798068177371785,0.1580310946120192,0.15843878964310076,0.15785850550197944,0.15761198411797184,0.15726796451155414,0.15722295405648104,0.15713022568440416,0.15776044627218092,0.15748857373637695,0.15783872961961662,0.1577677792204173,0.15767249800391653,0.15786126480687057,0.15776878384057036,0.15819171252423309,0.15830959833784647,0.15825975923129132,0.1586668673038683,0.15819099387636187,0.15732451342738088,0.15686830527667353,0.1570076337854584,0.1572144963405983,0.15740713206206655,0.15763038734063037,0.15791664619337928,0.15717207607974837,0.15755272506219622,0.1584736392417574,0.15943258776073702,0.1595489045799686,0.15986908171447436,0.16068701015298534,0.1619043851373449,0.16242927709630084,0.161760362096998,0.16221818068696928,0.16253055347054265,0.1636180477914939,0.1641005300291391,0.16452122416071283,0.1647644787076253,0.16613820968741227,0.16758208254816884,0.16872435967701999,0.16928116968617982,0.17057282721350647,0.17292123207774301,0.17418553670228165,0.17285587348288256,0.1702696231820393,0.1695709591016828,0.1700359412755835,0.17209655116367287,0.17327164698728342,0.17630588061036828,0.17805750899196637,0.18024250227342822,0.1790375109870883,0.17927929694070205,0.1791538500594252,0.18208147201172226,0.1846943951191966,0.18755267068946538,0.18825754237853826,0.18820956552129572,0.18821742885980028,0.19070413919450452,0.19410200885992657,0.19643780364432048,0.19693497659584808,0.19555946008797948,0.19485330516549992,0.19259990290750942,0.1915136479688326,0.19029613507015442,0.19067297970782718,0.19017268916064345,0.19027982919800054,0.18884380236114096,0.18842464179915153,0.1880567683597443,0.18844308932694484,0.18861123676331082,0.1889346223905998,0.19128378550898403,0.1925862087996039,0.19267921000337002,0.1906973678419679,0.1894295077369443,0.1881169534925848,0.18862295842787044,0.18903420037069701,0.18976356431336588,0.18942266497151464,0.18915630851419502,0.187912993323876,0.18703293049989433,0.18580638137011143,0.1860368738928867,0.1857841820330241,0.1861888666020031,0.18601208648438283,0.18580949650022208,0.18507167147180556,0.18453377023489406,0.18446940209636817,0.18366072719248042,0.18377460916547472,0.18275664100541297,0.18221198781470932,0.18122114941020745,0.18154293593732523,0.18130056548230655,0.1814057030384998,0.18121135265201144,0.18129257484596528,0.18110816055822318,0.18085699751743886,0.18115578470469004,0.18121030587628587
394995,115,"Port St. Lucie, FL",msa,FL,0.27932254884154917,0.28054366273448217,0.28168155910609033,0.282606326153457,0.28344031439762535,0.28331028345459974,0.2844154815966296,0.2853144769629276,0.28713014880024496,0.28952260121163936,0.2916133592640794,0.2921333257386746,0.2921598017134028,0.2922681337340782,0.292934901838538,0.2928895588162073,0.2945807386785833,0.2956577135983087,0.29668541260383685,0.2964271254083672,0.2962178699075191,0.2958088941241106,0.2950152469171362,0.2947195885401885,0.2966108425483622,0.2985759061150788,0.2997557100704422,0.30037792886530407,0.30031243465831803,0.3013122940441154,0.30053610199463593,0.3007688341266497,0.2981649197948385,0.29668211465651567,0.29525973827192603,0.2959302131394782,0.29473722907624444,0.2938805890969135,0.2925517037226874,0.2914021897765474,0.29063953132754705,0.2897876955469254,0.290078014574267,0.28903909425008184,0.28807409368375514,0.2862229128377447,0.2865762222461645,0.28708156930611806,0.28736640149950055,0.28630035653110675,0.2858275770101435,0.28545338137011006,0.28481513440408246,0.2841907578663554,0.28350469186490224,0.2835655631280741,0.2853271703912778,0.28728007809040373,0.28759538988531597,0.286761733083507,0.2864506314859019,0.28664565456830016,0.28531150366800817,0.2843194270838741,0.28350234586981965,0.2825682304851266,0.2836868467272412,0.28379893616202745,0.28891464358250013,0.2935878206895073,0.298041450346015,0.2982086591487762,0.2996382763679373,0.3040061130293469,0.30837375420487717,0.31163925422889976,0.31454397139941853,0.3202665394349927,0.32490454243815386,0.3316642952318361,0.33834813818823867,0.3491575732654133,0.36193790052943625,0.37079121780356733,0.37592944451496124,0.37391134962390926,0.37423180455641736,0.37467364180457025,0.3774441753655345,0.3785378375359666,0.37971411138293903,0.3792353318251316,0.37859589251202114,0.375713179768114,0.37100437480399284,0.36825907121139173,0.3668628330194791,0.3680534838369996,0.3688805478265295,0.36946607908867857,0.36914150976379534,0.3661449729491515,0.3631642584625873,0.36112319427514356,0.35897336365383753,0.35528865336327975,0.3494630072468523,0.3449085658530773,0.34059818644662027,0.33843031992508227,0.33583190332535334,0.3332965719118442,0.3325210667857249,0.3304365303808088,0.3283185182778936,0.32522127821616587,0.32356412210550434,0.32357266183498135,0.3236199241171462,0.3241194843014655,0.32508816485821096,0.3246715378628237,0.32348204440914874,0.3221397046883995,0.3195721638414625,0.31962657883342094,0.3197914001509639,0.32045540371829545,0.3204131037779546,0.32001990247363094,0.32072075724230675,0.32036713597566163,0.3198345703808084,0.31915276146065125
394761,116,"Lafayette, LA",msa,LA,,,,,,,,,,,,,,,,,0.2520445991708885,0.25000641512454364,0.2490359998297003,0.24769370618147932,0.24917884001667712,0.246846893825064,0.24909601752846877,0.24701923553531985,0.24923984032477006,0.24829822820521524,0.2502190365786656,0.24770741100627858,0.24774782276625423,0.2466493080674915,0.24666774361342203,0.2471554991399434,0.2466037693643954,0.24681610147493357,0.24452647141454256,0.2445978697329255,0.2422093613064181,0.24252645322977515,0.24028427103728842,0.23931826245535187,0.23715240723907477,0.23733536943326344,0.23727423203650766,0.23756657122605015,0.23604476951680362,0.23419773593045956,0.2323893297485931,0.2320443931135195,0.2312404424578834,0.23022084882925523,0.22976216299488766,0.22940758050077714,0.22948554735744717,0.22910034009828295,0.22834158911338162,0.22713549272900596,0.22788708341602854,0.22934050304093997,0.2311313356686421,0.23153594083536097,0.23263767237172142,0.23273268676166856,0.23310257184085506,0.2304669790047694,0.22825099148968286,0.22737133574727367,0.22753690800389073,0.22899530979604102,0.23442089057580118,0.23907609365228805,0.24247198267220177,0.24277782019648053,0.24294558729037005,0.24248442641481865,0.2448471460974368,0.24769237278881678,0.2526857589503247,0.2526093383747646,0.25329237061038645,0.253322006994699,0.2569289853989342,0.2606313809144745,0.26439301615737676,0.26486057371895316,0.265680549411151,0.2653338932984297,0.26478144229180767,0.2640400007231445,0.2625843604414337,0.26203927313669234,0.2601257777346377,0.25849858905535567,0.2561939304662479,0.25498940117272684,0.2533794356592229,0.2540718939567644,0.2537196348366768,0.25538183840617984,0.2557702122895819,0.25658190031959843,0.2551656670617648,0.2548429524561981,0.25471958414847584,0.2560996296569897,0.2571597628776393,0.2573505178432099,0.25708505751995536,0.2569419849939372,0.25612155411004756,0.2548549057224527,0.25211581026258445,0.25090698790150345,0.25128733999189273,0.25243776060913026,0.2524947256291555,0.25276553859245204,0.25250560064778155,0.2533783454075437,0.2545892444147811,0.2551670930423585,0.254859416205772,0.25382139367482365,0.25501964729573623,0.2547885333676635,0.25448646425844434,0.2533390229337054,0.2531977861315574,0.2522385224974994,0.25248512445079746,0.25215042053886,0.251770503159841,0.25110586440873206,0.2512186766443067,0.2517088141210325
394898,117,"Myrtle Beach, SC",msa,SC,0.2458556123631248,0.24600293892895955,0.24538497533181544,0.24644093201739556,0.2488700478857238,0.24906630142408978,0.2502058976436323,0.25041733355248147,0.25030435098518783,0.25121496804795745,0.25075728781092876,0.25150025876723636,0.25169421510540374,0.25153856041590444,0.2523913076411605,0.25258294788723,0.2517508218078747,0.2527111700282088,0.2530057512068736,0.2547564646014675,0.2563721419913272,0.2575506331781567,0.25857701714855574,0.2581316426002238,0.2601643983738923,0.26226071273958573,0.262780583549905,0.2635310645931178,0.26478701347567735,0.2665479872574873,0.26685405546243646,0.2663695113195723,0.26567522860252746,0.26635364326904204,0.2659005573117347,0.2658536588052902,0.2649961002996203,0.26434251905411327,0.2630051416880103,0.2629041848133929,0.2630046631773226,0.263163127962381,0.26233212999002137,0.26158299042801963,0.26193328630696255,0.26134162214476725,0.26256453724692624,0.26090916568192035,0.2608428792399172,0.2590622035707644,0.2594885461215415,0.25897203885084824,0.25834069104141866,0.25747747236730295,0.258183241016522,0.2590448536196255,0.25974823385750284,0.2607311927166771,0.2610586148321496,0.2639817743388934,0.2657349389818871,0.26831263824796514,0.26535233777125583,0.26116521138797727,0.25604749931592424,0.2548346445958488,0.25477194990313634,0.25607250001083465,0.2577631180319759,0.25842370462317255,0.261562974544751,0.2626912602324662,0.26508939179637986,0.2663152684448118,0.26720524269707346,0.2698751896151656,0.27225322001387425,0.2754345405803525,0.2790697945947352,0.28283470674110556,0.28925435196059984,0.2971897365124208,0.30064144777113133,0.3022627602876038,0.2998769864032112,0.299783399720651,0.3009650415141633,0.3029246770491676,0.30612466330775623,0.3060567664648912,0.30489445296285644,0.30366067255338697,0.30273716713841126,0.3019500161420774,0.30116127472053417,0.30079540298836216,0.29976793872722096,0.29934295883611006,0.2981250310478126,0.29913563667670195,0.2990255307354139,0.2980740608263205,0.2975664246761817,0.2957338876846788,0.29628751730805725,0.2947795796739857,0.29541660249562895,0.2946529682386238,0.29461302068498474,0.29352299118797043,0.29295540685916077,0.2922586601790985,0.2909335150221408,0.2906807991152178,0.29121832321448005,0.2923458842087583,0.2926193192949963,0.29149206312263737,0.29037307230409426,0.2894095894633895,0.2889019999755876,0.2880984625473768,0.28724991149752344,0.28520022999255973,0.2839479680851285,0.2832868761537733,0.2820623144536772,0.28100164369184083,0.27984302566203095,0.28054116817349545,0.2802917282652133,0.2800555504562284,0.2792805896785319,0.2790443006842048
395116,118,"Springfield, MO",msa,MO,0.19159788454138935,0.19104677096684444,0.191169086604403,0.19093748100124128,0.19175696412202822,0.190787777551697,0.19073769639879498,0.19006629607117276,0.190289674647574,0.1898115997202128,0.18843433503414264,0.18749132358918047,0.18677805236726622,0.18696437252977222,0.18611924182875475,0.18579704758944712,0.1849551992976603,0.1852953415855095,0.18508297290446904,0.18517174118248392,0.1847891828187199,0.18576023604418757,0.18599398488348193,0.18839669831437572,0.18871843265843882,0.18948072174861386,0.18875428732045335,0.1882005579415186,0.18802243702879734,0.18807700053693402,0.18924429599847303,0.190148790784491,0.1909726293391554,0.19044319985497316,0.19168231335812894,0.18947873417142364,0.18937160693535743,0.18958156494549686,0.19154475687062575,0.19336252722419378,0.19288968115027438,0.1941741958709747,0.19418133472316196,0.1953849011952046,0.19550433494035174,0.19674380428919155,0.19659332535135152,0.19642407224522787,0.19711097897131502,0.1982019663275564,0.19796552747581336,0.19768550407549462,0.1991962607313863,0.19940228584934894,0.2002687152593479,0.20033223569215716,0.20122289603308297,0.201697711074754,0.2026744917534297,0.2052154301726686,0.2066227934102032,0.2071970822819985,0.20243081579883865,0.19985959370139114,0.1973600280325015,0.19746201976348424,0.19817992502597542,0.20002816595591155,0.20056079289841988,0.20167542906327096,0.20239559067704732,0.2026906730314971,0.2035571990694559,0.20488100194631573,0.20717705346100954,0.20792148886307346,0.21050771883387095,0.21225794133851308,0.21457651058704935,0.21372330930945854,0.21517338134308328,0.21776269291983624,0.22135068855031081,0.22287534964376374,0.22239704169655922,0.22115023813844673,0.2201781158392945,0.22130480443615996,0.221183888911322,0.22022402811857503,0.21755445627884681,0.21776340578436704,0.2192210421497621,0.22017563056133851,0.22031229126892185,0.22014065824470877,0.21957605401981667,0.2190614997968888,0.21805453913266157,0.2182476390256424,0.21784261348527473,0.21733402426825404,0.21766628976314772,0.21748967825316676,0.21726957078050343,0.2161144827547477,0.21485016825193085,0.21313731609518796,0.2124237699355951,0.21236255983428573,0.21206727457744107,0.21070433986797285,0.20938145146149245,0.20887069431798042,0.20871017106377623,0.20914107765725298,0.20945201060376792,0.209910592879387,0.20944320069577954,0.20923780394740724,0.20978950076206207,0.21063793150610585,0.21087605802668194,0.2109091323280473,0.21137336699282683,0.21170577087855108,0.2117090586153585,0.21105102398938794,0.21053879074838888,0.21043022573186915,0.21114530575637205,0.21185366087531282,0.21162831324770134,0.2108592668202124
395195,119,"Visalia, CA",msa,CA,0.25641353489700497,0.25582918179095715,0.25531779240843483,0.25546340852960064,0.2555101149591172,0.25424015789355864,0.2541144294291902,0.2537053027913919,0.256102231321553,0.25565525853013044,0.25665799806737927,0.2571925614458724,0.25709774046062117,0.2560613712443424,0.25573890052954745,0.25728237684886424,0.25910552295690087,0.2600040582170684,0.2584902416374942,0.2585501908700357,0.25701042573108074,0.2589724419885811,0.2588970266217036,0.25979804659855477,0.2596275093038543,0.26014375200878254,0.26120642776387343,0.2607994044511655,0.26149970770789316,0.26139762585914494,0.26170581142070926,0.25993084742252986,0.25877464328825217,0.2579381427346835,0.2582139012464775,0.25774729011232606,0.2575419154869184,0.2572589578111603,0.25612755368846163,0.25539490045218677,0.2535355807686917,0.2531074878967297,0.25105919298337065,0.2506000717213183,0.24867828299003927,0.247031604027984,0.2443815533662151,0.24322960327655135,0.24210583580132358,0.24037362228430462,0.239086123748663,0.23771723538055953,0.23674220678858257,0.23590221989226537,0.2365049276180513,0.23663207511594933,0.23814848265592498,0.23889331426574698,0.240256936708881,0.2406878957035351,0.24117597992326137,0.24192322180358297,0.2419455463105725,0.24145814168077798,0.2383898829873302,0.23651965982519804,0.23570340576480064,0.2375756429994809,0.24086302277317465,0.2418749379477582,0.24223350430456908,0.24181448775268974,0.24402345548877039,0.24568509900511498,0.2514338420249397,0.2582657793436658,0.26411898367930037,0.2653943420417174,0.264709770287366,0.2638291185550695,0.26604404133023535,0.27250334541046267,0.2799175009711573,0.2847580778642401,0.2834813311074268,0.28113189775821085,0.27764153875872466,0.27444014929919797,0.27793417029543566,0.2805735391468025,0.28312207450003873,0.28251497063324393,0.283155862984323,0.2816782933499585,0.27785806614541625,0.27586585368744565,0.2760605702475314,0.2772606213501775,0.27791991478972244,0.2781151824232937,0.27527445323332467,0.272453041887297,0.2721094390240888,0.27308663863590443,0.27499997725650677,0.27543957852709,0.2778082420884158,0.27684903905678904,0.2779075269090587,0.27828191032224414,0.27910239006967846,0.278823297746467,0.27900511264217354,0.2823255853262421,0.2829079588592234,0.2837510666089235,0.2804212915721787,0.28171748248883793,0.28251630905284053,0.2858949844412441,0.2854815312972449,0.2850259238272042,0.2847455639732619,0.2852577866297585,0.2856006558156618,0.28429898662129127,0.2840195986086243,0.2835179781453301,0.2857537732718724,0.2855058685664662,0.2850296533819947,0.2836450702790546,0.28358575898627814,0.2836299966760201
394746,120,"Killeen, TX",msa,TX,0.19761586382932575,0.1976257643857696,0.19843954547824466,0.19878852654639692,0.19935020779620147,0.1992563919271434,0.1991658914282138,0.19910017877698907,0.19835339967540455,0.1977076438613687,0.1973888314011677,0.19731048149137143,0.19753587447900786,0.19723832705182762,0.1969766384699681,0.19605990564217174,0.1957057764041195,0.19578356387794743,0.19649697600400726,0.19679215773825026,0.197049786057647,0.19689237973451607,0.19674158023012617,0.19642938107721075,0.1955972519557998,0.19524664238607675,0.19451960060158185,0.19419266130181537,0.19326790105657363,0.19266229197266527,0.1919312423403828,0.19178529168480188,0.1922585481871164,0.19301378990454948,0.19337736144507078,0.19369876823639928,0.19377535748180966,0.19379359009191935,0.19396408127040976,0.19450708543564407,0.19483009571628881,0.19497831884775638,0.19471045361841022,0.19508094237328466,0.19581801307198973,0.19663686673066205,0.19735848310615925,0.197621884775655,0.19818969668689054,0.19882865337857053,0.1997757704488567,0.20039801655743625,0.20136879170624228,0.20220288883453286,0.20330983434465372,0.20369474098970433,0.20340477253852676,0.2029907988430775,0.20294240883537998,0.20379828129864827,0.20472654303982973,0.20531233120375741,0.2048762736038703,0.20298704952351931,0.20159411534553814,0.20237632610984022,0.20388060549107626,0.2061734060892318,0.2093442146794786,0.2127347875800703,0.215364451243993,0.21513350159573932,0.21411170226665976,0.21484121798525388,0.2173076431153193,0.22213819283480413,0.22582308896085565,0.2285103011550772,0.23017175652874697,0.2318497833528077,0.23570689372460257,0.2399940868124075,0.24370321598754163,0.24463745433615972,0.24346506438774912,0.2422470238450154,0.2413933298829178,0.24059746004762866,0.23974647011038644,0.23805235140626418,0.23645310326410693,0.23522890173644523,0.23500591396190715,0.23392815803461867,0.23307282518957198,0.23237494211327125,0.23254835044839095,0.23244944660925865,0.23252319868916288,0.23234621815653492,0.23229593684762997,0.23219632755417893,0.231330388613708,0.23074853277742027,0.23059662866844935,0.23146550769851346,0.23110641592638764,0.23056882779237117,0.22993872190539152,0.2303928683343096,0.2303617878381284,0.2300989945684445,0.2290853524214802,0.2286383158158088,0.2285125399618298,0.22802463123490196,0.22719751711455052,0.22709912365987603,0.2278312205158535,0.22803542976780436,0.22825983733189786,0.2273705219471265,0.22677224954910924,0.2262489819566831,0.22618396286635845,0.22589884080866596,0.22565938396829044,0.22543940790307146,0.22527064269182448,0.22419611369080403,0.222898967985484,0.22176655945405213,0.2205488759820038,0.21965304201902222
394338,121,"Asheville, NC",msa,NC,0.24373783967966178,0.24304122523692112,0.24741426134229577,0.24818383991795306,0.24828168154383093,0.24502430538039652,0.24543128147668805,0.2471986948669759,0.24927573354843924,0.24931727409026144,0.24868581097705608,0.2512767245594429,0.25312974550585204,0.25356857675764066,0.2508107735702733,0.251263531682031,0.25297465720459983,0.2563944284236774,0.2575745078024043,0.25719512495895624,0.25715775354306475,0.2566664967822155,0.25704195594265167,0.25395329934780486,0.2540776693024766,0.2541712893950395,0.2569792045220856,0.25560976851609446,0.255866272062652,0.2546114786757216,0.25505129624132683,0.255659091511667,0.2560068970620232,0.25688206642025424,0.25691953031445713,0.2592257059815625,0.25931808092339004,0.26059517511658836,0.2617563501315191,0.26340349553762527,0.26322876167919557,0.26166901927648045,0.2609890789330063,0.25965968932077327,0.25880697212580006,0.25811888285744794,0.25846930686605374,0.2570252415874138,0.2571386150999005,0.25424885760121096,0.2516630642479426,0.24999718386156305,0.24873361674668065,0.24945784628298762,0.24913605433235236,0.24940581616175386,0.24974281720953914,0.24983822834002858,0.24927073336773078,0.24927877287742517,0.2484355500865833,0.24891873092684452,0.24826626673351326,0.2470391690688839,0.24374023085724958,0.2435212661646412,0.2443761696724037,0.24568799253737936,0.24813628603712604,0.2503591696852693,0.2510631975205082,0.25058533735360883,0.2503685554010131,0.2525478147601485,0.25482695024420277,0.2579951936499473,0.25939681895170613,0.2616605762738591,0.2635926339002348,0.2666906530006445,0.27200139550516833,0.27938436854246856,0.2870036514965756,0.2910072120203149,0.2933876980197978,0.2940348052470878,0.2944625498928659,0.29612665733777366,0.3007429683658688,0.30279294101606363,0.3030097282949659,0.30137618695702173,0.3013813088697719,0.3003779653448162,0.29964005652093223,0.2971845204009281,0.29565555310670677,0.2924978376831042,0.29339220151415996,0.291223344013807,0.29020808554547484,0.28642738002964,0.28421453059742047,0.28301642404900734,0.2830644781348209,0.2829829242325411,0.28264681692421173,0.2812370515738295,0.28044479870496924,0.28039684887986366,0.2801827233308159,0.2799127909507882,0.2789381871877278,0.27837102924141305,0.2775138451379952,0.2767592029589215,0.2754131232280497,0.27471113924698337,0.27346452171876134,0.2720738555936625,0.27046427620715263,0.26984181686606623,0.26754334301560134,0.2662435284533733,0.26446913274324024,0.26410386618199116,0.2635617127386837,0.26277004139866733,0.2620683165309734,0.26110866902033397,0.26048540713162577,0.26037929816452643,0.2602793016503245,0.2595061654366309
395244,122,"York, PA",msa,PA,0.16225211071921297,0.162518180895351,0.1623524602918003,0.16226206891986925,0.1623629934610973,0.1612399431695175,0.16112619757615124,0.16141852601912915,0.16124057079517157,0.16194718863633956,0.16113935568407908,0.16101546368930567,0.1593368895978605,0.15953797800351371,0.15994132483908763,0.1613525923186716,0.16124076719684752,0.1612773119972688,0.16095553859946776,0.15999988959020964,0.1597384041167393,0.15869938922752175,0.1592436372091866,0.15913751827211747,0.16012413460228309,0.1592003091586214,0.15915691612666966,0.15831858832406667,0.15882560197448595,0.1592161100833817,0.15947339359763799,0.1598877589896597,0.16068054389390066,0.16099163460531124,0.16018604845674037,0.15853501579674212,0.15813603342987728,0.15881609931636792,0.15976600438490923,0.1603980961818287,0.16008036245035306,0.1595782322808071,0.1593764703260348,0.15990995149354242,0.16043149749932412,0.16071610390488128,0.16101543157880388,0.16144938163521047,0.16123780901156393,0.1606665273680781,0.1600343181905459,0.15981637360010825,0.16001977948508597,0.16061704587361755,0.16114373427072157,0.16115965430270957,0.16099982728186332,0.16139450946209757,0.162057554811475,0.16335275793307086,0.1643892362926719,0.1652493279518915,0.1652828680631226,0.16398758917509945,0.1620070842615066,0.16098773320273949,0.16063594292633293,0.1593823508813352,0.1589900899390981,0.15952976730145876,0.1625746498616094,0.16241972205334385,0.16291235555508957,0.1611080144722183,0.16205395754366717,0.16352133152036413,0.1660611913819487,0.1675287350746543,0.1674306214682499,0.16821150446684258,0.17072815365094654,0.1738953453687082,0.17473567867872433,0.17504559162976333,0.1740644265741132,0.17475991473634753,0.17463638539804532,0.17445859728289112,0.17436601638114918,0.17459229613107313,0.17453033684773506,0.17395941024362707,0.1739714799851442,0.17367486581068017,0.17433477248028992,0.1749581472440918,0.17652574076002855,0.176725955383211,0.17732785949313803,0.17816123713773227,0.17947881703676505,0.18010172367474395,0.18028604746347276,0.1819907207465269,0.18263212273529086,0.18357795717828865,0.18354346664736587,0.18366414551611876,0.18373948550024533,0.18474650035675172,0.18508630838276938,0.18602056235060183,0.18455317001427168,0.18424412328189543,0.1844370637436239,0.18579176701392963,0.1877591899858263,0.18877653550484852,0.18851945445148516,0.18839520469014215,0.1880882214940403,0.1889859950994054,0.1891759594107551,0.18869228812136352,0.1897625293103788,0.19045224640038153,0.19108845445581787,0.19014170918740902,0.18920600792010614,0.18891243740442565,0.18990875502005006,0.19071933902438956,0.1913931904199245,0.1908861525267328
395183,123,"Vallejo, CA",msa,CA,0.23756429727122647,0.23752538915921223,0.2385651072671776,0.23970268065054473,0.24002287672669786,0.24153525764842473,0.24150503330749679,0.24237830799529536,0.2431187079005211,0.2454965087081076,0.24591825067472664,0.24736212915909372,0.2476442434523652,0.2476759108696453,0.2493578401295062,0.25088863578856235,0.25266945833506804,0.25209688157297094,0.251550812993763,0.2519929105966501,0.2514596828169707,0.25096386039015756,0.25122700736914905,0.25178355183099765,0.2534342306211346,0.2537085760849557,0.2534963661539481,0.251829569880601,0.2525045323622622,0.2532611250665266,0.25506572099446506,0.25510805320300006,0.2557774536366669,0.2551816672533974,0.2552028504403351,0.2548004006371838,0.2544705916786208,0.255029438627121,0.2559496889548092,0.25709641738042494,0.2567490948062556,0.2575553513683194,0.25781096766271416,0.2580645148642337,0.2586663643799577,0.2582256656686772,0.2594026821479263,0.2600312008990892,0.2610493931264928,0.2613753468096519,0.26119660994595995,0.2614569477752727,0.2618219271977597,0.26248519594414854,0.2632256178017464,0.2646487585927613,0.2662631856102796,0.26930249858401833,0.2706428461206849,0.2723940469443701,0.273557200362264,0.27480421053258747,0.2739023435567494,0.2713659065322229,0.2679508794939093,0.26597381986840957,0.2658008506292207,0.2675521311150062,0.271412947556231,0.2747655754169921,0.277355654638634,0.27758899841385226,0.2777420549111676,0.27609017124797025,0.2782257944534736,0.28115204682189865,0.2861104171693004,0.2864003513203794,0.2872953661961071,0.2864313781283575,0.28772523731347316,0.2887536427350947,0.2908070742683104,0.2907620307769358,0.2894342015194452,0.28753403873061567,0.2855016361828761,0.2859836911196099,0.2858767293799208,0.2868824835568856,0.2854869897389302,0.2843537663384776,0.28458848545219223,0.2843107228854047,0.28454388876321685,0.28382995201658223,0.2838095900680494,0.2851710694057422,0.2868546900349138,0.28732908664966633,0.28651280922267436,0.28667418046947973,0.2867880071530102,0.2879558127684556,0.2873147975771778,0.28841914552577846,0.28795106520184,0.28851854886658135,0.2889628655708547,0.28996488000386855,0.2909107857496055,0.2914161309129406,0.2920094566200242,0.2917936777955855,0.29278732891583503,0.2937371451061631,0.2950933496263624,0.2957166371844645,0.29651412826426127,0.2969562745916633,0.29705335720771064,0.2964744932243454,0.294970682319663,0.29375789944929126,0.29322330839509236,0.29320201471194346,0.29279007230040344,0.29190914428085024,0.2915758196840743,0.2910504912907718,0.29090682934899126,0.2904915643478819,0.289784714774873,0.2889927397266266
753917,124,"Santa Maria, CA",msa,CA,0.316921184751707,0.31841990835982104,0.320998648388669,0.32186843334918686,0.3249332391015549,0.3250246034843899,0.32486675592134895,0.32457211256640417,0.32425211884301025,0.3249774433985319,0.3273643673471759,0.3310986092091399,0.33292215472574993,0.3336070616815131,0.33779653345770916,0.3374253160421922,0.3354236937638192,0.33147345782605553,0.33023818377016456,0.33022568160068566,0.32919168879119404,0.3285858260502249,0.3288118153807726,0.32886353211854275,0.3297603817132491,0.32943008700092574,0.3294119452646014,0.32900557301201505,0.3271194591685098,0.3250717101896205,0.3236995645584362,0.32297518144834086,0.32602256901239546,0.32844605466945415,0.3289750116786323,0.32641246759630965,0.32519718415137705,0.32800429260152236,0.3301069234502613,0.3311344475122606,0.33089076264322503,0.33126995259407666,0.33328748070664727,0.3320821901266832,0.33116351388232496,0.32900865931661144,0.3271019144384636,0.3255539830793982,0.32512683953941723,0.323940740145965,0.3208624288237708,0.31956640124134367,0.320286766515486,0.32206440732565894,0.3220141653048512,0.3239070775054282,0.324855358378575,0.32710433772205744,0.32991069139029033,0.3338184972156142,0.33623691382282517,0.33743039720907536,0.3371583125693362,0.33262379977460677,0.3305109475787851,0.32928548822512643,0.33076261364553766,0.3292619055785838,0.3282582581785992,0.32959237400856095,0.33061868161954405,0.3304576496037692,0.32811413065804046,0.32877954530445075,0.3331249516058431,0.33950246912247745,0.34529992793288894,0.34686775289784216,0.35165131887453294,0.35624788965956533,0.36821229556824153,0.3749132686006162,0.38496840267505644,0.39002294847760316,0.3910401334908378,0.3921434121247198,0.396370955882502,0.4063128391740911,0.4094110797993422,0.4115210175901525,0.4066492921221341,0.4092432028369501,0.407206509258186,0.40895937316425607,0.40741479381434265,0.4058575954645612,0.41085746008094864,0.41084164611407037,0.4101599649267063,0.4033573381480681,0.4019048022834663,0.4020715329097817,0.4043245903488786,0.4041940403946007,0.40574108189290603,0.407189307033199,0.4041890085789113,0.4020393590417528,0.3951574466983096,0.3957682794063275,0.39394149144337587,0.3979975262569606,0.3988748503432926,0.3993504623113162,0.39836332469259567,0.3969525123406279,0.3968995374923379,0.39621958068990115,0.39476098901666035,0.3946991618252563,0.39727043237825377,0.3980596137078117,0.3982229253160627,0.3952791247258891,0.39363608840715925,0.39215619737960034,0.391973149742161,0.3917414083939887,0.3905595840169565,0.3892701805906489,0.39084737375513495,0.39075044665817865,0.3899012445204908,0.3877683367514297
395050,125,"Salinas, CA",msa,CA,0.29986492434504136,0.2981336261124133,0.29832907999892616,0.2991830539605064,0.2994429237561949,0.29916780971606993,0.29641868921831155,0.2980867498056287,0.29583099632141413,0.3001968061154,0.30071457022506376,0.3063794187473533,0.30660252458269,0.3064295438495902,0.30352337309990357,0.30448690502220915,0.30560516461059317,0.30799771131203174,0.310390924811239,0.3081095278744503,0.31068765125160536,0.309301671196189,0.3094871601803727,0.307409365462575,0.3102516618367781,0.31260678302296807,0.31671246149864857,0.31616849206764247,0.31804464264980226,0.31748941662803726,0.315599605968235,0.3160647652780261,0.31583271540832875,0.3177172608701068,0.3183992272148748,0.3180143973369314,0.3165915877257108,0.3175053150030491,0.31787481630081155,0.3188734939594983,0.3178894791609198,0.31800210754415537,0.3176133893542035,0.31847239358169604,0.3178906430245752,0.31783182758367334,0.31562047389801795,0.31317134763118043,0.31177865638943536,0.31270706297939915,0.31091306308417616,0.3099690702495355,0.3095302456358842,0.3099028290071336,0.3114577527046096,0.3118232637809986,0.31330841068323273,0.31408044981952365,0.3168938205106487,0.32067112570872436,0.32338600098971865,0.3231194642574626,0.316254704391448,0.3140832252162369,0.3108614818843547,0.3081463628275231,0.3056461790561878,0.30390455429323393,0.30518954278360944,0.30803595812370504,0.31059319862773704,0.3091305945094066,0.3048423073578638,0.30360993345594406,0.30573627684074733,0.30888360592631714,0.31121851098880243,0.3093511341570567,0.3092390918032929,0.3118025618501928,0.3180641272082447,0.32231627692299836,0.32518789805818993,0.32649875611551266,0.3304082926741549,0.3295841379184643,0.33134949903581934,0.3329341607705464,0.33750427395191424,0.3411685094881404,0.340943450173395,0.3400537431792846,0.33858280280726133,0.33960704214128506,0.3400539112108142,0.3416209514253126,0.34128643494513,0.34332727011698516,0.3403850508822685,0.33879522887535596,0.33690341563722714,0.33954465132593553,0.3429214049422565,0.34355194201143063,0.34269070966632464,0.34099895140894615,0.3403542471763879,0.33884775589292565,0.3373937816322631,0.3393596500878818,0.34111473619398003,0.3434019678969148,0.3436686136616106,0.34360714535680775,0.34443617358474177,0.344304702854229,0.3462443997795994,0.3482669231688597,0.351553117122343,0.35287796749059547,0.354648819121039,0.35344672892518886,0.3537173186796964,0.3527016022133093,0.3528248303029495,0.3517160790023124,0.3502678215340724,0.35082225923422256,0.35072772234874955,0.35040976896492315,0.34854442261019447,0.3479302392934256,0.3468767172053856,0.34585084765150204
395048,126,"Salem, OR",msa,OR,0.1942446271113692,0.19268000775418523,0.19405675538621592,0.19413020350316154,0.19703852909855904,0.19677957300921944,0.19824972454953654,0.19925570348591864,0.20189587183216842,0.2033313240084697,0.2047821731305265,0.2053807365148504,0.20457037906017772,0.20718709849312011,0.2078357643133758,0.21050081074018293,0.20955739881496135,0.2118618950381363,0.2125255796569148,0.21493361054675436,0.21664611627576755,0.21988368874971223,0.2205338635719562,0.22053926040885732,0.22141856929643935,0.22255992333787625,0.22549766152923817,0.22644389285416483,0.22758598090832302,0.22715885378614295,0.22740551517781488,0.22676040836395905,0.2255615978393071,0.22292320913165273,0.2236364218316872,0.2262209256321258,0.2282161447923135,0.2278702037205779,0.22595112402527656,0.225287264116559,0.22409881806238835,0.22381275889024807,0.22372695275039753,0.22448991355258502,0.2236229378069563,0.22314211061813616,0.22248521791112785,0.2226914323733706,0.22235671606822635,0.22137768538292474,0.22160843349565118,0.22135648698407592,0.22204591635114038,0.222494717585781,0.22276346147842943,0.22242595736419635,0.22399128965029022,0.22568679959225363,0.22638191911480168,0.22542379821091255,0.22493476686851185,0.2255359787240789,0.22642151303932226,0.22365720260006003,0.220266032760759,0.21924667938117323,0.21968340473797213,0.22105766535526628,0.221472954089544,0.22368484436250718,0.22611273400138482,0.22782210447041032,0.22785766499708246,0.22837409900948874,0.2301011618486652,0.23205683606420338,0.23512733041462697,0.2367737091616922,0.2382819675219969,0.2397288121588721,0.24304104006348723,0.24665364503559434,0.25006704154784287,0.2505463264524226,0.24966451032841538,0.24884276575056138,0.249774503585224,0.25196841871365555,0.25418801172635297,0.2552749931065588,0.25663580215959997,0.2562567575458789,0.2578262601593168,0.25775204389915,0.25721302994907824,0.25530855912001665,0.2546558673221553,0.25456267137626554,0.2534892155665983,0.2521699761081637,0.24932941265896824,0.2473442889830311,0.24474176179142543,0.24368535435122907,0.24273748700249723,0.2427408850165148,0.24171028620376211,0.24168596055094574,0.23964734766693724,0.238439362734092,0.23652358596788842,0.23575711087579787,0.23456327641751049,0.23293346193079756,0.23158733025838799,0.23077653522502334,0.22920388555717638,0.22791886623358615,0.22697304425538825,0.22612728892793274,0.22658223107105507,0.22603816762534715,0.22626943047639655,0.2254088585081466,0.22536472308163288,0.22529302807678697,0.22518098256999877,0.2243295902725184,0.224152798935916,0.2236733733220876,0.22336849546189985,0.22245604196765065,0.2218060501643557,0.22142503638144725
394870,127,"Mobile, AL",msa,AL,0.1940347679496553,0.19500256479815933,0.19470955719049904,0.19484550491063193,0.19534734815536337,0.1965916493297521,0.19607584759744595,0.19661005965689857,0.19605890215373714,0.19627107254932533,0.1958909718192215,0.19591993796101503,0.1957303118361311,0.19602149553703133,0.19616261671830543,0.19667400896626597,0.19638825917910868,0.19667517158809872,0.19731766915434237,0.1993399701795302,0.19987836134190012,0.20037705938982162,0.20068323077152012,0.20101485278314224,0.2014396927618221,0.2015554111432254,0.20318628552863097,0.20430862630258445,0.20447678309674172,0.20354473744769688,0.20345663316506063,0.20274824739630729,0.20309316708138775,0.20301105948362833,0.20272489834376545,0.20297832198076926,0.2035379026530643,0.20481297177789093,0.20391412615937596,0.2029478574975445,0.2025022348630201,0.20343037274795323,0.20296945821615636,0.20230017291844968,0.2024316370144445,0.20294444866957997,0.20437973495839365,0.20390825269736546,0.20433644219794495,0.20362301216600714,0.20373195685713832,0.20394711362871049,0.20436212143691385,0.20437052808631945,0.20501618406612307,0.20578110705920302,0.20588747251503808,0.20584823159512936,0.20518805882474125,0.20564226149562218,0.2051924858769424,0.20489654609591162,0.20493899408672325,0.2020857128482245,0.19969436722311543,0.19790866411747776,0.19858805055520373,0.19892821964090654,0.20078671342383145,0.20197512918675434,0.2055850761737873,0.20641511346635016,0.20682865898077263,0.20748635139961483,0.20963740966678807,0.21461383340298829,0.21828970848687135,0.22090008861004842,0.2211477611615525,0.2237716693269664,0.22909670734179816,0.23545859873631714,0.23648234319549755,0.23626261551508898,0.23573775872555175,0.23609288253844282,0.2372656925639549,0.23687458794372956,0.23906021504259878,0.23844429881426088,0.23989735380082644,0.23958247023179507,0.24006561997225917,0.24006724460407325,0.2420178777894623,0.2416437564573638,0.2409856317170077,0.24166385763757464,0.2425043839011776,0.24289230183787908,0.24043026718526161,0.24173848261664807,0.24180324763826477,0.2431288120415812,0.24399000659095696,0.2449861798223699,0.2451253264133003,0.24387934946155015,0.2441765207683658,0.24306485125663765,0.24261825885906926,0.24072459422043604,0.24063779439596786,0.24069082901724564,0.24091167939295197,0.24018254220211452,0.2381577886362708,0.23589008382485457,0.2353194596822603,0.23616745195164338,0.2370542626999632,0.23772411003705163,0.23727082781958056,0.238115828216482,0.23843806658107194,0.2376534253865478,0.2369908689869899,0.23667812450456402,0.23750131231406515,0.2385075176414783,0.23833683483737128,0.23795245263170903,0.2371646464158797,0.23685402017012155
395015,128,"Reading, PA",msa,PA,0.16629365646891806,0.1642757795726926,0.16311184516503363,0.16426830749608376,0.16630575165067024,0.16695821797410226,0.1665374656166285,0.16716895583691363,0.16896725905661628,0.16914299207495337,0.16708577945090042,0.16598513226559444,0.16512710505268716,0.16693614017348712,0.16758542222347678,0.16743948023985591,0.16649976730132957,0.16810381830904356,0.16825483673537311,0.1685881096462172,0.16683409067483249,0.16611497915388598,0.16661316083461003,0.167291659548341,0.16848180696844411,0.16854326257748972,0.1677987634741717,0.16799378052370348,0.16655738073878523,0.16508144899584706,0.1641892769729473,0.1649315160231017,0.1666044132046689,0.1673756304544291,0.16715280960276016,0.16655672967247223,0.16672064056552519,0.1671753695275262,0.16761857656953055,0.16753650771214101,0.16797874399392348,0.16760640706938434,0.16765702247525482,0.1667974401847547,0.1661986903988357,0.16483672929199056,0.1646832325077411,0.16453049444918616,0.1642906940496761,0.1638831189937402,0.16376450911399876,0.16364427197332643,0.16403450742183578,0.1648257404007494,0.16536548032918186,0.16573938811246722,0.16600593135804387,0.16715688477217885,0.16770880084322892,0.16859442795580099,0.1691072438173184,0.16946785863379044,0.16785166475406008,0.1669831394810388,0.16662760339351604,0.1680286699453449,0.16787291632150236,0.16855034663411583,0.17018318150214748,0.1728402986314518,0.17420125414089924,0.175070780972033,0.1774231227589872,0.1778947112567818,0.17997373103391945,0.1821657946210861,0.18588325023768074,0.18797532744108528,0.18943372437132824,0.18997741687050163,0.19174744286476775,0.19301864117800302,0.19534673878444167,0.19811415643067046,0.1976317758920733,0.19966917371910034,0.1994017275172268,0.20039941623975702,0.1989730186388753,0.19850380800414463,0.19978405326342155,0.20160234331488763,0.2041697792089326,0.20625480021261747,0.20646043719361923,0.20423285448783773,0.2059837193800504,0.20610121638714948,0.21015911623155958,0.21082046532765886,0.21290974956624595,0.21236360336210966,0.2108949821561438,0.2106850214994308,0.20978557959562025,0.20974488653712825,0.21067915468699508,0.21167736612292726,0.21017245481254798,0.21072764665377988,0.21121212856592253,0.2138886713684721,0.21499179948521532,0.2154524711062784,0.2153810508256388,0.21425558284614687,0.21418138516455237,0.21472529374889016,0.21538836404757322,0.21710457020364834,0.21814156990206066,0.21770296313421944,0.21596782089007605,0.2138210599182371,0.2126437333984684,0.21315341084057804,0.2140951146261515,0.21505830229232842,0.21538208220288743,0.2148507469636656,0.2139880085593111,0.21268156939502397,0.2123924120638502,0.21239892140533678
394502,129,"Corpus Christi, TX",msa,TX,0.24512670130397884,0.24533584662548302,0.24655593225171368,0.24575159924650206,0.24633330404707804,0.24544355757473382,0.24646644732302353,0.24590369114717947,0.24535031186315048,0.24572679963039462,0.24609943254999814,0.2475116237461614,0.24887369750363808,0.25046013325940963,0.24929423634275147,0.2488718605920884,0.24771125460543464,0.24779421604947485,0.24843318063644376,0.24880551065471085,0.2501112968030046,0.24905210108009151,0.24871678291648794,0.24671662033903155,0.24543303485439608,0.24498233941874162,0.2449477524243659,0.24570900497817363,0.2447247258595703,0.24480813859085537,0.24288493879562578,0.24276920122635925,0.24418738991636335,0.2461117316818109,0.24699419219660443,0.2472271011532043,0.24759497852860465,0.24745943539361534,0.2478653544899202,0.2475155780114723,0.2491250623083474,0.2493787711364614,0.25032416144779607,0.24946814497374992,0.24850593826677067,0.24819235388181515,0.248232874222095,0.24766740088362904,0.24638446812605064,0.246027703910647,0.2458881352119505,0.24594038275381166,0.2455236267949744,0.24533586524810672,0.24547633374058514,0.2462114269797845,0.24603991271153342,0.24564674146292495,0.24555204666900968,0.24719797729503132,0.2494053501141848,0.2508660412510412,0.24961734944420233,0.2457412339381912,0.24106635189879733,0.241021564377908,0.2422570513269827,0.2451090488785815,0.24826505627035456,0.2512804488522484,0.2530210858054126,0.25207817873464683,0.2501498902166339,0.24810651401683645,0.25120478213608405,0.25520394625061416,0.26034908850091354,0.2615182930349609,0.26321499258460085,0.2653581751839956,0.26786639657049366,0.2702879557386954,0.27292731998435743,0.2739406583865749,0.27332086259727256,0.2716878391514352,0.26941194840872734,0.26831850312481903,0.2673826123258573,0.26680398131501126,0.2646508271949522,0.26257955166488145,0.26126124045738786,0.26053271697736125,0.25971716235133435,0.25825800148225003,0.2577409302434134,0.2573839722563482,0.25745586161879735,0.2578046263867191,0.2583705031260421,0.25779620234262657,0.25557530565119896,0.25311672605806124,0.25208008092844053,0.25265838369113236,0.2501455637410398,0.2484884906518246,0.2471227159747472,0.2486270938617515,0.24767285239606845,0.2466422836937175,0.24605031664202107,0.24645035177300573,0.24633247817163545,0.24559524065810592,0.24476248443416526,0.2437246285361415,0.2452536271159013,0.24514374621340648,0.24510874363051466,0.24398130621582959,0.24345235967636727,0.24255870085624934,0.2411984795178495,0.2397664206407512,0.239667106100995,0.24008848086629594,0.24014675540430588,0.23951317364146846,0.23822685823856088,0.2376065854278509,0.2366374956602634,0.23515298413871927
394421,130,"Brownsville, TX",msa,TX,,,,,,0.3102848858758778,0.311775722413132,0.31464954833902076,0.31442774318239436,0.31399437438143535,0.31433424833121654,0.3165213653801374,0.3167676076599845,0.31368082710390804,0.30899472119508686,0.30444847953841736,0.3061749603047713,0.30792641849328767,0.30775367118510466,0.30626870702910913,0.3067220624694762,0.30739892781613753,0.30826661493051977,0.30524203322386645,0.30522699476215787,0.30428290602937424,0.3045801715670036,0.2998925961535156,0.30106154010721825,0.29717148330945037,0.2966363871049373,0.29613417312065526,0.2990597192369782,0.300684492364528,0.29826190351564225,0.29924992822604557,0.2986933314703949,0.30095417577090255,0.30050695830095053,0.3005929296949578,0.2977050142884711,0.29667403258995456,0.2959124039567087,0.2969212134985774,0.293769346452691,0.29120535651922885,0.28881728830209713,0.28792377950829534,0.28759518787346466,0.2870368998644435,0.28688105723246043,0.28855716179135565,0.28843142940709615,0.2889284511419196,0.2879558764335604,0.2857152601770698,0.28447420546656704,0.2833168716156722,0.2838814970715632,0.2831711997602637,0.28229995424629284,0.2802094031163936,0.28219517941312117,0.2784731141118566,0.2773095834576157,0.27796646493381083,0.27862759356226924,0.28141078672942854,0.27976097454306265,0.28252891224316756,0.281394423758967,0.2824341800735468,0.27770463881356955,0.2785042730657644,0.27917422802847763,0.28223510183967554,0.281653816456772,0.28118188090498464,0.28264743839194273,0.2829078468993096,0.2871044618838921,0.2903711387402949,0.2961409573524382,0.2964506021020541,0.29745395086711807,0.2953005433549118,0.2957386190948096,0.295811060316272,0.29777193866317975,0.2988816619790602,0.2974920460135178,0.29699530363102006,0.2983208617253022,0.3002554141742299,0.30299208184386767,0.3050909887732336,0.30723869858441527,0.308054231947921,0.3052540984844046,0.30547865626780174,0.3043451776877313,0.3043988198892262,0.30416424203679826,0.30594876157162315,0.3088769095530186,0.3082010248364334,0.30760960529298725,0.3060842915263665,0.307129700090754,0.30586044948530733,0.30747841707369183,0.3088714867882391,0.31165297573750633,0.3108298599350578,0.308341483254269,0.3051395613350484,0.3053857020895192,0.30810831505284036,0.3083875226735002,0.30817658305890383,0.3076164677136446,0.30880583377167653,0.309030325469034,0.3078335561660565,0.30589805194825964,0.30637910451675343,0.3086008814349956,0.310283533768985,0.30880665965688575,0.30706940074098854,0.306781766428359,0.3071931110756507,0.30635131251063125,0.305586999493259
394820,131,"Manchester, NH",msa,NH,0.17516441132913568,0.17406461134128276,0.1753261600932748,0.17469856466159236,0.1759279368879493,0.17509225417287633,0.17539044189774014,0.17516962454629145,0.17553086090161718,0.174679120445265,0.17476337910131534,0.17589182253218738,0.17696429569422364,0.17852436025400029,0.17712252827507102,0.17648973211016586,0.1749932494201749,0.17551323981926745,0.17674860609917156,0.17881675748240702,0.1801141336985626,0.1815328508511602,0.18112179356328081,0.18157576738246506,0.1806538266108358,0.18134478903110895,0.18232149091617394,0.18400446124042463,0.18382010739071594,0.18348348825287022,0.18287878632684043,0.18270109063991144,0.18280245140216142,0.1829407930154715,0.18325316366867164,0.1823189360975805,0.18357474331472565,0.18317192563001405,0.1851777331855869,0.18511167138050244,0.187875050509315,0.18811808808743222,0.18904214453065582,0.18740919482626306,0.18901429738496403,0.19159703028607886,0.19487799175422635,0.19531272640609906,0.19447659492755265,0.1951523461979776,0.1949306407988198,0.1960788783566826,0.19595771356290054,0.19681998873723852,0.1970230719178388,0.19913178031226542,0.20021749321728471,0.2008198885626762,0.20097406745135696,0.20226622553690737,0.20351420216741797,0.2041348870060055,0.20076797629373763,0.1992251854477325,0.19701012323018985,0.19559291786229233,0.19553720261249502,0.19498334466448738,0.19710388471343548,0.19991525088415363,0.20251784921460386,0.20392003918503723,0.2047846820660801,0.20532727778700338,0.20563333788905996,0.20733581713626423,0.21107146145540714,0.21369407426815648,0.2155467285528599,0.21787490789876993,0.21973177989013556,0.2211218170250217,0.22125735468979355,0.22074701656096496,0.22048499531432839,0.2212109685790484,0.22225800137684792,0.2221731878985446,0.22086752185059144,0.22037170223783206,0.21993983050560958,0.2196283767558966,0.2190668893215639,0.21882822433813745,0.21868219770920183,0.21925061412423905,0.22110939904350355,0.22253317560905211,0.22386829916221254,0.22388021739240901,0.2237935400154674,0.22339800148970787,0.2231755497623207,0.22293646159481476,0.223131575366291,0.22247963106637184,0.22325115356216865,0.22286635565995067,0.22341521136901588,0.22223445799519598,0.22154488665918193,0.2207946985400537,0.22137901741349206,0.22214570483085097,0.22316914183932013,0.22427566555584766,0.22454567185744223,0.2247341450517559,0.22324889791515443,0.22338712669343386,0.22258937463514591,0.22398936618954787,0.22350336265167112,0.22371720648013432,0.2232264280753971,0.22318643807184915,0.2229555623697156,0.22256690665422593,0.22264125569383492,0.2230932204412112,0.22413455087814071,0.22444531454599584,0.224719247018545,0.22418835492365008
394612,132,"Fort Wayne, IN",msa,IN,0.15328276949834788,0.15292236530796433,0.15349604200300596,0.15370756009220707,0.15354790599325258,0.1539240378127184,0.15323834080329485,0.15323802224504093,0.1523759027572221,0.15213514499186853,0.1532925712004208,0.1545117053885361,0.15476173732779058,0.1555899037967967,0.15477447351541346,0.15551468503661164,0.15445681314364743,0.15469276434006582,0.154386788326941,0.15438595384951026,0.15494983766167844,0.15500481253842086,0.15448516017731168,0.15393169601231665,0.15393548993588393,0.15416227344957975,0.15498221538645732,0.15494424562306333,0.15535541817032994,0.15476849362764417,0.1555701434494762,0.1555635756847039,0.15583389937637057,0.15572130121567307,0.1558692118322201,0.1567308386394282,0.15719888779465946,0.15791315095452346,0.15765867106355103,0.1574620843749505,0.1568694870149737,0.157150435541377,0.1569519812120427,0.1566927759739585,0.15598058816698115,0.15597816043534404,0.15656050379421513,0.1568568652203345,0.1565264943112216,0.15527927232504088,0.15522996054686286,0.15521501829090692,0.155657276982173,0.15583113808481572,0.15585978109580054,0.15627295193984359,0.15714643242731693,0.15779923795163547,0.15792142619704358,0.1576955571956827,0.1580120348323802,0.15868785535706234,0.1583063015828881,0.15661688133854412,0.1546080762523831,0.15274885799475138,0.15327801312772024,0.1553600192026762,0.15808668944443324,0.15975679224819747,0.1596518955751235,0.15859764312995145,0.1581703692950936,0.15781980677669977,0.15879433113362773,0.1602347235398521,0.16302397888493608,0.16539971729583136,0.16680666939397523,0.1674072932962999,0.1702627887425584,0.17342370890016687,0.17794508356268676,0.1795432768091537,0.18024495770264384,0.18102814802142436,0.18257395704146942,0.18416859886720796,0.18465046629701742,0.1846352650326824,0.18428022795553778,0.18365065792386728,0.1827328844497944,0.18255653231883137,0.18248315258673392,0.18284031115956964,0.18278102562163434,0.18256652206401047,0.1819005781374784,0.18175654000090005,0.18181199265369638,0.18197267225307578,0.18114462906014192,0.18016805635622457,0.18104504663644586,0.1820616934481942,0.18228633178271972,0.1815871250711442,0.18167644735944227,0.1818413827863556,0.1823924091537187,0.18232156163365845,0.18253381546210554,0.18245350331125237,0.18326224097497495,0.18436179682922174,0.1855027421281932,0.1856292170232099,0.18606819563808857,0.18652765947073058,0.18679290969106144,0.18606577424500073,0.18551067229408222,0.1850649676846178,0.18455549395631235,0.18478810474487772,0.18496311323170164,0.18506586604001488,0.18451449401007017,0.18451945259107208,0.18455656949830113,0.18482731708536748,0.1847262224257903,0.18534985658298864
394658,133,"Gulfport, MS",msa,MS,0.20876833122782945,0.21053292679000216,0.21024728807799553,0.20981760243784653,0.20842712091012547,0.2072507505945505,0.2065329485289625,0.20795197604167157,0.20732472171407693,0.20892222224546278,0.205935206693421,0.20763023171996814,0.2074609562753898,0.20889867073577106,0.20852950671588602,0.20829585271816656,0.20896868312241904,0.20967783270573084,0.20959700644721715,0.20913293286160617,0.2106436882005769,0.21143443343664134,0.21201528272989814,0.2086065216436541,0.20754408638475938,0.20648936721530314,0.20757323817415987,0.20738261936772803,0.20779349318719187,0.20887449588816495,0.2102327119520794,0.2096021116212051,0.20944600250000867,0.2080728185005683,0.20967501053433973,0.20984375621663273,0.2105245524736016,0.21047613302649842,0.21035409978966482,0.21068572468010394,0.20983739003769739,0.21081027060942095,0.21086919312934102,0.21177008537580577,0.21091585568781768,0.21181000310849138,0.21239383051739585,0.21386326323599622,0.21341943825146747,0.21285654338036897,0.2127709822613221,0.21292608291457693,0.21365032246608387,0.2130349100606608,0.21323495856967004,0.2138273815206322,0.21544208762376074,0.21646534631287756,0.21653519899360102,0.21751737783110126,0.21941490586304352,0.22123096903722067,0.2187916874088113,0.21709886150872282,0.21318420634921795,0.21392085496943128,0.21531733560222766,0.2164966492350789,0.21830100105314076,0.22066423393543297,0.22020146534929702,0.2188900279686151,0.2182654766149567,0.22033570716192932,0.22227570646660602,0.22483413346443448,0.22826532289749982,0.22975572454650267,0.22904007869464119,0.22876848385994702,0.23297873860297338,0.23765377884284578,0.2456096751839946,0.2472740969250437,0.24741996226283947,0.2445107568546853,0.24262083888720548,0.24088801197308907,0.23973522699880817,0.2398878052296791,0.23985435841364908,0.241992302426926,0.24327688351334073,0.2447661432973984,0.24383254515619812,0.24478895446083476,0.24508875301585217,0.24500568162210404,0.2450732755492401,0.24688382204164566,0.24900687904651692,0.2485394414529955,0.24727255651313118,0.24643151401935104,0.246327122216947,0.24597997798888427,0.2437940820193718,0.24146270226740513,0.24155800707912684,0.2422264949080971,0.24338050514305218,0.24064742670429282,0.24101190735978872,0.23961830744831747,0.24033857034856299,0.23726125981623414,0.23734521092805502,0.23626258426848287,0.23724244893373908,0.2365992345710234,0.23725785876580335,0.23694078487210973,0.2360098859881466,0.2370276979465566,0.2355973805589002,0.23678639748411467,0.23695980178986872,0.23938936801301622,0.23944977880681292,0.2405356001667086,0.2412770649981627,0.24306424581321065,0.2434403079722064,0.24455187300208694
395051,134,"Salisbury, MD",msa,DE,0.269013898861862,0.2688909191092586,0.2688453405472171,0.26685409164820806,0.2698866255658269,0.26918538681330173,0.2687936331633737,0.26655402352508817,0.2670271719447115,0.2679483099202884,0.26815549207143174,0.2690804915194568,0.2703579222268946,0.27109380150650114,0.2721313762945836,0.2730233502875004,0.2726645049284478,0.2728955435109995,0.27397394799013697,0.27691273738584754,0.27650522317048054,0.2736951790423728,0.2722444114876181,0.27202764755760694,0.2734548163892939,0.27293121356671945,0.2731851378503954,0.27375078371721967,0.2751547738650134,0.2746310579174635,0.2730899764814388,0.27424461777321046,0.2750955228124603,0.2768161842180267,0.2756056560761962,0.27653181682974487,0.2753279755904223,0.2753688058897885,0.27562955866929745,0.27668168944691635,0.27694123136874504,0.27668237088867315,0.2749233433736039,0.2751164392140199,0.2743532267024794,0.2755152567849423,0.2743640483986915,0.27257884094237855,0.2725553528608726,0.27183712068172033,0.2710991703160451,0.26975428579308663,0.26884091927699383,0.2696422511246091,0.2719939307031936,0.2714502521814116,0.27235833757928735,0.2719719176465413,0.2746286298652529,0.2772087542813138,0.2793586855750084,0.2816311407407641,0.2790722071387342,0.27314972841441776,0.27068141637333426,0.26878180365070503,0.2711718181738574,0.27260160735762917,0.2734812077036959,0.2748042759727287,0.27214286680369804,0.2717708864138772,0.2687915648834391,0.2701894741001252,0.27378117109693356,0.28141540891046013,0.28393841431879113,0.2862946580831775,0.28363589568265024,0.2850307396636943,0.28589509649973865,0.2897544985849214,0.2917454412466223,0.2912024396555215,0.2921719131162934,0.29356860267684676,0.2917341572374482,0.2894707523457814,0.29090154375215815,0.29254002165969306,0.29216152029740367,0.28996160562331025,0.2909841445350082,0.2935733439278575,0.29676327473722874,0.29799228928923865,0.2988381305539142,0.2974608090878567,0.3013447119040331,0.30318415460678394,0.302661000967333,0.2989172663559113,0.2983582673847649,0.2996392960545146,0.30103552563982605,0.2996385430955458,0.2990095736709893,0.29817859466234237,0.29896244288400214,0.3004277859904629,0.3014053262248809,0.30245553798202707,0.3026904088748796,0.30482848535555923,0.305903824835376,0.307184696892719,0.3086497336401773,0.3100005842276649,0.31071485085874334,0.3123433815253097,0.3136483437096924,0.3140360972244668,0.3123858895819542,0.31155793410512705,0.31187723940063317,0.3123746656995606,0.31268688924620286,0.3122533197883767,0.31182182917474727,0.3124737068334986,0.31297334728863463,0.3128898887751667,0.3114589020291039,0.3107953183818711
394596,135,"Flint, MI",msa,MI,0.16176913411987418,0.16245667288795315,0.16455353162405012,0.16374095539033184,0.16327180700807167,0.1636462659243281,0.16366160158869614,0.16609755067774762,0.16625516091791973,0.164411175589128,0.1642835987092741,0.16385255714363345,0.16551752371004103,0.1655187961135681,0.1641803713348248,0.16430715981503757,0.1653130695594142,0.166952263925197,0.16691537389734473,0.16650091870581954,0.1655859459086743,0.16698499539155093,0.16696595170854486,0.1692110044036822,0.16836134185157578,0.16870476671324086,0.16736827175834537,0.1678960903641788,0.16664033132884704,0.16584061840382647,0.16504836899565503,0.16469049762786836,0.16578494372608227,0.16714483527658533,0.1691238777271049,0.16831221724175352,0.167950863901171,0.16707615411326016,0.16794434063918431,0.1670140179417611,0.16631327732035828,0.16597337407590032,0.16668714520673886,0.16698418683937824,0.16667772600895137,0.16661805336181326,0.16716886383485083,0.16798267339894413,0.1681903535832576,0.1689146671287605,0.16941000612511176,0.1700875944448628,0.17130412594656239,0.1723309405540774,0.17291927939819032,0.17369490922875933,0.17494586140365642,0.1755620184851405,0.17563974190139825,0.1765392032921158,0.17828511447429643,0.17915795866110046,0.17742680918381504,0.17579806687634142,0.17501012658297183,0.17516932310033637,0.17331794542599954,0.173575069173477,0.1743368287154709,0.1770452266899206,0.17959303865129228,0.18132871834881795,0.1813748618496121,0.18325440660479686,0.18463979586176985,0.18749622269524688,0.1883562248327379,0.18720909721663428,0.1881664492094227,0.18803544571287506,0.19266485934904717,0.19584305686615489,0.19899588299447454,0.19674943184594626,0.1957884939803846,0.19418654818677722,0.1968743630042365,0.19639482399298808,0.19657461909066237,0.196407929382906,0.19565962959133393,0.19529872258899836,0.19226072420412216,0.1914146743217016,0.19049047443141093,0.19107570933241616,0.19015003357297997,0.18940104805446847,0.18721476694982533,0.18535535409986184,0.18454224479096057,0.18477438362598303,0.1851809863973297,0.18477789485532364,0.18520962737991856,0.18572380478588849,0.18635389528005394,0.18628097738120103,0.18705538022323495,0.1878887173710402,0.18928182969860194,0.18846736158166935,0.1887013379159035,0.18793604693655744,0.18826215909740146,0.18810506973617527,0.1905071426338973,0.1897877705486133,0.19080923938960642,0.1897799439690357,0.19056367472527247,0.18940012813658572,0.18868957684701057,0.18992521347902266,0.18983050114787842,0.1902208154212978,0.18974498677160398,0.18998849926822714,0.1886160597915829,0.18923265940186482,0.18845520397708482,0.18916229365073084,0.1885574479606558,0.18934629825829674
394972,136,"Peoria, IL",msa,IL,,,,,0.1461459707296758,0.14463963351072737,0.14400506978275385,0.143796517459707,0.1445874699794891,0.1458282541088336,0.14417101058636195,0.14557724119811252,0.1447526015084224,0.1448755250179431,,0.14610810422887158,0.14645103378455868,0.14556312258661697,0.14550083259780755,0.1460317565613156,0.1473009256433801,0.1463907620921931,0.1466479268484326,0.14413138530097272,0.14468939184292745,0.1445568239885853,0.14457090563233627,0.1442680166769733,0.1448238247801796,0.1461248027102555,0.14591303979531167,0.14534966240092523,0.14318866704982663,0.14332307125609606,0.14319859972542168,0.14411239121593414,0.14447188111799533,0.14375033270098836,0.14274092964014332,0.141652060413427,0.14182225802928355,0.14185956899228422,0.14190092010458172,0.14117422286168768,0.1406447109043711,0.14024430035241217,0.14075893752048552,0.14204335764799395,0.14225297587231395,0.1419547565350704,0.14241281542985204,0.1432456715344593,0.14282066304339494,0.1425999764543832,0.14293997110524048,0.1439254379468971,0.14556499317371052,0.1464544154323279,0.1465876348860139,0.14609167796058953,0.1462042436925543,0.14717495165898728,0.14798459396153513,0.1477978590032959,0.14708416007711927,0.14609700779047216,0.1455016353990554,0.14613024592332977,0.14714992092666498,0.14868816899525306,0.148899045432061,0.14870005165299158,0.14847949893405296,0.14666791632114,0.147617595720423,0.14795077107315766,0.1499107790193714,0.14981853029743164,0.14944757387583138,0.1496932433853938,0.15162049157949933,0.1549305649351269,0.15631629149836554,0.15577837356085533,0.1539688286476877,0.15604975011609165,0.15684864449570607,0.15701845265261533,0.15646553475133398,0.1580964654236259,0.16078008012410527,0.1608933663595645,0.1591360568316268,0.15709483215281936,0.15765910569297575,0.15884952953820314,0.16060922767609553,0.1590738537848541,0.15912768448370057,0.15951848833291402,0.16163688217482025,0.1617210747514603,0.16178105644924184,0.16232739497517223,0.16389712695311867,0.16424814706365817,0.16505085664484198,0.1664536392188142,0.16735934737714048,0.16852066719261607,0.16717114219531412,0.16684654815647507,0.16567377810826078,0.16648550172492038,0.16704870077959472,0.16651730520022742,0.1674389233050235,0.16768302706163976,0.1692330304263563,0.169423547120634,0.16874755301098085,0.16933304393487802,0.17100588755101276,0.1717805076589826,0.1724849497649742,0.17259472698633635,0.17274445727681634,0.1739830396462719,0.1739965922941508,0.17517184694336976,0.17460610899378004,0.17470726965553213,0.17557943879724475,0.17589009547650525
394439,137,"Canton, OH",msa,OH,0.14691299444922065,0.14723518499739058,0.1470834549515198,0.14759454644100478,0.14662648014221027,0.14474890835820536,0.1438087396244238,0.1449949293570083,0.14584975114212878,0.14620844704301394,0.14603588702123463,0.14598799885075217,0.1464628176836892,0.14598902858818416,0.14529054446452436,0.144065539086176,0.1444072201105262,0.14472596913583247,0.14426025107348658,0.14323488884378785,0.1436473655116418,0.1455857365848047,0.14529298633734317,0.14476356556311012,0.14412619955014339,0.14528798843675095,0.14616833888944183,0.146972388671726,0.14763810202041727,0.1483813171674624,0.14876929438379802,0.1486197233889605,0.14866185573654964,0.14765415260253872,0.14795489240330345,0.14798606597281777,0.1476555267542919,0.14702092392625762,0.14648049230608687,0.14657473226054243,0.1462906533020433,0.14672045580670517,0.14701549402734135,0.1472143270808799,0.1468367831052312,0.14639992559208945,0.14648627298382422,0.14620742948072987,0.14671027063368847,0.14645809716767424,0.1465732303649966,0.14632728054816668,0.14623260168237767,0.14577261361986296,0.14575056573399867,0.14611147348123735,0.14660995401070523,0.14737065600368857,0.14761810454885926,0.14849129329504537,0.14897198665815184,0.14961297455081005,0.14890456721041775,0.14801879825546066,0.14683205508327102,0.14670293686992486,0.14703398037878865,0.14741490697261045,0.14919814077336138,0.14969886369591986,0.14934477857862394,0.1488532393028399,0.14856056209337737,0.14969031779006842,0.15049461036017334,0.15124628862512116,0.15219671585745967,0.15193689707256255,0.1516765829428088,0.15210441139989703,0.1540491291483919,0.15749566633580528,0.16050772797347118,0.16142464568250484,0.16069537115771826,0.15959335981073736,0.1610352635626576,0.16208354097598285,0.16341859467986072,0.1640632286397415,0.16536247731401588,0.16575204473016394,0.16655338244900134,0.16620384423789275,0.16651167630550806,0.16526938209367467,0.16596752436062776,0.16606874279728037,0.16601230870382794,0.16563765352965673,0.16528786612075044,0.16587407987631414,0.16556322064684134,0.16566946855565995,0.16551005341378558,0.16629489167207245,0.16626586549486697,0.16787889408257117,0.16767879589546442,0.1683955553268355,0.16662697743245541,0.16694672960431428,0.16690239792142222,0.16665660939446872,0.16680397426706478,0.16636488165817712,0.16662187782384852,0.1664642164126211,0.16734531574607636,0.1670129190553304,0.16735224735691334,0.1672796276645632,0.1685281009432347,0.16831120691014392,0.16827163412805785,0.16825855409743012,0.16822599348317038,0.1685519480067575,0.168531543324643,0.16852567043944114,0.16792439849374755,0.16765599167455184,0.16742990443004105,0.16714884773492786
395070,138,"Savannah, GA",msa,GA,0.2191554056453568,0.21877338632817378,0.21880959950367565,0.22038210629538674,0.22035581883443411,0.21969167891921007,0.21896166525269398,0.2190946218813265,0.21942835105031827,0.21928293240095456,0.21992029941147764,0.21981812985093985,0.22046558079361897,0.21987182783675172,0.2198886432329819,0.2195048668674897,0.21971139500155357,0.22074849838717653,0.22080054108916194,0.21975788979713398,0.2192256874297869,0.2190747636586028,0.2193207162707619,0.21947074443411288,0.2192686270407097,0.21936746997245882,0.21908832953943685,0.21925843854214494,0.21978438897806762,0.21890470756523928,0.21995245418744763,0.21990354494220127,0.22174523960732373,0.22147680068975,0.2217467684237529,0.22161749594422422,0.22147269150753643,0.22315804990806098,0.22392666265029057,0.22495571215133192,0.22411320204524834,0.2251680300118244,0.22558616854763774,0.22731550599620307,0.22703563239205096,0.22753872922941426,0.2275566602231689,0.22789362787230488,0.2280577201710814,0.2274531010299876,0.2277879216601008,0.22783631646143668,0.22909476180006821,0.2294329676487084,0.22954313942366605,0.2294726807332987,0.23039281449886218,0.2317777301496324,0.2331548191991913,0.23428876517195468,0.23559343852755427,0.23632212440018804,0.23627564132359247,0.2323935918765871,0.2281246772345599,0.2242796537787415,0.22378554693535507,0.22360727815309814,0.2256568311329035,0.2276953653076368,0.23106175678044916,0.2299372694772564,0.2284046436859058,0.22760288191403263,0.23009994330886627,0.23464313912756618,0.2399347054454568,0.24425370119515283,0.24638072615396125,0.25000226098751177,0.25529918509049226,0.2616843883322596,0.26367002920695876,0.2649628406642083,0.26533627132669074,0.2676119192120332,0.2676778031596783,0.26840384561997604,0.26874606285272845,0.2698314067518045,0.27099581255853084,0.27080344382016563,0.26992506304862646,0.26916629651522533,0.26908352153594,0.27036373000721153,0.27029974429053927,0.2703210843923434,0.27033492413369814,0.2705357876914576,0.27034315095502603,0.2691933267225478,0.2674558153049212,0.26650156548760695,0.266414755438992,0.2654403213631311,0.26626242085036245,0.26632304042681176,0.26735469809290746,0.2657194280610186,0.2644425666267609,0.2626511359470745,0.26226716718493476,0.26141537979111823,0.26184449839435636,0.26131966762576514,0.2614299398964461,0.2604464897984145,0.2592735545253793,0.25846407828039636,0.25749814382466146,0.25830547786105573,0.2583441922798268,0.25822569786000144,0.257215726469211,0.2571043273264593,0.25628154880935156,0.2558535407620103,0.254678306701574,0.25453201916181617,0.25357002539006596,0.25224360448272076,0.2510105460791272,0.24946652454614496
394327,139,"Anchorage, AK",msa,AK,0.18345689425456715,0.18328005707786366,0.18355105664451185,0.1828602412911724,0.18243018503021413,0.18216528446384408,0.18194239004054408,0.18135728155485015,0.18071404017701143,0.18026334773634187,0.1802674420856703,0.18115792395685787,0.18133794370126224,0.1816216623917394,0.18072267350026636,0.1808148811615036,0.1802421740910155,0.17945863244556404,0.17848147407451315,0.17827823765247075,0.17768376720519877,0.17732161025831772,0.17671417448891766,0.17596005526460062,0.1755390326055834,0.1748113526149984,0.17533723621439729,0.17507544199028702,0.17483486874387666,0.17421987061096889,0.1740836024343922,0.17393328392952825,0.17403039415737612,0.17428444549284397,0.17432785476349386,0.1750244362020628,0.17504358417450144,0.17561608326365333,0.17606149661137052,0.176951796727628,0.17825246884029794,0.17892123342427008,0.17897828963807122,0.1783786208026636,0.17719386788059024,0.17625191786007113,0.1754876924310945,0.17495242640104536,0.17412023850236755,0.17371163725068464,0.17306790786544116,0.17239756570187692,0.17158448842025478,0.1714349034583249,0.1715613037299422,0.17204545202645335,0.17290213713316607,0.17349715571260393,0.1742234658494844,0.1750026284957177,0.17642203724431313,0.17714802750054137,0.17598871861863719,0.17393086315292008,0.1728619276555889,0.17249539957165969,0.17285359541263345,0.1728470516451507,0.17299815698386672,0.17386398244381823,0.17454940377574807,0.17445060356666423,0.1729950846863146,0.17126226772200548,0.1694408241544732,0.16877195739906448,0.16902959995452901,0.17027258358662642,0.17079320559716135,0.1721542894449466,0.17525177071850273,0.17866199735000812,0.18110359098915652,0.18090718829918384,0.1816837457256881,0.1824189601951465,0.18449030355839285,0.18562938694614875,0.18598921658299297,0.185478976645079,0.1858606642054103,0.1856079381109767,0.1848599223995198,0.18403961980417424,0.1839235948568836,0.1848039170582992,0.1845852967272124,0.18571291915127103,0.18536541505014453,0.1856195766842425,0.18573122097172712,0.18600916622894434,0.18633288498621217,0.1856224384638147,0.18567281501331456,0.18525917710076717,0.18532851268484232,0.18575577494345138,0.18571287988165275,0.1853737484907302,0.18483711998688448,0.1852404347123172,0.18482714756356008,0.18508366768310405,0.18442934578470552,0.18450340667713663,0.18395170319862836,0.18368424067203742,0.1829541922682575,0.18226698144082568,0.18318863477985217,0.18385828472927943,0.18410173729879692,0.1833859644968399,0.18347151354345168,0.18322620796717143,0.18349013383078067,0.18372673179484958,0.1841572230916057,0.1845771215660767,0.1850052122143178,0.185197918113624,0.18481690891067276,0.18448411476695156
394372,140,"Beaumont, TX",msa,TX,0.1929585665681409,0.1943618520073323,0.19464826429607032,0.19501984956938873,0.1946224033295257,0.19523163518417067,0.19646149540377505,0.19560120709392587,0.19616737343654653,0.19459189918934178,0.1950159004075319,0.194351841208626,0.19400510123467465,0.19215912262403392,0.191218982100674,0.18998872626043384,0.19007409928224014,0.1888679292167611,0.18996227209022895,0.19256874282252942,0.1930925789879307,0.19247177103107202,0.1925057987474214,0.19395551580188491,0.19673735612507434,0.197704329238036,0.19861583187119627,0.19865086947089178,0.1990972524928694,0.20028304554098572,0.20041227776033052,0.1991395545654739,0.20055851428093277,0.20279652075948046,0.20476846581906583,0.20418964609584644,0.2015815471619743,0.20044154445558127,0.19999897463017208,0.20172696722633812,0.2032210889939918,0.2031834681080934,0.20222278516390904,0.2023744949575679,0.2018435668213794,0.2033183264447874,0.20363913116049856,0.2046542249712449,0.20429208458154072,0.2040232692880367,0.2047957126756125,0.20439298908984585,0.20369879630382073,0.20381530161970027,0.20461698759327468,0.20494442092084042,0.20463243692654906,0.20270894800632414,0.20173993901162962,0.20170689549573323,0.20346143437664546,0.2047019600148931,0.20283302198197606,0.20191895797171908,0.20106920614464796,0.2009363260266679,0.20120673536324063,0.2006328368840353,0.202616477357149,0.20477882199003275,0.2063484104695676,0.20586847084420584,0.2056097908868909,0.20616678364185698,0.20905440953098192,0.2109321691198876,0.21201779950416916,0.21148149649288836,0.2102549120304836,0.2108204937268189,0.21214505459486438,0.21382258837972987,0.215507739693569,0.21552909829237446,0.21528029334441734,0.21483488553833857,0.213083747361859,0.21149340707745456,0.2097991806010946,0.20978376927128572,0.2097668962449382,0.20973869934449862,0.21028526958508362,0.21141954583156383,0.21251526349426017,0.21270488720192168,0.2117868449951911,0.20970182702690948,0.20975729623686198,0.21051494862327497,0.21202052379021843,0.21075806699983562,0.21193152224851736,0.21288674490089587,0.2142828362275788,0.21387162912415567,0.21295943111485674,0.21296261939684807,0.21363241233556812,0.2156582130439922,0.2156110994435451,0.21446374484212216,0.21289958959017138,0.2131034695249092,0.21436701182921514,0.21445228788989368,0.21562566481123538,0.21518520032156985,0.2155758968275462,0.21606869503794304,0.21625765649581694,0.21725706764822178,0.2178937499166102,0.21896899965560504,0.22006529377130998,0.22102590025123386,0.22003165448665665,0.22005928166607686,0.21934240256094323,0.22066373084372234,0.22156605308991348,0.22195796952933225,0.22216226856367915,0.22130811191548438
395096,141,"Shreveport, LA",msa,LA,0.2605353492908745,0.26097582436739014,0.26117023251217286,0.26206668044036224,0.26361636656401266,0.26635809460482845,0.2651155817522122,0.26421510432217316,0.26280229418019185,0.26405253000229717,0.2643912619044733,0.26540242032106587,0.26517171693574193,0.2649865522879059,0.26419654553972,0.26375124604686284,0.26403488702726036,0.26450540331318884,0.2659904232732534,0.26728124057583297,0.26752737898290063,0.2669300059985105,0.2658007406263342,0.2662272605679395,0.2660980570262367,0.26751288988552496,0.26849093070236707,0.27088051119556866,0.27056851578857266,0.2689976919033223,0.2675143219734263,0.26623910864686284,0.2665792921856277,0.2652752787139875,0.265908764001996,0.26431602392301606,0.26380887866157987,0.261994113831603,0.2608761561381632,0.25967772221408025,0.2581598110510972,0.25722326999429573,0.2559672932890097,0.25536658121202527,0.25418484015699716,0.2543534637885484,0.25398244025726624,0.2535433020152157,0.25233301281253234,0.2517242328521295,0.25119725212157373,0.25006138800938366,0.2502978184272322,0.25087751648690926,0.2516360620292936,0.25195995799228,0.25272678527852493,0.2534440867295961,0.2538973010583242,0.255299193032229,0.25703072457496423,0.25815241395856386,0.25626382752875426,0.25237023975462747,0.24924097560533492,0.24958876885247427,0.25044062222840685,0.2523246827700455,0.25426740155118766,0.25558696529239305,0.2572563502710552,0.2582159727203352,0.2595817856535269,0.2602057335207437,0.2615058929605327,0.26431067283753423,0.26611955706525336,0.2642642600746397,0.262410985238733,0.261854072969967,0.26516586175633317,0.2696782582840036,0.27238996622439754,0.27058341098092303,0.26666889628764406,0.26436558601141474,0.2630354584302522,0.2615794141979359,0.26170899719079155,0.26162413798837364,0.26216682056667634,0.26085699881893704,0.26027878215973677,0.2598944250180815,0.2586966541443361,0.258772311209387,0.25864900978660693,0.2595157215871621,0.26069317842066897,0.2616121498411322,0.26150621177213534,0.2602675512974827,0.25804221940222677,0.2564365973528411,0.25568476788421146,0.25500713657345797,0.2546160168364872,0.25306286382785714,0.25329155646067586,0.2535543782160692,0.2537554871986233,0.2526077039138984,0.2517325267149447,0.2522693074417149,0.2534619566198979,0.2543468829262374,0.2556824070961673,0.2569285994651041,0.25808750323347696,0.25930511676494444,0.2597225603363514,0.25973548794559426,0.25871578859338307,0.258761312754552,0.25888881658742874,0.2590383492885669,0.25908589594322656,0.2594863593829763,0.2596931732763759,0.25994308182189274,0.26020848751714837,0.2604351206861923,0.25994281018689425,0.25952182046663286
395164,142,"Trenton, NJ",msa,NJ,0.2430333478531941,0.24238470470918502,0.2423737681996729,0.24354169302275555,0.2437030996865046,0.24247648213057135,0.24260224721131635,0.24187398763945092,0.24223787054372178,0.2421699784586355,0.24267463478392504,0.24402024584859466,0.24391807089090473,0.24438040727707275,0.24429080756050897,0.24550941576208024,0.24640799191938587,0.24649768132935107,0.24616033381456148,0.24607696216388178,0.24672333920983147,0.2462030597050917,0.24656721712861995,0.24519704114930435,0.2453184302591313,0.24451472349257072,0.24396051741974042,0.24221942661311455,0.2416874332629701,0.24270146178754587,0.24363394359524124,0.24364787335587187,0.24314036294431252,0.2442265102326987,0.24569445704680007,0.24744896903845465,0.2477384582877894,0.24847777915140923,0.24865259657243052,0.24936863368669243,0.24968526754932088,0.2503402852427771,0.2509456882251834,0.2510311811217557,0.2500185841205064,0.24924663180355236,0.24751219580658412,0.2479121013166394,0.24688254344063573,0.24654909460431326,0.2466341641354821,0.24660843388299092,0.24642013779603023,0.2455061581661902,0.24472822214771636,0.2449168243685897,0.24691378957936697,0.24842677336393068,0.2502352420040078,0.25009026680160973,0.2513726872729623,0.25197526104627327,0.2516384120475246,0.2504371406299018,0.2491448960679837,0.2509005691857694,0.2505104656730255,0.2513089956339807,0.2507033772936632,0.25198711533019996,0.25175605399296186,0.2509452733314102,0.24908686956380643,0.24914293494089765,0.24972986523937304,0.2507931287934165,0.25188615423365895,0.25103765344489254,0.25210749730680115,0.25352621940743336,0.25836777345684225,0.26184854909156186,0.2663461059257323,0.26780400408641464,0.2703955498494861,0.272328211020155,0.2757746420890633,0.2767388843063624,0.27635143968495135,0.2765437967556235,0.27717025782335175,0.2792092965107129,0.27931805712713553,0.27736373609458786,0.27686300234234223,0.27740679386476264,0.27846089066939167,0.27745631559519823,0.27618231156541767,0.2785488090900093,0.28058392781838404,0.28213778613135204,0.28193380414979063,0.2799791555769645,0.27849260431333756,0.280057988480375,0.28109646754841605,0.28033989369581275,0.2776441674435167,0.27642594206343574,0.27680087292180283,0.2762349859580127,0.2768536995806262,0.2775697198802409,0.2772838741582978,0.2766248824521101,0.27699823212305574,0.27843015551256295,0.2775170523098056,0.2778781842329594,0.27803176227715864,0.28065602798462863,0.28032418945725834,0.2792621586537235,0.2776479821301054,0.27622440860840264,0.2761300944540647,0.27674694638102854,0.276920487266427,0.27523644757110904,0.27506134556710976,0.27431706737691575,0.2743670362652389,0.2721918184858024
394875,143,"Montgomery, AL",msa,AL,0.22603196372749948,0.22732811670782438,0.2278655119984858,0.22844530720750236,0.22694191700910177,0.22595488458590057,0.22672523487703977,0.2284963300491833,0.22858431112272695,0.22719369782901108,0.22612803921162253,0.22503333724619298,0.22446611183205736,0.22489394980643101,0.22508313474257535,0.2261516924155742,0.22584572080929244,0.22645170213116128,0.22532896198915978,0.22448612594754463,0.2239945435640281,0.22431603542287987,0.2250030963334372,0.2236564419064825,0.22269783024058432,0.2209551795926935,0.22140641607223333,0.22032035511683437,0.22012280498021355,0.21828218370138777,0.21775735945819943,0.216874304338053,0.21747207507180413,0.21713189471780506,0.2171568082060108,0.21537424043682638,0.21558505078946116,0.2153240675449046,0.21478936943272675,0.2133004060868198,0.21205469531614574,0.21264873152360578,0.21318060821025817,0.21275278286201604,0.21303312087256746,0.21297414368520917,0.2130385473270335,0.21252056955628595,0.21202278316931256,0.211841840368423,0.21111176294352776,0.2115949634355576,0.211973205543366,0.21222920550531485,0.2123812962736236,0.21348727032905074,0.21403290565927965,0.2153110609220935,0.2163036035353881,0.21881833786463223,0.22037789023756718,0.22176800104574435,0.21902746424423766,0.21623064146121043,0.21400051143379095,0.21460296506721743,0.21582986661344036,0.21706835577426156,0.21949228253325204,0.22221243661851892,0.22539966082804685,0.22548429389179023,0.22481742633030347,0.2233773788452928,0.2250393405046395,0.22781151331257746,0.23186915253391968,0.23189799849192275,0.2336256176106162,0.23446431212721375,0.23851171132790489,0.2424139923199456,0.24600652788147195,0.24644227058918117,0.24546788779940829,0.24495636303475474,0.24489264459758076,0.24471670658829223,0.24359189398723172,0.2423836659372612,0.24034091324698253,0.2389376774864772,0.2378946531163142,0.23697020365841096,0.23584494410461979,0.23445616801188043,0.23278802355987227,0.23262812182305936,0.23314022553553232,0.23430022984637575,0.23280826018543754,0.23277953276909114,0.23181837293716165,0.23224706489956173,0.23171384012153057,0.23197004978678645,0.23129523952881276,0.23157366828933543,0.23261168498524196,0.23327984000615468,0.2328058636958635,0.232115719023283,0.23240747161159941,0.2319023514481324,0.23196871470083325,0.23154415333619027,0.23267257886031747,0.23266376471558534,0.23350424604638392,0.23208187862475055,0.23286015444863484,0.23186927648803773,0.23167750616927066,0.23125445776921394,0.23149080349702958,0.2319985368742437,0.23264080918298471,0.23288374277380328,0.23248787396174933,0.23256561992146718,0.23242792552624442,0.23341123100511044,0.23284006822659759,0.23350365981684484
394520,144,"Davenport, IA",msa,IL,0.1475315612332989,0.14858849460782086,0.14770353105166117,0.14808908956716363,0.148170436474034,0.14918124999102306,0.14794617029546364,0.1479583324819295,0.14787308690264214,0.14813845786439814,0.14790419430653248,0.1483248372642478,0.14955984258402294,0.14881054237980962,0.14911390286286913,0.14849110915291477,0.14755035443106154,0.14703554197286756,0.14791196530124337,0.14943812408743504,0.1497968915078273,0.14934619074842015,0.1483786873117322,0.1482237371909275,0.14795754793624252,0.14952341366032768,0.15074848878203503,0.15174482513982945,0.15210664953666186,0.1517786909943164,0.15151613838699635,0.15063275373996068,0.1497105302259672,0.14962241219882091,0.15031378613589186,0.1506627294878182,0.14999419514818962,0.1488830635178399,0.14741767517573345,0.1467563590803967,0.14603395014206652,0.14574891619501543,0.1451879589084081,0.14474191243111065,0.1446413509424871,0.14403600091901764,0.14395354314923656,0.14310987683051252,0.14304345008388464,0.14225965369270818,0.1422443752682709,0.14186491844948723,0.1419270787848776,0.1420752352280379,0.1422385461460408,0.14241214645607572,0.14249177940648994,0.14271099691379832,0.14235051820662314,0.14277346473510186,0.14311508251954608,0.14374263726177652,0.14296756249271772,0.14141645318923896,0.13980792211934645,0.1395692637364595,0.13978892580298177,0.14084817238943909,0.1409457410628629,0.14215649005495012,0.1427559083999088,0.1430206483152383,0.14289519402568826,0.14365061313329164,0.1440366030211475,0.14537812471036543,0.1458798787234023,0.14608258243846137,0.1459805732247776,0.14581409692866548,0.1483572344579404,0.15022542670742045,0.15190879168932372,0.1520946584279115,0.15176657877225969,0.150914282682247,0.1500282870428809,0.14968771384486076,0.14964217986452152,0.14982128288913885,0.14973310999624928,0.1499946116941128,0.1499746656722804,0.1488371613063294,0.1484971495819825,0.1478116578858005,0.1484013142284237,0.14854355956480844,0.14858734096541668,0.14858667020196373,0.149011912245442,0.14799046815117495,0.14778319212112512,0.14688958820547465,0.14712474250671173,0.14810850015154253,0.14934417057248614,0.1501612571322148,0.1501708840022128,0.1497885086620897,0.15025911321722024,0.1504793068255806,0.15112385674978002,0.15198751223472748,0.15234466504703412,0.15275323619830183,0.15197695260595862,0.15197213104449378,0.1512940442863313,0.15103580289412388,0.15045628695254215,0.15037065294328603,0.15010209899098367,0.14989061226488287,0.14914841078975322,0.1489256601822832,0.14877613717406168,0.14886223666388215,0.14939617333724362,0.1492812759843732,0.14941452102098773,0.14947461069793935,0.15010974843157782,0.15070938228294978
395146,145,"Tallahassee, FL",msa,FL,0.2257855732575655,0.22406387426253813,0.223142322609592,0.22360079440375308,0.22312218530415598,0.2236786334820177,0.22291648062734357,0.2222382375414009,0.2207933734039012,0.2199096194669857,0.22004042842795304,0.22016527705903793,0.21961779776841672,0.21870610017795197,0.21762778028888655,0.21661714780481556,0.21587433742621934,0.21618379668848178,0.21694251557493258,0.2166403889326458,0.215732881397057,0.2153951476553611,0.21466388890560678,0.21477479410457934,0.21439968511428487,0.21490881432894,0.21467628308578673,0.2145605736308843,0.21478556544591956,0.214068508953904,0.21392449024793506,0.2139525671440543,0.21558165802738571,0.21678264652089108,0.21714274626357385,0.2168518671457391,0.21696803853791793,0.21802435326511616,0.21981024517424272,0.22172848341206539,0.22256091572765693,0.22209666885881585,0.22101972406281703,0.22033260188381795,0.21977786736597799,0.21957709886865567,0.21963525481868063,0.2202771316450171,0.22120317613294785,0.22008383047896307,0.21920415560129358,0.21808295835722852,0.21758005977691333,0.21834229212755069,0.21922481790948073,0.2199590657366555,0.22034305521962158,0.2205534179921495,0.22090240897691468,0.2206122958613772,0.21988744790010578,0.21985044130551634,0.21903801504958592,0.21844297547303917,0.2152658523199748,0.21498011671527936,0.21317094511902762,0.21382306747485166,0.21493998046566226,0.21843692013995564,0.22040664139608712,0.21996213468773787,0.2186104530139766,0.21854993536380155,0.21937431697390966,0.22101210231387516,0.22286980767054132,0.22409603577006892,0.22616340242367938,0.2285110402409376,0.23370325593305566,0.2378702970974043,0.24082854497059403,0.24414593697082773,0.24586949399049535,0.24642663598935788,0.24688454862921716,0.24733152020930457,0.2508389281427674,0.25311239685471426,0.25528389903255744,0.2568774050808346,0.2578445324964911,0.2594994567870093,0.25968724000220134,0.2592216610446442,0.2590919092223736,0.2607703575064446,0.262141952698478,0.2643591235091879,0.2651010559462454,0.2647908552491968,0.264331219217065,0.2628281938083518,0.26370438142001645,0.2626706656085617,0.26541874858542125,0.26477179421021085,0.2651445402828965,0.2629263512652761,0.2631393002668584,0.26166000808275125,0.2605058089983035,0.26016556129311846,0.26056251527460556,0.2611756886482379,0.26186345664769534,0.2628731774777979,0.26425242421209916,0.2662110203607558,0.26667590025070986,0.26607278486886554,0.2654459103092641,0.26548968705568443,0.2653267671616272,0.26571584808766013,0.2655838885844037,0.2658519066484816,0.2653698356014191,0.26543323602678154,0.2636486490676814,0.2629367413927978,0.26210899471420124,0.26287910024627303
394576,146,"Eugene, OR",msa,OR,0.25553522282176433,0.2567032792548451,0.25914726099780205,0.25912896278130615,0.26014175810213713,0.2592494765209205,0.2590083562898378,0.2587371982131091,0.2592285233818716,0.2594933812123179,0.26024928166852507,0.262730916059547,0.2622484818371735,0.2631376742376142,0.2614729063362489,0.2624875884163703,0.2623791869711969,0.2628868256666999,0.2636114613802,0.26391044558628995,0.2652168166095055,0.2679540707527651,0.26907790559701533,0.26894068683173805,0.2676071979821351,0.26756804239011245,0.26847343465851187,0.2682581621098163,0.268538385802652,0.269239038540378,0.2708150299203557,0.2712429090467826,0.27018719743511505,0.27005734596644715,0.27034104969353856,0.27001106105963835,0.2714482278717785,0.2712279743702434,0.2717501533561808,0.2712313011853908,0.2706107716267008,0.2711294462523887,0.2701968182415578,0.27130430698591596,0.2712661760925166,0.2717625905416538,0.27199313993066937,0.27255435857837856,0.27251260991045734,0.27157432136297316,0.27143196558270455,0.27203820316217037,0.2727462401823514,0.2726767799095245,0.27329955317670784,0.27303975857336577,0.2745978510071176,0.27510522659543557,0.275893669114971,0.276691248375887,0.2773591073040691,0.2788449844383955,0.2774412333038361,0.2741551086226582,0.26895025011629886,0.2671567545209663,0.26636211528001524,0.2681425413610311,0.26973485764925065,0.2737531718583049,0.2765030110866464,0.27795333975974273,0.2765730675226016,0.2770493387767991,0.2782903188076935,0.2808628709222458,0.28313227702073684,0.2850210669156546,0.28604284101304034,0.28746770049075554,0.29204298591550526,0.29754985345973944,0.30046726478018143,0.29988876545706533,0.29922782694209565,0.2980529674722504,0.29801331885716836,0.29956797065071133,0.3040729918900757,0.30616518613213856,0.3073104634262701,0.30583373324693863,0.3044252130503868,0.30346143014044424,0.3044326851980563,0.3042769914494605,0.3032367822286538,0.3010112682833894,0.2998138359850231,0.2975561933764507,0.2953453299274347,0.29431684555607435,0.29334334360010117,0.2925410259867166,0.29334254366768564,0.29346191474064237,0.29356249257277267,0.2913244961120646,0.28953006044531177,0.29026475899977633,0.2906284722522998,0.29136535841683975,0.2913772376231669,0.2903539810136686,0.29009637443159625,0.2888682576469523,0.28835775261722524,0.28829360592587855,0.28800672535176436,0.2877769861469979,0.2887704432704903,0.2891213276401927,0.2886892896984517,0.28804903515250807,0.28742260331089403,0.2874839142782975,0.28718232116414816,0.2881379245472317,0.28868518281667044,0.28928539646130497,0.28970210011485625,0.29094941387695045,0.29150135872909344,0.2916773510616469
394901,147,"Naples, FL",msa,FL,0.2746705360071539,0.27646402954282584,0.2789606218661316,0.2796515584055272,0.27957212025936795,0.2819443492065645,0.2815278003082372,0.28172817797780586,0.2810519405545098,0.2834829375685939,0.2834339202975341,0.2828631124334827,0.2816911667523628,0.2825988970691488,0.28314353200832953,0.281995709999824,0.2797036033478696,0.27736744856239126,0.276677853994102,0.27805184215187495,0.27995075803994973,0.28058616133231423,0.2813083476658262,0.28009885523566186,0.28044941207826285,0.27904274392414163,0.2798561491823691,0.28048708578792914,0.2812565354653804,0.28187467704165314,0.28210115641551714,0.2803308732220982,0.2761145720547887,0.2712987714959943,0.2705025574837131,0.2713508204702822,0.27269552470594866,0.2736195813652564,0.27367074617440207,0.27414824333187765,0.27492824625394313,0.2757527405829362,0.2742252500353657,0.2714538714080052,0.270971841646885,0.2716355258906927,0.27230871416931635,0.2712298443056084,0.26874632802298204,0.2666319084824528,0.2647397294430964,0.26296516920811136,0.2613332898625979,0.2602519342224029,0.2609243685032021,0.2630772174165202,0.26542840072057405,0.2675150498132819,0.2678620301639611,0.2689012841799178,0.27056672467548737,0.27229879312334476,0.26883189607634855,0.2639311463853967,0.2611195236661987,0.26239788066795444,0.2639920908457443,0.26485123106141967,0.2683836306189327,0.2730827826642731,0.27598143621032095,0.27558664373962943,0.2730972815097991,0.2748740801221975,0.27999906491083154,0.2891844177093004,0.29558113504413386,,0.31006289152189254,0.32252186167774827,0.3363869467039344,0.3457816058552258,0.3563444007506999,0.36130103967878346,0.3716892694395332,0.3749891043638073,0.380803937306753,0.3833869017328912,0.3903553450440193,0.39038028943453434,0.38688153756869276,0.3759232472051603,0.37235660802824067,0.37107901600874765,0.37695162956663136,0.3783628074151052,0.37709814089204957,0.3741289355815739,0.3735161262342227,0.37146417475141547,0.36768846758860085,0.3654005843976925,0.36400226295116694,0.3642119110854811,0.3629331449989782,0.3632211554623564,0.35811025136954444,0.3562689859496926,0.3521069835615424,0.35082979191348884,0.3460281211873573,0.3423073875597085,0.34108107500620505,0.33935163630294246,0.3398158352268468,0.34000039206220645,0.33818123904049907,0.3357241079152519,0.332501357795167,0.3306068896592102,0.3279556702766538,0.3262962855546351,0.32585238043828035,0.3254606024366726,0.32338214404252863,0.3224351980912796,0.32003909954361587,0.3181693117286594,0.317466035232341,0.316373206199047,0.316853459754837,0.315817487006229,0.3169394208389199,0.3166896260218522
394332,148,"Ann Arbor, MI",msa,MI,0.24026333328810368,0.24435970744628363,0.24477749727037745,0.24430398304218973,0.24382280195905026,0.242758564077511,0.24235282614761408,0.23838879097519128,0.23812887193954554,0.23780066005230155,0.2405032041958549,0.2406344336670655,0.2418830313315298,0.24015095188359545,0.23827325000198502,0.2367317199883877,0.23664146714862022,0.23844484924406611,0.23977391993991962,0.2427959222770174,0.24357557274664482,0.2434867707531606,0.24289359419237874,0.2422534223950855,0.24103173975151007,0.23995422765542368,0.23911609312993928,0.2390947069267644,0.23929657105896207,0.2400838946825572,0.24094936854262564,0.24139301838241575,0.24172612676598207,0.24127319611442496,0.2410575896119046,0.24006665184129677,0.23888548211414473,0.23852404291227974,0.23913750772884168,0.23993349061936917,0.24003681947709807,0.23839553101762792,0.23840873244079563,0.23629214348293906,0.23662522024743243,0.23594013918365098,0.23694428715332114,0.23652617527587647,0.23929299870967857,0.23959215924751945,0.23938830670857864,0.23847361717397308,0.23777336169997665,0.2384803310597626,0.23807846636863714,0.23934494635639803,0.24000983078562874,0.24204748406010926,0.24262526766104733,0.24479557626060208,0.24458811137238418,0.2452035054630778,0.24216119719155785,0.2386415423084777,0.23519402396188716,0.23479361322357553,0.23452813241558812,0.23223769248882437,0.2319259899467012,0.23355058959921016,0.23658500048940637,0.23703893646215835,0.2387825421484521,0.2404715442624216,0.24336897506682736,0.24568639913903434,0.24683242876695483,0.2469250392849303,0.24644905967474282,0.24936577853828917,0.25535710114412,0.2597002373781315,0.2630021568065754,0.2637193920381996,0.26424117416451237,0.2635288359548609,0.26412350015930386,0.26554272431967224,0.2678769347725303,0.26839705823319193,0.26964604899554484,0.26997720451129215,0.2692996038602544,0.2680103920105557,0.266963443442791,0.2670548856831426,0.2667580740726048,0.26567602890200587,0.26440432922508117,0.2633909662916249,0.2632680241341614,0.26284248689713074,0.2629556164380061,0.2620075867476976,0.2614836436972603,0.26047004975378957,0.2605731076671422,0.26007527120942253,0.2602866711288951,0.26161604519204207,0.2622832926051279,0.26194213107075043,0.2606012157517473,0.26045810886780885,0.260356380411125,0.2604414955906679,0.2616888857601666,0.26200406920204955,0.26148245323527447,0.26092660151368835,0.2602694551843607,0.2600982271838895,0.259429566273117,0.25909941079465704,0.2589435206176518,0.25848903291193126,0.2576061888992384,0.25709629624346375,0.25602121685282736,0.25598480169913485,0.25591303181563196,0.25564879225488557,0.25540531707430947,0.25438682482651204
394927,149,"Ocala, FL",msa,FL,0.2429231665985882,0.24452159931254147,0.245878106054995,0.24592411460182204,0.24819340969649198,0.24872766173197236,0.25063973833511055,0.24963139357282116,0.24849288497328606,0.24844111185385986,0.24909317251754035,0.2502890471218327,0.2496582661830408,0.24992742094682754,0.2502708298789263,0.2517612119436288,0.252042537147238,0.251490394644806,0.25067185198859904,0.25050861534162416,0.25327858342893117,0.25362687687295254,0.25572002415386325,0.2548946443892635,0.2561936339022437,0.2563046457733758,0.25716777673495744,0.25701163640790603,0.2564698857370193,0.2580938720771525,0.2601249464916291,0.2621620712041441,0.26145126840357397,0.2618747241366257,0.261984815134295,0.26085141224413166,0.25903267664443763,0.25677869301809947,0.2563829630039582,0.25635549100374366,0.2558371790779926,0.25537136940935146,0.2538282439971108,0.25433837796723713,0.254429374661317,0.2556243774356394,0.2544561695832115,0.2555318887235171,0.2561817779361193,0.25894984856269154,0.25952762475877256,0.2600855696108719,0.2613088869237446,0.26136891119418293,0.26202991390295066,0.261051644086806,0.26110850521769263,0.2602658668971426,0.26101969848892526,0.2611252816243329,0.2614608765299251,0.26035559762104693,0.2578232536473497,0.254592146114278,0.25220234892111915,0.2543165338535591,0.25659699327862545,0.2587889753659023,0.2625966104556456,0.26582938061424466,0.2710170795190548,0.27373305164853995,0.2749011283892217,0.2746196132303437,0.27419292181780486,0.27812549503817485,0.2815239259655544,0.28548617262840786,0.28756877342939446,0.2951538980994557,0.30268931581729497,0.31312610991770995,0.31727775167141015,0.32035346049804975,0.32097484341365895,0.32212067784478143,0.3244568838648995,0.32500483564195737,0.32638280571034606,0.32451985609335554,0.3238311600512072,0.31918249134700327,0.3166941901870854,0.3134784824276487,0.3139517212268447,0.31240971208949997,0.31245488518479064,0.31180192703329257,0.31257141164874697,0.31104172214230585,0.3103469943609626,0.3081354417926979,0.3060054854930498,0.3022683382649796,0.3000320527861261,0.29755247310467176,0.29556737226114066,0.2927870889128457,0.2904349520509865,0.289366279819776,0.2878780512753598,0.2882855937672007,0.2875681969194677,0.28772117346534476,0.2869695283381269,0.2873994480201654,0.2878565023691716,0.2876325492425913,0.2866285559114956,0.2857431533005925,0.2861433404278221,0.2868231548337024,0.2855112481434936,0.28384207460108113,0.28257655922431074,0.2821309517400944,0.28217277318075723,0.28249084990478385,0.2820360197310636,0.28222008961960204,0.2822075525376046,0.2826529020745968,0.2819803030931327,0.2806492481593219
394679,150,"Hickory, NC",msa,NC,,,,,,,,,,,,,,,,,,,,,,,,,,,,,,,,,,,,,,,,,,,,,,,,,,,,,,,,,,,,,,,,,,,,,,,,,,0.21588063110115904,0.2187347604866721,0.22758156083716333,0.23157729077723255,0.23152905390249978,0.23351982569007027,0.237151537218083,0.24549969820021586,0.24947830185635228,0.25159873204965294,0.2525240224231574,0.25305429504518306,0.2577466322094185,0.2560767809677356,0.25705296695853513,0.2572072049432209,0.2611125922321441,0.26217983489754493,0.26153197930896377,0.2607772024520086,0.260578806228995,0.2586717116594235,0.2560808335735123,0.25634662774696026,0.2573386532010356,0.2588237940562884,0.25355059279504116,0.25425779672627125,0.25117305008840574,0.2523130733234695,0.24929789750596373,0.24980729806816615,0.25073179665984796,0.25126403723310065,0.2508382866093152,0.24989241370133544,0.2471657013843398,0.24703402910042743,0.2490930904025317,0.24743588492061389,0.24631500519005442,0.2433126033919586,0.24343901452911168,0.24264411017048748,0.2414168148316624,0.24385870084271033,0.245946072051897,0.24671970518139374,0.24643100867475765,0.24576671661160243,0.24563502004679216,0.24585105207640987,0.24698042408413198,0.24806893117071366,0.24898786137432044,0.2494464310099051,0.25009274009703786,0.24828335682586805,0.24694567387659888,0.2462137445517144,0.24688614086357974
394697,151,"Huntington, WV",msa,OH,,,,,,,,,,,,,,,,,,,,,,,0.19713874075232488,0.1986468171930815,0.19893159204690772,0.19796500313280935,0.20003783373269682,0.19877504909416924,0.2002712262687044,0.1985420884762313,0.1993225870571761,0.19849855749456335,0.1968207921446241,0.19926446528115727,0.20062361543042131,0.20128530655286112,0.19948766019402617,0.19866151863170453,0.1989738015183811,0.20106678814904425,0.1993037915484051,0.19876276846014257,0.19590205123995666,0.19610543785736112,0.1956106445900625,0.19370572021710264,0.193165823065856,0.19293899793593075,0.19197544147020282,0.1894798954176124,0.1876716179773041,0.18564271670780272,0.18539302651533404,0.18546046633917623,0.18621533180857464,0.1857364406566001,0.1868907185657185,0.18719668295122135,0.1868746696725811,0.18660021746497618,0.1881275741397354,0.19014034848683398,0.19045327321666866,0.18766374203009928,0.186000277660988,0.18499210660502066,0.18497923587652138,0.18395655432908778,0.1852953855485155,0.1871217231933941,0.18897420139277296,0.18817990666222886,0.18491080914453803,0.1848939187008846,0.18540878986108542,0.1878759700474588,0.18775035306758478,0.18877147033702132,0.18593213259881247,0.1859879697790472,0.18609317761589755,0.18807400692422852,0.18921652550595922,0.18848782881007087,0.1881721176896013,0.18632881010213684,0.18517990379135843,0.18347569035527858,0.182740680588343,0.18017957854526676,0.1810364411511191,0.18035875326674042,0.18247355978977597,0.18344306520130552,0.18501160252970206,0.1856552081562667,0.18503251979581434,0.18411250290347497,0.18354959132697463,0.18325470046151165,0.18402758250185391,0.18526723839218137,0.1852979488112731,0.18520689790526457,0.1837562919181579,0.18338522386869935,0.18207736614431824,0.18087479354677166,0.1802658606840293,0.18055275727907844,0.18193053233036824,0.1821702745722621,0.1821328940942158,0.1814547910815484,0.180990027700248,0.1802136288558992,0.17944266843052337,0.17921120361036014,0.18087468279496677,0.1812809130566593,0.18240462107343394,0.18281252745633608,0.18213374801385568,0.18220131217257335,0.18193004997863158,0.18249219112189263,0.18296527032963775,0.18399069625202563,0.1853996404795808,0.1861276303774123,0.18570550406200223,0.18625404280532837,0.18634965853686625,0.1867133891494379
394602,152,"Fort Collins, CO",msa,CO,0.23140948978529127,0.23417933199685903,0.2375821382490455,0.23903033835621681,0.237194960883761,0.23903260929993528,0.23909766140363312,0.2411088641346423,0.23870300719271756,0.2397843864455383,0.23674747740808613,0.23745589326844307,0.23738474078987198,0.23670064564266896,0.23532380845381962,0.2325330765114434,0.23344120420947523,0.23345897500560217,0.2338838272028521,0.23222005169660379,0.23162178139239784,0.23076569746349193,0.2304645587279753,0.2315677424680793,0.23145999981781665,0.23274061430529744,0.23285368789325275,0.23493255804278815,0.23541087242755207,0.23492258915203593,0.23421098928801481,0.23382334857872727,0.23411009558413629,0.23322828335495913,0.2340280361880012,0.231386235986788,0.23224293556924386,0.23175488931571284,0.23350864935283758,0.23329725463982537,0.23336588100911787,0.233283362387202,0.23322440384382764,0.23336218317247406,0.2325974590257552,0.2328931829027032,0.232534324406355,0.23423467222346683,0.23288235793066578,0.2323464971669151,0.23072727649287614,0.22999165855969494,0.22921673127912415,0.22921021114705287,0.22925998612671974,0.2294442001884359,0.23074398434938378,0.23181788781604837,0.23239674987604383,0.23172773354000806,0.23179675428764662,0.23157013623493117,0.2319803857835868,0.2295520594325361,0.2285185137245653,0.22715686506979177,0.22663829968146504,0.22624757476205487,0.22712871516455957,0.22828143800686831,0.22860141108033152,0.227840048866868,0.22573660226385864,0.22580491250148818,0.22572094134329232,0.22801438136183627,0.22881573194828647,0.22989280907241025,0.23012914239291274,0.2316398397638629,0.2352970168573046,0.24000165142904142,0.24346825285171808,0.24424748013327258,0.24391653340980837,0.2434834936411661,0.2442081094164182,0.24496781524563976,0.24636583246161342,0.24662251124323575,0.2469111111560773,0.24714296211508308,0.24777641395796146,0.24886118756219033,0.2489284998671287,0.24790143366951395,0.24662955894323121,0.2466713668256921,0.24846715513798381,0.24907426984675773,0.2489548480510034,0.24796256679679063,0.24740239966442834,0.24711246321775115,0.2474927505198787,0.2474098190053454,0.24880361628550948,0.24957811909801914,0.25003174731005745,0.24842075222226667,0.2466748539132982,0.2463796377935137,0.24597886052671356,0.24641849739954094,0.246373633929984,0.24572435314506114,0.24451762226127766,0.243459745507097,0.2430309087798837,0.24293607073721987,0.2434673069990394,0.2428804553946455,0.2430113486102424,0.24245488110003036,0.24214333045449643,0.2416137407862046,0.24120440626268796,0.24108904909665566,0.24125158338532923,0.2414487429211941,0.24069267374338627,0.24009908460113552,0.23931110991248974,0.24004303416297681
395033,153,"Rockford, IL",msa,IL,0.15061115193583258,0.15231622354298985,0.15081409772925738,0.1521849794068082,0.15303740500501423,0.1548352508517118,0.15371354337437887,0.15309202025500607,0.15273681863564384,0.15238563846675274,0.15114729381944486,0.14973288456815875,0.15007778342983788,0.14986404217885402,0.14975761016190928,0.14932332639527804,0.14944946902940873,0.1491243742800677,0.15010485100411444,0.1500213474158971,0.1509359353352293,0.15108403435654177,0.15179382075256642,0.15205910778548884,0.15136868815813723,0.15110336689645718,0.15127814102530626,0.15191811881025621,0.15160038522469413,0.1511276510806751,0.1504040645250369,0.15058873140049647,0.15006530454051148,0.15006213353955122,0.14973859864995595,0.14947479504396968,0.14860457097369859,0.1483801756917474,0.14798300236886286,0.14668197583091214,0.14568870674055803,0.14525301993160647,0.14575409789583277,0.14577491772158058,0.14599972850036605,0.14544888840591624,0.14630922138236616,0.14656918449407938,0.14765848647947788,0.14696655738734335,0.1471941321919839,0.1478442814314286,0.1486873718852733,0.1495625660102445,0.14974068953346067,0.15012029624039708,0.15079248005700366,0.15203938034216177,0.15229283633344579,0.15316907690870885,0.1538553752978017,0.1554157996881479,0.1541103225450677,0.15276819331429667,0.15176634049373822,0.15215503482099968,0.15370848845446283,0.15611013539613106,0.15890585156762838,0.16007495080026612,0.16087579570180713,0.16097963916639763,0.1627477454603941,0.1655109738752702,0.16719548857455865,0.16850272354035015,0.16930324799731206,0.1703884722533956,0.17023470942531554,0.16951358061513463,0.1702368976357881,0.17256292327697847,0.17527192290797716,0.1760395059649452,0.17528288814139378,0.17360835191557217,0.17417247149552556,0.17608725332292785,0.177601564007144,0.17685695332823115,0.17530179881825678,0.1745923357265968,0.1748554374936575,0.1752501213461946,0.1743681236425595,0.1740602902469373,0.1731948711655361,0.17422620772029845,0.17508843875586746,0.17553449567548352,0.1758953455988759,0.17514686785694733,0.1757540504242169,0.17622978158205665,0.17746851684573814,0.17779549045148846,0.17935614123800497,0.18035156603620509,0.18138720485547516,0.18065524752512813,0.1795121427657252,0.17982138297387074,0.18112370372818853,0.18236012707781146,0.182835624956158,0.18322275322439519,0.18499340152892288,0.18683803146673394,0.1871052851539028,0.18710706495086857,0.18782692360971218,0.19028218716607584,0.19162880708295488,0.19167620345442252,0.1911433385556863,0.19216656684065353,0.19337910571301092,0.1945820293950885,0.19428970338355098,0.19435358958441049,0.1952614425611164,0.19654265068818566,0.1970584784718064,0.19669529842607603
394796,154,"Lincoln, NE",msa,NE,,,,,,,,,,,,,0.1779731568401744,0.17723011402340103,0.17654076909567123,0.17580271663095437,0.17534243206065275,0.17539501222916012,0.17604717716967513,0.1776902925590769,0.17862144673424563,0.1790589960611301,0.17741760180502247,0.17698099276760373,0.1761182189405816,0.17665444337171213,0.17691248660049483,0.17670921726189456,0.17597397289058367,0.1764214302200814,0.17737635387297496,0.17706514867521175,0.17691886736412052,0.1770111966819924,0.17909493720233913,0.18017269695930482,0.1808190635551902,0.1800460592644119,0.1802574336038586,0.1810124746376323,0.1821943593103883,0.18206280430264785,0.1826126897194727,0.1832283031898378,0.18311652936873413,0.18222181473701324,0.1809506198580573,0.1806336640199387,0.1803946912379961,0.1805335196773503,0.1804352114786185,0.18001331388280026,0.17963687543816217,0.18015537146518096,0.17995966083434456,0.1799630319316293,0.17958087755001548,0.17959952748321545,0.17949944989613367,0.179859049621906,0.18059304702032755,0.18115949705948844,0.18079291151369573,0.17931274377882936,0.1776582686655359,0.177760709278038,0.17899439145886487,0.18042199882652904,0.18151151438164634,0.181705383465445,0.18041481858616087,0.18041222143209854,0.18046251695010673,0.18185260574146467,0.18228276702731466,0.18233515938834055,0.1829490733500009,0.1825140013229229,0.1830240513270705,0.18349958405777186,0.18659529384899223,0.18960725540678272,0.19217066062809512,0.1928205030417471,0.19301589524964397,0.19280438737076733,0.19305890984551727,0.1940971967830551,0.19549189858254445,0.19670615764049632,0.19635293418844116,0.19599182167035795,0.1961294727618842,0.19784644225304243,0.1996431403907029,0.19969061370999414,0.19901951312671773,0.19866553274834872,0.19908220286979206,0.1998592468151157,0.20010015805155554,0.19993580966321428,0.1995357410202106,0.19910611587487728,0.1992584672913053,0.19908288787531442,0.1995354425167255,0.1998817085011722,0.19975025866316617,0.19977494126342676,0.19925215024094353,0.1994438536519162,0.19907309312468746,0.19844932828001466,0.19811354118688243,0.1976205503483999,0.19730434815107184,0.19673061694015084,0.1964234341882393,0.19610079589263107,0.19673585555081483,0.1970736749695563,0.19734174329646947,0.1966620844858005,0.19647419772670346,0.19652468096170916,0.1966633192848022,0.19689887345632773,0.19684906940785946,0.19683109003238042,0.19621582440840973,0.19575805778886726,0.19515883644221865,0.1946180100298714
394622,155,"Gainesville, FL",msa,FL,0.24190902073397205,0.24324403189857,0.24352159944018736,0.2433471698869938,0.24284453219738045,0.2427593671745056,0.24407848686757833,0.2450430402680768,0.24676522626659755,0.24858365768063212,0.2509074341770957,0.2517525515147571,0.251649409756132,0.25108718378977474,0.25119656402507556,0.2522691174757602,0.25416146078814933,0.2545967492623285,0.254206258309629,0.25365635223049987,0.2546103174245495,0.25618743603245797,0.257346515136884,0.2589905557915737,0.25942274412972405,0.26129720199730777,0.2608713857189555,0.26099705995853884,0.25966152674197,0.2606061246939393,0.2603176437445897,0.2605492397259156,0.26018792385575695,0.2601888856154137,0.26054820062828293,0.2608860697670703,0.26213217737290834,0.26213732980937615,0.26281375609459234,0.2638443733767828,0.2649121340871886,0.264861815686513,0.26438231623093067,0.26471923156042254,0.2642011599386419,0.2648576437188988,0.2659933022642548,0.26573959094058835,0.265332589639283,0.26420388508411835,0.26469859560901493,0.264456992670756,0.2647686032757877,0.2652455402832863,0.2667807894337178,0.2675472895740654,0.26935568592613185,0.27005937969125104,0.27031672514143973,0.2715358229571486,0.2727155995747434,0.27457787404815825,0.2721316003591294,0.27051398717417535,0.2678010781296852,0.2671978589001242,0.2658201501188016,0.26428067939289146,0.2630582945675819,0.2635916779383261,0.2652724794231925,0.2666113489689191,0.2662236824091379,0.26737199980582205,0.26839871750058897,0.2708479027545474,0.27322476215765573,0.2750670294403303,0.2779699161880606,0.2819430600464811,0.29164693814216935,0.3000587272079171,0.30692519621403846,0.3074993926628443,0.3069303042531864,0.3050757832133763,0.30380543109162766,0.30388952479395215,0.30464114498569034,0.30521985533763357,0.30537660131688615,0.3054556197771195,0.30515918325495545,0.30511939003887417,0.30389056204831977,0.3030615297994228,0.3027343804769713,0.30363290175939966,0.30527137583550196,0.3056234192250392,0.3065218738833307,0.30752349989168215,0.30754433492591415,0.3057543174463753,0.3025740638925841,0.3002401287895155,0.3002041151272956,0.30088081463686833,0.30249117255112357,0.302856561458164,0.30310723434556075,0.3029530169112125,0.3016758649429726,0.3007966601687593,0.3000103372721458,0.30106788933677214,0.30120872493505496,0.3014760282749353,0.3007192906864388,0.3013383236236789,0.3011790605816709,0.30072433518036096,0.2997731868301739,0.29929532056956837,0.29929007756794807,0.2992384181616448,0.2996129470667283,0.29936021150704945,0.3004985663674703,0.3011484641088829,0.30171652157990453,0.300866515159508,0.30020306499353544,0.3001653180925175
394405,156,"Boulder, CO",msa,CO,0.2297313892369422,0.23235569938939682,0.23250129736916034,0.23485963225510628,0.23528411679504457,0.23780711223596557,0.24005380999123047,0.2434066632415921,0.2431601695790893,0.24354643904920453,0.2414266246930973,0.24093475260620184,0.23998439506052122,0.2399919832651334,0.24182891960601788,0.24172845281468686,0.2408623601275692,0.23880884667432678,0.23769136563406015,0.23622079788720443,0.23690655430303895,0.23593834616226003,0.23720625412141702,0.23526530711461444,0.2368861826805078,0.2372803022331841,0.2387428079315838,0.23778682611720295,0.23696958477797236,0.23693456335435983,0.23643210772018788,0.23605890907997953,0.23522703625867714,0.23505177256129114,0.23490242064337566,0.23596176731361276,0.23492699781390228,0.23431290604624816,0.23243170135451696,0.23240105002923822,0.2323803243453089,0.23305130005521718,0.23345212224254816,0.23411643655102934,0.2344352081022243,0.23497737846407843,0.23440587954481712,0.23364315206399816,0.23359182249469418,0.23399261077819625,0.2342101214427392,0.23444496230580675,0.23484820208843374,0.23465757642868368,0.23472688654874535,0.23468099410114418,0.23564226579948766,0.23656199497399985,0.23779940122377255,0.23834242724843535,0.2384817427864596,0.2382396041647878,0.23672316694633663,0.2340989062878545,0.23119335128594737,0.23013892177409917,0.23076927225567676,0.2313126406664337,0.23330188309457162,0.23535771460680147,0.23763370455573857,0.23598124642807594,0.23596084849988747,0.23535614161687804,0.23713539422622265,0.238929339646111,0.2417665653958828,0.2434087664980408,0.24450114900970443,0.24668002928440033,0.250679411323287,0.25415988164979836,0.2565087177660396,0.257757354639941,0.2588579092027129,0.2607511358953283,0.26267684765156746,0.2644207003187965,0.2646749512974555,0.26371599206903845,0.2619209501906274,0.26066903785575124,0.2606594190690635,0.26142397622736036,0.26102655920194,0.2598207589403053,0.25837844906675933,0.25821794379674445,0.2591448302693421,0.2599337240419361,0.2609328693381233,0.2601662415493642,0.25992631164886193,0.2588465867984333,0.2597060574746933,0.25891539499853083,0.259745650491075,0.2589490504676103,0.25904761341437554,0.2576558544267524,0.2573227019676149,0.25706466494707336,0.25650821895880777,0.25676986638763744,0.2573334544970693,0.2583911627966559,0.25820267965841426,0.25762156071347886,0.25747099162250786,0.25868451260662656,0.2580990123985955,0.2564614066335861,0.2553810175333313,0.2542602993718112,0.25343911107974115,0.2528802967677035,0.25196061815762943,0.25090474644017924,0.24990610313851713,0.2497945944821157,0.2488029009458085,0.24752443683246056,0.24719906438979897,0.2480191719105964
394646,157,"Green Bay, WI",msa,WI,,,,,,,,,,,,,,,,,,,,,,,,,,,,,,,,,,,,,,,,,,,,,,,,,,,,,,,,,,,,,,,,,,,,,,,,,0.13990264711566272,0.13907334417254935,0.1399620764554601,0.1412803929100876,0.14223700953727092,0.14132233266332023,0.14161173105833727,0.14323115642242787,0.147522947672306,0.15044330906713685,0.15261984183229158,0.15310605162883745,0.15434280292960934,0.154206343426736,0.15391734405095642,0.15237076533371177,0.15238523319794803,0.1524192813098116,0.15297210338217765,0.1519587509051006,0.15192193133421564,0.15236386348778602,0.15256351819438857,0.15275661323336467,0.15172386090828602,0.15305977447411712,0.15370184041058146,0.15474446457895072,0.15425678513017133,0.15381632297177825,0.1533496173132579,0.15339093126886844,0.15334156316789807,0.15407783603207725,0.15416121160889668,0.15430615162126837,0.15390804203050648,0.15359630600368637,0.1531801031499555,0.1523860565502947,0.15278627177163784,0.1530117990514857,0.1539623797250411,0.15389588710327526,0.15393973962600777,0.1525594235173664,0.15255642177965076,0.15230838100160607,0.154676263460224,0.1543887003360918,0.15465998079058027,0.15515394969046564,0.1551476381399407,0.15538162441493014,0.15491366154587574,0.15521547995050816,0.15539661273508373,0.15621881657568298,0.15632284399583704,0.15648600827820702,0.1551451611372948,0.15533152472065065
394488,158,"Columbus, GA",msa,GA,0.21144771302026413,0.20988261819783793,0.21012782990949846,0.21005008011465912,0.21042161716348706,0.21016553672351557,0.21010994815818168,0.20998115800719544,0.21010775947569837,0.2101383810003574,0.20989739609148722,0.20994620664954125,0.2091083985417415,0.20908041587774828,0.20927975843446012,0.20902035257257445,0.2090686023629056,0.20830201430847622,0.20875742517503734,0.2091307136043126,0.2091901283188076,0.2094273848843864,0.20821791983357965,0.20707275748393206,0.20644670536817375,0.2071224013668329,0.20688284300626786,0.20650221434261049,0.2054795274154784,0.2048236904058582,0.2047755929554543,0.20378454419702513,0.20362513903335505,0.20228350738125148,0.20271260047871031,0.2029497380692143,0.20387714206896812,0.20314996680110875,0.2035352047913654,0.20257000512739334,0.20219230071218705,0.20148381175149158,0.20081754917784245,0.200583274771523,0.20021996515788196,0.2008362892561537,0.20187361364063366,0.20206218342714022,0.20167474278433067,0.20181267979651332,0.20167811851145626,0.20274095335546438,0.2036656523048757,0.2050211995878722,0.20591806218674244,0.20704936776773947,0.20845346053642877,0.20976559338179163,0.21024131103928806,0.21142613106394106,0.21271305376717115,0.2138901035114517,0.21455070505158869,0.21439424965273027,0.21448473520564823,0.21467687028805849,0.21521908316981198,0.21580632056317964,0.21672157350499777,0.21821033613314741,0.21996220625507684,0.21977577804423154,0.2198946305418177,0.2206588453728928,0.22297429538908695,0.22577356513296537,0.22791850081619294,0.2293004004412401,0.22985455404276106,0.2328042753009891,0.2369845733110858,0.24245343577496256,0.24556333673033504,0.24740145670866814,0.24629210242675909,0.24405327603949734,0.24218517290273942,0.24074580836021833,0.2401943450429976,0.23942445719520686,0.23828952116939603,0.236099544095888,0.23635843836688433,0.2367039014357322,0.23652906062444762,0.23440366342558838,0.23447983424278418,0.23586024909983583,0.23559203474778356,0.23404227308860756,0.2335331587422194,0.23385177822789438,0.23646820537390037,0.23646808941652103,0.23564099354659127,0.2328932737572217,0.2323268247886057,0.23268268822992694,0.23311587144484228,0.23391896135265236,0.23372159712235271,0.2332105285546654,0.23202236954450264,0.23157143736861696,0.23062541725219907,0.23061737103711988,0.2306133555623488,0.22974563161159262,0.22899632246062748,0.22811954887330915,0.22966798795884685,0.22978876362992684,0.22997298228424798,0.23073300168651384,0.23139954994432113,0.23147069939469692,0.23096553389597546,0.23103331260705817,0.23108032259798056,0.2325845646359515,0.23311896510077545,0.23363339493495267,0.23215878253196284,0.23135695759418795
395107,159,"South Bend, IN",msa,IN,0.1813209636216113,0.17904708696483024,0.1788169749211332,0.17982415613984873,0.18073299455304323,0.17933389661823457,0.17651869930623465,0.1759350518397873,0.17573377413701124,0.17529416171914447,0.1750854484117926,0.17650886368576424,0.17722552273618128,0.17815066630316453,0.17854613991235654,0.17801798976514663,0.1773440743276864,0.17635604402913524,0.17690043026234642,0.1768190909714208,0.17665731060341666,0.17645406400180275,0.17575264710582927,0.17381976442536687,0.1733748869644989,0.17452988017525195,0.17505991905988183,0.17586271441813126,0.1732214364818852,0.17384132473383046,0.17264227611138067,0.17526092402152052,0.17740001775270303,0.18044202663693332,0.18046120598635745,0.18090310471023632,0.18087293059442738,0.18014455972692464,0.1799157745551994,0.17948291648149794,0.18160003031498656,0.18157070997710187,0.18181494202406415,0.18126422591918642,0.18075321206102457,0.1807371384795306,0.18090817456790872,0.18188656912026405,0.1808402968738271,0.17952731428664678,0.17929082912828462,0.17913624693213143,0.17881533436077848,0.17909408700382004,0.1798539029925691,0.1795412526888028,0.1800903077374297,0.17999198233235605,0.18125289355637472,0.1816721317087044,0.18353298360800704,0.18536961208520927,0.1854253578512638,0.18452365076098817,0.18371722711254793,0.18343003926244858,0.18535969631307328,0.18646818935237097,0.18845506099058268,0.19072210209883889,0.19173316024605078,0.1924079879708337,0.19261807645282641,0.19560286338008628,0.1992065391119146,0.20172403482368703,0.20375705959987975,0.20310860514200593,0.20285560094381744,0.2048427913467971,0.2083387441592162,0.21251716819587915,0.2172354433194311,0.21867411872723883,0.2197058985884405,0.2190333305540412,0.21691529703734014,0.21613207584317165,0.2153019997213547,0.22053534368888927,0.2218679841248869,0.22315922134267685,0.2224770589308814,0.2244873978833017,0.22538008580322152,0.22697226319182665,0.22628653054741515,0.22654294880465856,0.22721766918766398,0.22980222921406993,0.2325625873197835,0.23336325070448302,0.23419342917041916,0.2349401681193055,0.23689212025583894,0.23642732922554638,0.2357106721158914,0.23558263804382373,0.2373184552174895,0.23862692027060786,0.23903017837761478,0.23907104475082125,0.23969585794747073,0.23906327975500793,0.2396011474032567,0.23970383376724072,0.24182227205539042,0.24362138118829593,0.24693398562355764,0.24846909336788475,0.24879958177155329,0.24841976750018518,0.24945922354521557,0.24938269440382943,0.24883996674012143,0.24950873629330386,0.250149788378632,0.25110370276439203,0.25053537866060777,0.2508099336011856,0.2501428607241116,0.2501901812389099,0.25018877411066426,0.2507123981966209
395109,160,"Spartanburg, SC",msa,SC,,,,,,,,,,,,0.2201635890421557,0.2184721288577298,0.2146812333601143,0.21478878344070604,0.21583985757312196,0.21879615804619054,0.21943639177898394,0.22050243816792017,0.21892381545506062,0.2198408833416266,0.2199732617391115,0.22079100056364284,0.22031678867698343,0.22004156536774572,0.22073699922536585,0.21895984246670444,0.21700756527331785,0.21506576541470485,0.21601487152049675,0.21766545048153046,0.21847740568637072,0.21786602787856257,0.21692944444537596,0.21588059962349906,0.21522636297549547,0.2159083544016606,0.2167422182909895,0.21665526018679448,0.21751688286446436,0.21700404291459602,0.2180127089700182,0.21704506897355158,0.2182057954726895,0.21846632626653575,0.22036837659393213,0.2216832592597829,0.22159762159596896,0.22058066284498098,0.22110500842361988,0.222342028378901,0.22284867018214072,0.22417035049806788,0.2236488709085656,0.22427056220854727,0.22413900257115998,0.2252756441588966,0.22558858859103106,0.22631901336473348,0.22848668531889071,0.23083597076467585,0.23138630078898823,0.2279133210253316,0.22458511502913206,0.22153051229495094,0.22205649303355654,0.22375205634763914,0.22740133374619542,0.22919751641262176,0.23097940322979316,0.23169897187159386,0.23056345494450428,0.23030090157386857,0.23149268395978811,0.23457344859211515,0.23685371273569475,0.2394945569019978,0.23979309369158983,0.24031066722256522,0.23969189786764084,0.2433439907350724,0.24754097299891262,0.25186485649947893,0.25251076872871203,0.25193739960169614,0.251108189119005,0.24984358669378842,0.24824980522895307,0.247498794453977,0.2477896642960573,0.2487646662480041,0.2486391684477102,0.2478721725143251,0.24616927030964111,0.24539827575446263,0.24590569851025845,0.24588159860696115,0.24569009499592437,0.2450772662073597,0.2459483395134514,0.24605328753930833,0.24594103757647726,0.2426942742872193,0.2421625881776271,0.2422184368751649,0.24399309265622357,0.24366405304926828,0.24033092877688547,0.23924750033810457,0.23841690516591688,0.23939145165698625,0.23860890503239943,0.23800353562782744,0.2366329497280124,0.23672910904902786,0.23586651033098197,0.23596561587789175,0.2357980345199468,0.23597721134311292,0.2364283948972316,0.23548016057665494,0.23559029737997578,0.2344067423906843,0.23384228045230834,0.23334142790315007,0.23361624691260183,0.23406354104898294,0.23421973279031194,0.23367814653289945,0.23270945188475142,0.23213859131725603,0.23214026726556844,0.23255883872947547,0.23214693607300205
394645,161,"Greeley, CO",msa,CO,,,0.2021552454915786,0.2030991744479415,0.20115466732108564,0.1998465939050841,0.20248038549950045,0.20461856583515395,0.20599689467239568,0.2039111802652885,0.2034026282853532,0.203829648469233,0.20383642503377336,0.20258126930465806,0.20007547099462883,0.20123558090980387,0.2024352565161046,0.20508916866418547,0.20365435428448173,0.2017702782778608,0.2012409966091872,0.20312286429579912,0.20463874361286938,0.20366592642595882,0.20496950590571308,0.20534242125744528,0.20542531234702693,0.20509667094271508,0.2061435125742258,0.20764245540631532,0.20766285020012118,0.20828941963822656,0.2073158633106022,0.2059825016594298,0.20471953751707023,0.20457363120343103,0.20330257662497164,0.2037111126464053,0.20393769340342607,0.2041752830599078,0.20355648874231405,0.20223360486109665,0.20242999702501288,0.20341004688451497,0.20481914940497378,0.2057286266083045,0.2051155818068224,0.20537943374403225,0.20485634416427104,0.2051874407233003,0.20543263824434918,0.20517016688466433,0.20501300025942157,0.2049136479586808,0.20500451608880635,0.2043950695270935,0.2045997545850083,0.20503558665854324,0.20643086740558234,0.206321797122588,0.20670101145476902,0.2057853181709547,0.20477343285779145,0.20322508477388448,0.20271714788057782,0.20113459501520525,0.20111523672502288,0.20026086850664193,0.20067250169293724,0.2020686546489801,0.20319824108873155,0.20299204504578752,0.20248359867645446,0.2017503770760055,0.2020111430310718,0.20189577998088004,0.2023387076246868,0.20321083567685666,0.2027755645031234,0.20411704620565846,0.20682746374317837,0.2106734857304672,0.2130694440928117,0.21303215850016746,0.21241003912587503,0.21225316369345046,0.2125446755881663,0.2141573567588585,0.21488732643688663,0.21408863137389686,0.2127531635102764,0.21010675687217997,0.20871678280716946,0.2073690221278491,0.20808841697995567,0.2083096648758566,0.20837717806424044,0.20760363695795503,0.20800402805876259,0.20753649172614652,0.20758266969023248,0.20617806844372885,0.2054270909658341,0.20455960702379508,0.20467338038046246,0.20380204665772844,0.20332748097621658,0.20156184292989177,0.2006550236761974,0.1995685109383434,0.19950555011316745,0.19928677023869473,0.1994029883133063,0.19905817630884706,0.19910994627953754,0.1990779149584335,0.19934025011966044,0.1992069645422324,0.1989333470777848,0.19778673747809838,0.19760718050678822,0.19799538103049347,0.19697020093800116,0.19615771914485594,0.1949679577361958,0.19486286458019197,0.19424963871002718,0.19389233695705527,0.19287448112680686,0.19253413807497455,0.19172083998381687,0.19208545553154907,0.19156078730879336,0.1908156513713519
394808,162,"Lubbock, TX",msa,TX,0.25490772057286815,0.2552989451205144,0.25671222764890606,0.26060889495134926,0.2623982715139423,0.26349127975259273,0.2639190236715938,0.2620294798321941,0.26370336410472817,0.2632332901197919,0.26629539790109275,0.26598477951703525,0.26546880433156045,0.2644209211853525,0.26387646121908326,0.2646038575687188,0.26469053891235494,0.2646331349950641,0.2650468900270322,0.26688161695131174,0.26743568438285353,0.26770429206547,0.26600186868942954,0.2655991756611433,0.26574371660438956,0.2657739690700008,0.2651415636741562,0.2647321166228398,0.26455869183497,0.2648533128039719,0.2646952611240559,0.26368594404924667,0.26218625728990286,0.2612404980802046,0.2621251951230256,0.2624787301942213,0.2620115928229551,0.26100267762858376,0.2607653804381206,0.2598216030018851,0.26016413878023825,0.25927931173397084,0.2582915217257645,0.2573819956464007,0.2562796901735153,0.255875792855044,0.2551308207701358,0.25384749726159467,0.2520448481698183,0.25129244002138024,0.2506876644963022,0.25019536994341274,0.2488899923186586,0.24830662475573256,0.24793710084287124,0.24768006319846964,0.2478541812303324,0.24742269885665963,0.24681595554596392,0.24727391309457816,0.2484839301899616,0.24902150097881703,0.24683489115961124,0.2445980570914234,0.24260326857011963,0.24299460882434615,0.24386697479424008,0.2447336617476278,0.24644752774703343,0.24814198413948602,0.25142149408116676,0.2508717821313858,0.2501695370837144,0.24840384613896066,0.25056825370403457,0.252172257204498,0.25599823306158886,0.2560955557265652,0.2563316430847947,0.2561947960932648,0.2618671435529121,0.2662989706957384,0.26790325936488274,0.26791341906827765,0.26907861137033806,0.27138511279749183,0.2720912947265658,0.27278942435417763,0.2722805225944206,0.2718422689439711,0.2708899314357552,0.2702505108952613,0.2692321234761367,0.2686598795939087,0.2699665493646713,0.268659824530533,0.266809803861215,0.2649032333398628,0.26399568242418575,0.26336511997800843,0.2620420221615807,0.2612953915835974,0.26055943315028657,0.2605695586742474,0.25918336981398227,0.2588443005661578,0.257820290317379,0.25729027577018143,0.25572358133832923,0.25432609912710014,0.2544060330243633,0.2536804855332649,0.25359087317014006,0.2531480455634706,0.2531544565167204,0.25198811286256806,0.25159490584999583,0.2509946017165516,0.251108661340582,0.2507169313958877,0.25083325127084644,0.2501930841515926,0.2490451540463889,0.24831687724230625,0.24758997689506507,0.24702053999265786,0.24621428720546823,0.24590579537139015,0.2459031349643009,0.24558756709250495,0.24475606561855276,0.24430978134519468,0.2441404728704427,0.24446640301266187
394471,163,"Clarksville, TN",msa,TN,0.2043082774547771,0.2037016606524414,0.20397405889324144,0.2036999703565608,0.2038964371102807,0.20371947402538718,0.2036989654722976,0.20270921415506632,0.2019744772940437,0.20144304150460243,0.20083147483156527,0.2002896543856169,0.19943795639798514,0.1992538538235535,0.19814525440640618,0.19768053824704093,0.1966160642130138,0.19594787574626235,0.19543008579968638,0.19576062257949667,0.19622419881734873,0.19618845420922162,0.19626292082286612,0.19516551284303843,0.19434923192491158,0.19363076768874363,0.1943290203213496,0.19452571145045772,0.19465509400670672,0.19468674366934552,0.19474624452628336,0.1947651093491319,0.19477752610290344,0.19542534840555437,0.19633330383974093,0.19775002800649658,0.19827124506326327,0.1985496617277408,0.19812527292934817,0.1979381233995475,0.1982086815151512,0.19864780975185958,0.1986634108791687,0.1981802860024993,0.1982473143906511,0.19970268949255157,0.20109629469946547,0.20133822555619998,0.2010349171605294,0.20191686592665778,0.20291696471437917,0.20393935469372218,0.20476733066371663,0.2053950750218232,0.20632455863706678,0.20766099209727057,0.20932573415900105,0.20983871195743875,0.21016344127968614,0.21056022199289293,0.21166327079809216,0.2117693454925786,0.20879225046035285,0.20631596177420475,0.2044264684415888,0.2048291045299643,0.20576788185934558,0.2059864216439227,0.2081966050951542,0.21066625841235542,0.21406182804186408,0.21450897206143904,0.21328145297712103,0.21161819492090975,0.21388281629491798,0.21695267716358296,0.2210078455941813,0.22134564575794452,0.22158416051751798,0.22260118388126127,0.22666324572316052,0.23103612191221282,0.23315419051424177,0.23271736930284556,0.23236202885780247,0.2328308063147776,0.2324928958719356,0.23155857504369792,0.23077672436966445,0.23138482571115856,0.23206838188652326,0.23198385653972148,0.23144498338825842,0.23061798304825606,0.23008635798240273,0.22847491670898878,0.22708340428186033,0.22681956454981309,0.22705979165819007,0.22683792638500405,0.2251363322850634,0.2236941859942003,0.22128879027610351,0.21962129865717148,0.2184090132679763,0.21810151845940187,0.21821776999995776,0.21877950931974446,0.2194527228907112,0.21890212486567312,0.21814932407860427,0.21747012782665887,0.2176336133297901,0.2170337520133091,0.21738386232710286,0.21817179414023005,0.21940834685246077,0.22031883548832917,0.22000490398186542,0.21937207159619382,0.21750850016024056,0.21623279297324513,0.2154462228678188,0.21481891067798742,0.21420428136898756,0.21415964278177285,0.21383285436793412,0.21296785823004175,0.2120724319342139,0.21108906660279067,0.2107092370341406,0.21020958881657373,0.21042604829832479,0.21059180521812026
395028,164,"Roanoke, VA",msa,VA,0.17595955512431033,0.17548032879860637,0.174613390529233,0.17466431017811623,0.17519706252718265,0.17540973083070382,0.17622106594285034,0.17709323683231057,0.1760783395651597,0.17635810105531766,0.173846941111681,0.17271252126903883,0.1727762163808468,0.17396958402013232,0.17614223870993775,0.17675906087453755,0.17714137240860542,0.17577225441399844,0.1761715111450468,0.17662767555859918,0.1785667882318669,0.1785381016560963,0.180488513798104,0.18120703967358173,0.18086584867706038,0.17897485076105693,0.17803292669502735,0.17834940890676815,0.17762965560033306,0.1770801281521729,0.17687804974307883,0.17622298483537313,0.1756414438682489,0.17405682702181344,0.17244880312222338,0.1727485084918647,0.1717144765570464,0.17295190988587908,0.17048321241641276,0.16991293533602955,0.16888439813633782,0.16940361007081692,0.16996819512989228,0.17046400408455067,0.17184249871712523,0.17335567228670778,0.1740779292637044,0.17258233137660037,0.17178074104125163,0.17144740245710371,0.17331574198608335,0.17351907130650307,0.17469709309382392,0.17522789583054613,0.17534165015296163,0.17582509369293442,0.17577485102448343,0.1765991188300701,0.17787590495100522,0.18026405501271645,0.18304489079950687,0.18457001216993515,0.18210522293945916,0.17954758914682048,0.17789063639821104,0.1771831414727283,0.17815075517419293,0.1791850369872285,0.18215581082036028,0.18325409344180507,0.18386012782780592,0.18326245169309546,0.18224330710944556,0.18231284092918357,0.18370077296542833,0.1859489582185906,0.1884323314758589,0.1891008358669111,0.1899598263196437,0.19131126155330302,0.19431975559767473,0.19788550301310756,0.20180205411476881,0.2049587525700869,0.20672022217941496,0.20822609022416178,0.20835251260767,0.20950436188235966,0.21075749485315004,0.21240089784904506,0.21307543754461467,0.213469225626342,0.2124086054606198,0.21370328851077905,0.21265639031907826,0.21246576651945712,0.21100640948774868,0.21111667541098886,0.21159706182153373,0.21229538897199218,0.21146103861431914,0.2133317771059895,0.21268559463309994,0.21367633708414022,0.2123895502950301,0.2122014910361962,0.21198348010836904,0.20920963937651949,0.20892596968742885,0.20690740637831653,0.20783340949814771,0.20730811556304196,0.20842569368712702,0.20804117376455447,0.2078474445261356,0.2076242363543827,0.20773602408473435,0.2073566189316285,0.20843405928335065,0.21013482978771855,0.21051025781027777,0.2117346546969118,0.2109207324257538,0.21078654282563816,0.21013147489213269,0.20967804382993563,0.21047549009848102,0.21054906868753928,0.21166722424112627,0.21217403890563077,0.2119733509169438,0.21235308900756503,0.2129595556345175,0.2134617646018231
394579,165,"Evansville, IN",msa,IN,0.13680531862391737,0.13680253825773564,0.13693657654281882,0.13756868797014124,0.13787633673956154,0.1377597153516507,0.13759746867967215,0.1378024000496735,0.13805429795919388,0.13734229043636445,0.13666003819509656,0.13645203776183054,0.1364051045109633,0.1364628571518567,0.13650880139921828,0.135669992796829,0.13479106180370837,0.13551502182125472,0.13570486971247625,0.13641062719190533,0.135133388236538,0.13569584555110856,0.1358749864275549,0.13593484816780038,0.13506405077748634,0.13404473356120075,0.13342104152071718,0.1332085986683072,0.13338022510814518,0.13314584666747048,0.13291329247495837,0.13249581027447738,0.132700892448088,0.1331331957395699,0.13325382824084023,0.1337459992336999,0.1330807337358827,0.13330152728596445,0.13251481744822655,0.13343765301581828,0.13284401894775758,0.13337810406544195,0.13292102248939555,0.13287600771741817,0.13396079442682157,0.1344779858975933,0.13580256522280618,0.13439003232666807,0.13465777341693133,0.13459226310025865,0.1355681508269523,0.13520591135742846,0.13592615764458635,0.1359238295899928,0.1368630874327817,0.13755983935257704,0.13786278298314816,0.13829208215113808,0.13835421129529427,0.140146947980714,0.1414068905168942,0.14243037642439454,0.14116320172543306,0.13866479799184742,0.13679981464955834,0.13612805939524383,0.1367356502034151,0.13599402983066664,0.13742652593267582,0.13927503347805625,0.1415425817730907,0.1417513671684829,0.13963247181645372,0.13874927461009942,0.13868698356132714,0.14213328832049507,0.1448867078110679,0.1453712551109252,0.14521788663702256,0.1468668507034401,0.15030161330817265,0.15144577264269649,0.1531637814993097,0.1508916694106343,0.15216603580313384,0.15061469753477275,0.1513886634447478,0.14936763447216347,0.14827425344817136,0.14843383449983505,0.14887428132652156,0.14920861536454594,0.1497217732995484,0.15126010541216156,0.1516988528681695,0.1533207300176196,0.15361057782376714,0.1556897827928946,0.15617382849678194,0.15740612203312324,0.15855981314092857,0.15986520987740216,0.16080564137282555,0.16081971424747066,0.16067304788387182,0.16081338108217177,0.16166492964811366,0.1636190002278351,0.16424579102054304,0.1649865602628532,0.165214848191803,0.16630457512566316,0.1670283583944618,0.16812566117963898,0.16936523490675978,0.1677729868881979,0.16888895716456634,0.16901186823055916,0.1727994802644109,0.1719629174095734,0.17296372005318936,0.17320482730837916,0.17375885070510363,0.17369118306933692,0.17386432455760953,0.17392233098593526,0.1740920949742893,0.17688891537775822,0.17786102385722355,0.1793359577470861,0.17774963215806575,0.17889549533422044,0.1790799437260484,0.17950479090101426
394747,167,"Kingsport, TN",msa,TN,,,,,,,,,,,,,,,,,,,,,,,,,,,,,,,,,,,,,,,,,,,,,,,,,,,,,,,,,,,,,,,,,,,,,,,,,,,,,,,,,,,,0.23028923454304076,0.23159171441659038,0.23766874671953367,0.23827792144796053,0.2407083692316098,0.24118185300854098,0.24784734018946597,0.2477539141483834,0.25179656215276797,0.2521580020661843,0.25608855977405903,0.2598006751215321,0.2609740990757893,0.26125498576328077,0.2585267494254727,0.25862352106265674,0.260530947917816,0.26169886286689104,0.25910164050351325,0.25798527350632977,0.25713783245402905,0.2552871168282178,0.25138413039632246,0.25045464310034604,0.25011544096393906,0.25050616353630656,0.24833011648293224,0.24753283393736647,0.24602727500664612,0.24515915188181991,0.24448521425558942,0.24440008026405066,0.24469269607593905,0.24642330423311037,0.2463650375066023,0.24610889122155363,0.2456749856518857,0.24650863454800034,0.24549975723575493,0.24554054772057388,0.24487964253446792,0.24446896323512363,0.24479874150284084,0.2451051333264045,0.2443068803082735,0.24366650370916396,0.24480963887610954,0.24477218289488833,0.24490465120765012,0.24410827392101087,0.24626815872264313
394741,168,"Kennewick, WA",msa,WA,0.19318462533700698,0.19234415525224696,0.19398093531129862,0.1944569637917091,0.1943301063247894,0.1946806867094758,0.1962420214409316,0.1980699599725522,0.19827126500997957,0.19967141529348037,0.19869700559615303,0.19969558763974343,0.19739944592112213,0.19842058739323726,0.19526500786627152,0.1963739039337779,0.1965054476158837,0.1983997560696022,0.19873577653708202,0.1989931747894835,0.19923265847081423,0.19898391346204025,0.20040542427718736,0.20080342863115194,0.203268399306225,0.20343071614825253,0.20651009986950325,0.20647057697112936,0.20638972713357215,0.2059517699684812,0.2049853275908499,0.20588758523271597,0.2057032161180444,0.2068527407767016,0.2074536683296631,0.20698110741699,0.20700562919355525,0.20578889525042457,0.20553031281763043,0.20546573889805306,0.20690471442545344,0.20667996500476923,0.206739306534585,0.20587790086989144,0.20581312218494133,0.20528523078863264,0.20468417819219645,0.20370276285826558,0.20226111898719776,0.20278657346799941,0.20196530592248063,0.20166227464879016,0.2005024681706688,0.20038418917607717,0.2005777701763755,0.20069082630351678,0.20139653839620625,0.20200698445733908,0.20259840558211628,0.20349228472128464,0.20410517812203738,0.2040307266213096,0.20039198670904856,0.1974907565922688,0.19410349323789447,0.19394578916659538,0.19407762355677752,0.19514024490282814,0.19676134390493988,0.1994134957383397,0.2010306905314689,0.20071222992617935,0.2000419817586522,0.19930651035319302,0.20039380736356285,0.20291696682087157,0.20738513980708928,0.20843371877891312,0.20854622884121957,0.20753186721881606,0.2104642514699488,0.2136933633179283,0.2163377512609615,0.2176091767926735,0.2177313376389369,0.21790801388217598,0.21925601669486164,0.22019910447639873,0.22049386664183326,0.21990012737372774,0.21985989670578254,0.2210668630755028,0.22050369091562053,0.21959046798410356,0.21985955001954252,0.22045485841536971,0.22173117847553545,0.22409759252665726,0.225857838496234,0.22552941037981358,0.2238693838478485,0.2231469590367858,0.22302357526848574,0.2218041537649137,0.2214159402455013,0.2219564524729007,0.22210850847485872,0.22106499136946933,0.22045118999127022,0.21931418703143157,0.21912205096577209,0.2173877969714632,0.21697046177805165,0.2164319647085168,0.21660432786958014,0.2159947753975583,0.21603182047090627,0.216003074627355,0.216188287347534,0.2167853599424153,0.21680221242771197,0.21662113505314315,0.21518679753658962,0.2156945104909217,0.21589609776630855,0.21637476057639782,0.21596511432800028,0.21635241831071206,0.21622912617609444,0.21574641057143415,0.21498130675513838,0.2142279688013436,0.21360885906962573,0.21311635769543283
395179,169,"Utica, NY",msa,NY,,,,,,,,,,,,,,,,,,,,,,,,,,,,,,,,,,,,,,,,,,,,,,,,,,,,,,,,,,,,,,,,,,,,,,,,,,,,,0.19269101359526086,0.19199356665961018,0.19466013726346976,0.19516112684386666,0.19786832375287403,0.19901107762707765,0.20117665194757098,0.20392589946677642,0.20427574016739036,0.20671009932414455,0.2054331517734725,0.20719586007954738,0.2060804792289978,0.20829719006007863,0.20992486118929746,0.21274633984178354,0.21352231458209778,0.21439994479621627,0.21155493348813814,0.21236836695505187,0.215142240004833,0.21678581523116883,0.2168583588906314,0.21494625301434067,0.21760967519688623,0.21599443334836346,0.21432834766882444,0.21183999156469496,0.21266291165353907,0.21346981020544978,0.21491573229273456,0.2123316172469905,0.21155085627689185,0.21219933548412556,0.2136673299344504,0.2144975641328097,0.21109647946760945,0.21079752409312458,0.2102557739476409,0.20937231885645496,0.20743704474200478,0.20685599841314545,0.20764699990231228,0.20845550214323605,0.20784278182523006,0.20748374003964604,0.20668651595637427,0.2066079396891673,0.20787081605341426,0.2082637474569575,0.20882909314737974,0.20979044130460606,0.21040522339359438,0.20999218412159096,0.20883453215408976,0.20880303344424583,0.20913443109750054,0.20872954572279825
394660,170,"Hagerstown, MD",msa,MD,0.1982851490335089,0.19824091261199822,0.19739804120313045,0.19820969622130952,0.19906850394637615,0.19977158501720219,0.19975298452466142,0.20032075870830376,0.20041922931674172,0.200247806905685,0.19880564777131446,0.19766861521468543,0.1982409915340189,0.19930121929148661,0.19923637526207025,0.19844810323878376,0.19767179021426717,0.19808671781264267,0.19778705677195324,0.19736660802913134,0.1974963108755081,0.19746119246332655,0.19824242934154726,0.19798710659882685,0.19789025620616005,0.19744514017473236,0.19752145683390263,0.19691067208227206,0.1962371794323647,0.19530617074030304,0.1954047796767791,0.19617835054451171,0.1966202781977133,0.1966201640485329,0.19586622727454808,0.19622298327777937,0.19635194855405524,0.19669885731869013,0.19574153337176528,0.19650519158809154,0.1969365344875586,0.1978416427557552,0.1974946955032404,0.1968557957823786,0.19666336398943376,0.19709074870476662,0.19686094571888146,0.19604701764495652,0.19641282933847887,0.1959677000552917,0.1966208482012286,0.1963825260955444,0.19640675642525043,0.1960624704616751,0.19633216868045708,0.19657705876657378,0.19694177529067672,0.19713546828931516,0.19808592874371345,0.1994049680124277,0.19988312499195923,0.20053322425493536,0.19890890938887437,0.19908424284044876,0.1975622047223535,0.1983455928751706,0.19962612877050406,0.20023688064318057,0.20177246640937035,0.2019040657532913,0.2039993269345893,0.20293547803651232,0.20452491401220624,0.20449619986487266,0.2071542679533608,0.20868195055944067,0.21156743387722934,0.21202621058170829,0.2122656783160178,0.21331433151771007,0.2180892983758427,0.2227912789710615,0.22552545973334517,0.2257276698975491,0.22558497230527705,0.2265240363828906,0.22649551378675806,0.22657505622268093,0.22637355506379633,0.22659469108647973,0.22690206864154938,0.22763101379865586,0.22773326481048,0.2293800999203442,0.23022880437710758,0.23343056244113775,0.23147545662830893,0.23113984086098313,0.22935587219794998,0.23034055702841763,0.22907365400127858,0.22866043573400593,0.22663125967444983,0.22644867011176478,0.22535578750152852,0.22509387375878925,0.22418416776953073,0.22129142150457068,0.22132580446984618,0.22001744826410197,0.2205573018171006,0.2188115923926218,0.21897989093219836,0.218235439796421,0.21946012348892813,0.21887209532808197,0.2197431445692715,0.21884194348470967,0.21928842203326582,0.21864932098911077,0.21917987874640166,0.21893513833487552,0.21866075002607158,0.21881020994575937,0.218568884312676,0.21888698178361582,0.2184751821351486,0.21854082817947648,0.21837309501267327,0.2189502166532353,0.2190011335930677,0.2202151681046265,0.22026051972274768,0.221245445943802
394543,171,"Duluth, MN",msa,MN,,,,,,,,,0.25766906110648197,0.262124865384722,0.26228482921426716,0.25938162065835113,0.25676560321939434,0.2541885643954328,0.2549994492874491,0.2551676098872947,0.25216461061551654,0.25447277860214745,0.2572138595431837,0.26120461019860985,0.2611528657817905,0.2595630812733967,0.2596495924322153,0.2598415198271558,0.2586593029199244,0.25826942771621514,0.2579280456046979,0.2575286751775911,0.2573863594219956,0.2562985768346491,0.25591957080938926,0.2553855914356447,0.25539957756519466,0.25407846863497413,0.2546399139367707,0.2532113628239336,0.2546009788754438,0.25390819674386755,0.2535011200953131,0.25209775090739556,0.2523132834794026,0.2505904705163717,0.24950704200036708,0.2474616675350988,0.24785742821149837,0.2473368917443285,0.2459919657608683,0.24536156780065285,0.24540772901875252,0.2458481138252522,0.24553630564609216,0.24611730525174533,0.2458757455734622,0.24661806333491526,0.2465793971241496,0.24698554459900107,0.2458923163271625,0.24628761277994385,0.24634542691547648,0.24718482689646046,0.24655082308187082,0.2460018514137061,0.24397995362643365,0.24197102239241722,0.23928043008375544,0.23951732367904943,0.24198085167621994,0.24331656005167063,0.24960883292051647,0.25003667538744057,0.2527954957228659,0.24803817858541272,0.2497501486632191,0.2491454762901426,0.2517840632932695,0.2516081976656062,0.25418261312994467,0.2548839279576525,0.2555311868104326,0.2543766846561205,0.2547685196285543,0.25733040323046974,0.258629339703469,0.26128508847452575,0.2602927998028189,0.2626264227910663,0.2599070107541914,0.2599394284973998,0.2584309610791691,0.2582586759110708,0.2578811370511012,0.25926110405399716,0.2618396095324367,0.26351605922282106,0.2657449063625706,0.26573410134504216,0.2677751852170093,0.267100645628762,0.2701628509516476,0.2701190450982913,0.27062624741568664,0.26946697182225837,0.26840187913183533,0.2691004101628561,0.2694127571177362,0.2714704950626429,0.27229361401383323,0.27229000479747584,0.2708466822809954,0.26995261324542213,0.2712668563824812,0.2720692837089585,0.2722416803738694,0.2721419859423989,0.2733572416368508,0.27371103893343696,0.2729823493323327,0.27231886034310626,0.27229543118562904,0.27462663482154215,0.27578763883539625,0.27681576206968206,0.2756266083055051,0.27567638468700256,0.27612774389662825,0.27745660412035145,0.277770812195249,0.2775502084602986,0.27831922985364693,0.278295762148152,0.27825837884291693,0.2770405278718336,0.27706997274753864,0.2773183101562457
394937,172,"Olympia, WA",msa,WA,0.19635510922838323,0.19761396265218903,0.19802521575225063,0.19807952682809982,0.19751994595869252,0.19736075536164896,0.19796098643482055,0.19850952810682462,0.19903108581108833,0.1988646689902123,0.19897805707337,0.1984932334987257,0.19811247156684708,0.1967532825419783,0.19708253627362476,0.19708080797929403,0.19817673671659486,0.19856352618202988,0.1990291217189412,0.19981971825150438,0.19988046345950974,0.2001268343017062,0.19968704654070268,0.20122126300099966,0.20206048385622957,0.20372926529191382,0.20327217087393468,0.2037772235390763,0.20444802239260615,0.2051293220969312,0.20534918588983903,0.2048998300673261,0.2057038652120444,0.20631736136008075,0.20717454553547338,0.20622957174619422,0.2056709003574293,0.20528361073970136,0.20594685190464826,0.20674023081325052,0.20651620644194055,0.20634056464439415,0.20558686583984107,0.20609088336792095,0.20701355708057567,0.20834019173618637,0.20858865052275796,0.20889773296839703,0.20849077287708942,0.2092398545267623,0.2095343564287077,0.20934304482711247,0.20968717633827488,0.21031423265388097,0.21160468470423555,0.2123026511825926,0.21307532883801236,0.21373516061240083,0.21511785956023352,0.2162278420248623,0.21771488704622444,0.21791087154020833,0.21758763159922956,0.21546872907455566,0.21380640958743063,0.21274555888117028,0.21439867089629863,0.21642650689883752,0.22044583918874824,0.22244594359990671,0.22454888873107598,0.22322473501793447,0.22428119177721517,0.22520821278853786,0.22843824497263615,0.2303129672779001,0.2323920084590429,0.23313372894685677,0.2337461136476618,0.23506837731707442,0.23803177846010914,0.2418325494463527,0.24469856671602533,0.24681466628474236,0.24648209916359604,0.24599237180061095,0.2444553162142455,0.24490215913775784,0.24531366331122734,0.24558235948835824,0.24463366645680623,0.24297471784622862,0.24145166866989556,0.23991509413503118,0.23916680736974932,0.23771356680511105,0.23613581642258544,0.23554451024961748,0.23582591560463448,0.23596582422478757,0.23548323716209646,0.23467515064865094,0.23398851603571863,0.2331895249371038,0.23317975678617986,0.2336190840808278,0.23343495938318798,0.2331150499618039,0.23367919412611007,0.23371599321847833,0.23356081478203788,0.23174632198731016,0.23036186520711346,0.2294716908223549,0.22889161396443886,0.22884432044950725,0.22855653724226715,0.2282843482666458,0.22795858064190844,0.2278275622542686,0.22807423008280173,0.22828715545050446,0.22771369817548145,0.22796829383943376,0.22825695202992866,0.22878687405542827,0.2293211464778352,0.22960495149480242,0.2298438153257323,0.22985600549170196,0.23004856809132807,0.23014450596710706,0.22986830930211885,0.22969594180957395
394803,173,"Longview, TX",msa,TX,,,,,,,,,,,,,,,,,,,0.19519768884270722,0.19655010744326448,0.19767667438650724,0.19812611511230627,0.19609272908141587,0.1937830659849373,0.19318758425154192,0.19424165297362994,0.19448847529611216,0.1947971416909367,0.1953076804149646,0.19552802901392527,0.1946177589533537,0.19321701194036114,0.1918602267368426,0.19171965653460965,0.19144958442689552,0.19097766778028802,0.18923961600204062,0.1891546727804615,0.18943802110502359,0.1899846963261458,0.188803212765058,0.18815874035642197,0.18711965379812195,0.1864634462327017,0.18714489534335033,0.18814527948619802,0.18966536740517498,0.19045860255594338,0.189563190224419,0.18762556384848328,0.18667060452235612,0.18573872833068406,0.18575530491920011,0.1859371145209471,0.18664447024211,0.1873057686547369,0.18705170264101553,0.18617057702533493,0.18545279023949135,0.1860028554203911,0.1881882452467368,0.19008841678808622,0.18886795639267795,0.18783027293674792,0.18573625511498787,0.18580558147143653,0.1850390880300504,0.18657153892648753,0.18814596185614973,0.18952687057047882,0.18976348874218804,0.18960512528817366,0.19013234486919275,0.18892722443467838,0.1898101182241142,0.18978587086837734,0.19127860279469525,0.19031692043242274,0.19035206642140814,0.18954963706785027,0.1917471577788373,0.19524755420863688,0.19919769997014097,0.20017021256964151,0.19826939328814616,0.19715225605126802,0.1959370102514931,0.19584595339988392,0.19657458521885257,0.19785608509765817,0.20006778891452154,0.20109301299351032,0.2021411723971035,0.2011038576855417,0.20053152082622147,0.19908348918943036,0.19889903753896243,0.198233034809066,0.2001131917612064,0.20080503985235512,0.1987461467947662,0.19721234541709123,0.1970060215617628,0.19780721813962635,0.198532131361218,0.1981551558963903,0.1975345317752158,0.19712680488573883,0.19742094571174337,0.19913032391165955,0.19894775171477927,0.1988095397844798,0.19877344203168218,0.19903663427700186,0.19833983742517347,0.19797222056737127,0.19898500504521602,0.20099328483856507,0.20283959093592932,0.20413134896152418,0.20428097727438416,0.20293810658742978,0.20252817857842048,0.20234728118519232,0.2031769281297642,0.20375276021584168,0.20425750065900103,0.20433135861950208,0.20374646243880792,0.20331981735662855,0.2029729485722305,0.20294916514885566,0.2028850780424177,0.20330849306700804
395229,174,"Wilmington, NC",msa,NC,0.21626233235830195,0.21630095559624166,0.21638658448166748,0.21702843249371295,0.21698601591586061,0.21677754308144742,0.21611305593300545,0.21624434136594486,0.21699197628409636,0.21642404138661292,0.21649839522475406,0.2156135245494516,0.21651056392234772,0.2161109656845041,0.21649589635893385,0.2151066952103342,0.21555266315335933,0.2162443906098483,0.2174232458817574,0.21716495504224845,0.21694367987363067,0.2183707054819727,0.21907363498671098,0.21982220396780333,0.21959566335364913,0.2209436268070101,0.22184731143359643,0.22276203460327584,0.2238590726985401,0.22378887486123356,0.22311491162624786,0.22341139102803548,0.2228983984473777,0.2222773763052553,0.22121729352694824,0.22163096078497976,0.2208067323860489,0.21946076146385474,0.22050432783303114,0.22213966748327243,0.22374492768496923,0.22257519544522997,0.22263343127771895,0.2210449729230627,0.22319772029763071,0.224339294054057,0.22736750141471235,0.2270754559100183,0.2275552505541468,0.2282792194639144,0.2274832240896319,0.2264670405355974,0.22510460344840286,0.2266616877275871,0.22752380645833883,0.22939230489416573,0.22887399496095,0.22884987725807546,0.22759103849521364,0.22786809723928264,0.22814189722638628,0.22785249904520566,0.2274167041876336,0.22650911294184767,0.22606283424190066,0.2256484901117865,0.22513113632762355,0.223794162785094,0.2235341642963255,0.22492991779201904,0.22689451055345697,0.22735538495191465,0.22809629199526843,0.22904334650250519,0.23090752210835383,0.23131635962733246,0.23226968794102118,0.2327534804849248,0.23472941938204517,0.23770884540988219,0.24537415740997942,0.25146710318101706,0.2565738173579299,0.25721190531387417,0.25815996630572074,0.25855609937312235,0.26125771909558376,0.26363586573731096,0.2668320974735166,0.26725730060392167,0.2685184533691815,0.26816431806914165,0.26759194234802086,0.2655833707805728,0.2644644643212846,0.2643814863107405,0.26332196923724216,0.2635370479290701,0.2616689374519485,0.2614750534286505,0.2595681776442134,0.2597293252506811,0.25806660767183986,0.2581200937907745,0.25785144317709296,0.25806650667700415,0.2573564837564896,0.25528972455374743,0.2544682266315687,0.2523571610207283,0.2518318893293153,0.25098069383902405,0.2508295792846401,0.2501457428274692,0.24952362020144256,0.2488951033895016,0.24861195881159937,0.24844800914951717,0.24926585221971817,0.24955275288174475,0.24862861119336493,0.2484478314707637,0.24794700835119657,0.24695993998544974,0.24606673324185044,0.24532875064747586,0.24518562003615527,0.24459395629387612,0.24438734926446798,0.2442320924600624,0.2435535856896995,0.2433848591930319,0.24362161593451306,0.24370444000333322
395061,175,"San Luis Obispo, CA",msa,CA,0.30123229236733223,0.3029637108464279,0.30570329983073546,0.30807244634204706,0.31032012281263605,0.30888013873680836,0.30995960878851636,0.30992689609143026,0.3135262397434222,0.31226778883318296,0.3100908699747223,0.31028561769308505,0.31370882667847233,0.31960743518254453,0.31774659889676915,0.31635008324199404,0.31196404642211345,0.3143504044730021,0.3174299576928812,0.32062632745409514,0.3189913364352598,0.3181517329875555,0.31872563331038284,0.3215075632048216,0.32258833620020483,0.3212135613766972,0.32485474273286,0.32404292194042705,0.32514454579033086,0.3223491669394811,0.31932151244324364,0.31771989268075485,0.31971721141088505,0.3227231490298931,0.3250341036200583,0.32509398206197304,0.32652384213381946,0.32535475368530714,0.3236141032314323,0.3239592296203984,0.323619978327229,0.3256938965343559,0.325073505487485,0.3277162343188253,0.3290061824180262,0.32990525705277696,0.3296138505433435,0.3281029181095557,0.3256691022479464,0.3246108141426671,0.3247191703166472,0.3251237782653634,0.32577714733672536,0.32573816221737684,0.3276602310991716,0.3264246377153411,0.325670126684748,0.3247461128710323,0.3247665967771967,0.3261984224753542,0.32788614219240547,0.3298722762438428,0.3309971358968027,0.32687421943267597,0.3227597463431017,0.32105536843527754,0.31938448151216864,0.320683481624471,0.32143516226296254,0.3219258016628048,0.32535572463753565,0.32720305316972625,0.327287261939913,0.32293345939428947,0.32428767642617445,0.3274442249734624,0.33086894189203936,0.32981438355680454,0.3309389301504049,0.3303936236129654,0.335933289063681,0.3416970186996491,0.34647446435458934,0.3451825226316543,0.34418357847763986,0.3451220975536393,0.34903300911227725,0.35189778783677883,0.3543131677476036,0.3547888347868719,0.3561228312112565,0.35679085296278523,0.3564672282275652,0.3508302339407135,0.34838807591512866,0.34580331522589086,0.34569492459797496,0.3449403222267933,0.3455529798286467,0.34659900811757904,0.3474126612169772,0.3476827340746723,0.345376877603382,0.34487994489538154,0.3437807641273144,0.3468184712786209,0.3445340302854817,0.3454979817121683,0.3453628234740541,0.34611530033865323,0.34341987724887346,0.3402336161898827,0.33890677143674275,0.3365155425112139,0.33539033143965746,0.33543684148759073,0.33652893971990255,0.3391372535369857,0.33831337758846386,0.33805914820194705,0.33681844887047346,0.336890495927291,0.3373067285906545,0.3377940921148119,0.3371140838286931,0.33828638425996926,0.3394637397036889,0.33900579697756555,0.33826029375964844,0.3353491894539761,0.33677060561164296,0.3361621905908942,0.3368924550466875,0.3362021679546195
753875,176,"Crestview, FL",msa,FL,0.2276545778316674,0.2268512347655507,0.2272480748940061,0.22765179889669632,0.22825866378641493,0.22833486140063677,0.22824659000364048,0.22774819674029984,0.22744450387985762,0.22725847847432384,0.2272628606633442,0.22804863123166555,0.22861756354831947,0.22867664134416413,0.22811086921071952,0.2277739089486262,0.22712477643195508,0.22677878950116084,0.22639163380513672,0.22766763832737916,0.2275484456119216,0.22729297056092343,0.22596999812765442,0.22493055691648048,0.22475925569744723,0.2253026851986892,0.22513485592596863,0.22377682919450886,0.22364502344183726,0.22405868312841426,0.22441686249574672,0.22364410821708075,0.22448066316577842,0.22614661840167782,0.22796178819425333,0.22848808510119695,0.22884376122790362,0.22889590472177218,0.23026854395334143,0.23190922099351674,0.2333856690204223,0.2341149993646884,0.23493158554572133,0.23498117396615203,0.23490204447256832,0.23486349318814365,0.23652882255322719,0.23833812709377852,0.23902298194610944,0.23936599572334535,0.2396171958130865,0.24012323192482843,0.24024795686507644,0.24097492651626054,0.2417090639109973,0.2433437972406392,0.2451823222417867,0.24665870241987664,0.24682991352260014,0.2471688003178086,0.24816761300695073,0.24912749486313543,0.2503358353023254,0.24704844406729173,0.24345972957538684,0.24264934066935984,0.24406701022746977,0.2468447870458376,0.24879877176662646,0.2528151093224782,0.25661332800624537,0.25611761987493215,0.2544681123530272,0.25585797166279184,0.2609905805092886,0.26858517263508436,0.275294186994531,0.2789870267283265,0.28269151639158707,0.2849717149125794,0.29012075322013436,0.2934022856360763,0.29658095080263547,0.2996215507742381,0.30234125949925117,0.3028639870646327,0.3017028518673766,0.2995448175566829,0.29869769963530796,0.29857667327117837,0.29646850589588947,0.2953808268139613,0.294362442337046,0.29350504428843155,0.29192202339602313,0.289477744131682,0.2877493591648934,0.2861194432030099,0.28558298834712187,0.2843548562010689,0.283599614306146,0.2817091031401041,0.2796706581214707,0.27751238522112365,0.277607249970985,0.2788109174701138,0.2798030734973235,0.27931291195437036,0.27832683117941864,0.2773044928143051,0.2765624600899063,0.27725478250745167,0.27786154823747683,0.27794330268867523,0.27886610897022074,0.279205638985676,0.2789696841557915,0.27763582833169087,0.2770376321445222,0.27647232522431286,0.277104519461741,0.2769615999447856,0.2765232872579977,0.27526806640533763,0.2736585361005217,0.2731460435816209,0.2724235941531323,0.27201002645980926,0.2711331607612283,0.27056473081251153,0.2696068973790586,0.26921354104824535,0.2679820978578814,0.2673365057610484
394851,177,"Merced, CA",msa,CA,0.23397088469249347,0.23489700133056565,0.2365267463815117,0.2354506001773645,0.23457275245270678,0.23468719457247145,0.2359658363525851,0.23599012888365747,0.23538885115832012,0.2376834226029427,0.23965441366553067,0.2428634761598392,0.24298585514265156,0.2451867684184212,0.24531111224471894,0.24847756528624962,0.250144323745684,0.25260163481923653,0.25363602802689134,0.2542523863518123,0.25431919015796023,0.25323248415173916,0.25281058344152874,0.25295746261541974,0.25272384896224687,0.25176252891422346,0.25083144482092534,0.2513514005001739,0.2517829404293207,0.2505298667074508,0.24947661396525442,0.24959675121812316,0.25119007279879363,0.2500979496185116,0.2502278871437836,0.25120933082514424,0.25435945775901553,0.25494792310862013,0.2536491272589531,0.25401978775786255,0.2552839208169381,0.2545076506974269,0.25364213414997283,0.2511547539605646,0.2515399398924806,0.25059059047762045,0.2496674457406635,0.24805708405334181,0.2476775549589194,0.24825654018884458,0.24943075001900708,0.24804336700498236,0.24652716049763665,0.24834982501049993,0.25057471441656076,0.2537346684990266,0.25532133287780184,0.2595516727509521,0.2630404948939249,0.2663239376286383,0.26765928481948065,0.2693537624189384,0.26956511956668366,0.2710969972735424,0.269066584200471,0.2663767077287196,0.2643356923875764,0.2649380131765969,0.2679419918335883,0.2756657466955895,0.2815923982060245,0.28417238084844704,0.2826534941455338,0.27852242002070493,0.2830972150534301,0.2879962034165881,0.29859254928159323,0.30530310183661247,0.31088865993108256,0.3166599744008029,0.32339669492643436,0.32618536812705995,0.33233054729006845,0.3344425009417336,0.33879352140206886,0.3429950758693434,0.344276060481063,0.3474337901343826,0.3454601053328963,0.34576177923947565,0.34351169587172575,0.3410772786002789,0.3403012570633184,0.34046461113119925,0.3392429681674542,0.3375726354957107,0.3368039619018118,0.3375052825905841,0.3373826041559487,0.3380349870620377,0.33605044772026954,0.3344515028308309,0.3324019917108079,0.3333905788773287,0.332920386762343,0.3335565806068969,0.33200407225089873,0.33157112909025444,0.3299556664966318,0.3294322042050157,0.32977739860575667,0.3294064687536319,0.33073135358291067,0.32910495947677154,0.3309022202504983,0.32930561749572224,0.33118755901148833,0.32961229443880835,0.333047689204764,0.3336199442605026,0.33536359673933397,0.3325724061050224,0.3316882724862751,0.330426071040568,0.3297981405348041,0.331135129145242,0.3305495993019621,0.33104405384357366,0.3293729560198422,0.3296379011707342,0.32716238615999527,0.3261835958567457,0.3248763988786761,0.3260004943057531
395197,178,"Waco, TX",msa,TX,0.23106001291856473,0.22458985934834477,0.22622252827638292,0.23007521106885603,0.2288665696299103,0.22696839101297017,0.22471399094593908,0.22661198090759285,0.22507586987020695,0.2253756672359816,0.22605166351625947,0.22630202599642144,0.22679790673006625,0.22427825687254163,0.22635703864848292,0.22529279078896988,0.2290912931567722,0.22838805048159272,0.23060129338592958,0.23030778160791734,0.23143624622615777,0.23196905270959386,0.2314461638633994,0.23176102975291119,0.23035922180723095,0.23318328990476603,0.23174968886207103,0.23330380958913693,0.23092100721668377,0.23073249390971973,0.2294171984148658,0.23078539955685842,0.2327128041717025,0.233782631815927,0.2335379395892929,0.2335418718167118,0.23522822262989732,0.2356411936775896,0.23550707776982405,0.2352691739452055,0.23615180516202705,0.23532355869253044,0.23432029869549453,0.23295316668769367,0.23220347171695296,0.2323712026558851,0.23267652801704752,0.23291961882229997,0.23103818739001722,0.23090031490896618,0.23142928993577538,0.23118119440697635,0.2310249982927019,0.23179627298093486,0.23259330047478327,0.23269287495576801,0.23160151250618086,0.23022833096171688,0.22964597222701474,0.2293705109176348,0.23023958167856023,0.2294091561474359,0.2281969680206724,0.22723348256459552,0.22614288053164439,0.2255090559344864,0.2230989544435124,0.2239272138585247,0.224975285928188,0.22928364523386238,0.2305963629348697,0.2281464865694544,0.22645909172633327,0.22467348826069283,0.2274058821621533,0.22758421194995712,0.22934595267785615,0.229371503536496,0.23055850971794936,0.23202323728198618,0.23609470916201178,0.24132029810749445,0.2465340470239523,0.2489456320328333,0.24688211326602483,0.24773719718220863,0.24792490349400073,0.2518798943586394,0.2524813239410411,0.2559643196723579,0.25566374528634717,0.2555462550862165,0.25497128969280497,0.2541133001698788,0.2535187397277771,0.25367615528624743,0.2558677619512168,0.25542992986368296,0.25459134779145093,0.25247122999957106,0.252450204298581,0.2496181761863351,0.25024442982722006,0.24930322044354306,0.2516565286208612,0.2497979546218804,0.24878910264751225,0.24743416968288418,0.2472690313124232,0.24840856279793933,0.2489660119862967,0.24865160809064316,0.24750570430494234,0.24696731966349184,0.247001223867066,0.246053518432654,0.24474492706629256,0.24393077199498686,0.2442833881519731,0.2438105390528536,0.24373306815250861,0.2419284567841569,0.2409423258187249,0.24042724975538923,0.2401324403758707,0.2402323977877866,0.23898949890186802,0.23911297245259752,0.23835679974089893,0.23913878336526592,0.2385511840413738,0.23838748338181204,0.23724232982388982,0.23718868693704828
394447,179,"Cedar Rapids, IA",msa,IA,0.1458647215077132,0.1458712586754156,0.14571963609192554,0.14485088043157324,0.14474099438055563,0.14454114679486105,0.14455828705789095,0.14430152829799986,0.14491263955615208,0.14505629083835764,0.14527926862331542,0.14396689129280604,0.1433111442920678,0.14356363393147673,0.14549533308722307,0.14669084571794694,0.1476429255380176,0.14646673546073474,0.14722233065614254,0.14696757627020302,0.1473965319976242,0.1459214277368834,0.14565808156494967,0.14666847039575157,0.1463764172280238,0.14606577113344463,0.14409174438427844,0.1450382763126906,0.14436154764366502,0.14435685406429977,0.1431886180951718,0.14293329450024692,0.14350617930539677,0.1449507070216183,0.14559332921527893,0.14530755662845957,0.14532681264785063,0.14614021890837442,0.14766462699070015,0.1477852088717489,0.14865492180457954,0.1489025309190034,0.14852728911480198,0.14874891816359415,0.14804262722589426,0.14769864815046405,0.1471116748755488,0.14718081254512788,0.14652843012428313,0.1465928784518656,0.14614210183522733,0.14559408260870965,0.14536744893692166,0.14600596839933294,0.14737167890302127,0.14806583076683236,0.14861068493216767,0.14883607184206082,0.14950735983294014,0.1503997808586557,0.15208147562185045,0.15264596539979985,0.15065546890662024,0.14603169257788137,0.14440103815846228,0.14479193955916053,0.14566037213585592,0.14674336286280032,0.14815324482804915,0.14886712204613115,0.14954125591020614,0.1478259874959687,0.14581958727352795,0.1451648834986146,0.14595732119359206,0.14796247776029428,0.14769340454767532,0.14723455517089198,0.14552519412974843,0.14520641141657104,0.14735141783502276,0.1498512113410608,0.15116250680610369,0.15164172410142018,0.1518890953607805,0.1522561257387592,0.15191432041956104,0.15141785917899436,0.15197613434967827,0.15137262659577763,0.15194048601190102,0.15155431815784934,0.15027521860268606,0.15048620072051505,0.15011410674761774,0.15190434295704747,0.15232797911402385,0.15307007880064288,0.15442587861120716,0.15551128727856983,0.15655354397626892,0.15634676536282405,0.15669544972927302,0.15715268523643539,0.15815711872545976,0.15967561801945168,0.16090024241433726,0.16077830330722226,0.1604350315778575,0.16083803835783642,0.16054856266984643,0.16083101431055152,0.16048703861841415,0.1614717218763987,0.16125725803800128,0.16017508800420951,0.1607330228245084,0.15883421866949504,0.1598487105628351,0.159823164799902,0.16206683012301484,0.16134133353329547,0.1617919003711654,0.1619372274641043,0.16243867738589585,0.16262751833886954,0.16326186028689618,0.1647252217675648,0.16507357902159378,0.16683281534736155,0.16665505460986513,0.16739922594855333,0.16691476247389733,0.16839379808420718
394348,180,"Atlantic City, NJ",msa,NJ,0.22731688782092455,0.22959057712788755,0.22941433563345834,0.2294585370082484,0.23380971456427974,0.2323309754676807,0.2339310669396277,0.23087517829550883,0.23272648711568703,0.23133878472914263,0.2324012972239707,0.23094389139745902,0.23131864981767367,0.23186790162995813,0.23238764555357458,0.23229346940887463,0.22914740126372274,0.22920964019804496,0.22838667756721517,0.22769167352533096,0.22582281471077348,0.22455094790088698,0.22344264511449813,0.22407414786803106,0.22473289123290552,0.22486109925267436,0.22465060426278502,0.22437948366763732,0.22453870610777762,0.22495030552044076,0.2246110316196085,0.22467401948185575,0.2238968472627672,0.22581861580253815,0.22636186176684917,0.22652055010205882,0.22570211709788754,0.2256773721499009,0.22523927193343574,0.22602021346297643,0.22550773991522746,0.2260146630623202,0.2259171013585305,0.22634625821375667,0.22847956812536965,0.22830280571867145,0.2296687294659736,0.2286472517163535,0.22964790334889948,0.2283683569790362,0.2288229112075543,0.22852007058393764,0.22946631965776543,0.22906205771857582,0.22953325724243615,0.22962802341051983,0.22969832262816922,0.23033661470939285,0.23031615690117457,0.231536279438274,0.23155600171247198,0.23293585537463127,0.23413188371955881,0.23266068820931265,0.22961529311381615,0.22803748215051728,0.23074763609850213,0.23368122237271735,0.23874551105696415,0.240291821570548,0.24028723057221948,0.23640866645126596,0.23466037962228437,0.23586842116401263,0.23960184478849084,0.2451627335292864,0.2511325911771272,0.2520881855759476,0.2529995781025071,0.25420678669972707,0.2585876339887062,0.26243580199281485,0.2639409475676817,0.2685495132754854,0.2729902810484853,0.2776197823613285,0.2765296258659937,0.27721120570660596,0.27495624757018916,0.28047625551495425,0.28059125641838994,0.2818859850665568,0.28096832034272856,0.2821313320416267,0.28417348830532707,0.2822829522957601,0.280012158497553,0.27884773427495324,0.2805606450194829,0.2806355419381448,0.2847985218498382,0.2868584520068211,0.2884578727992829,0.2889165837337548,0.2870524780574685,0.29061996764391745,0.2942494474692511,0.2975914527385131,0.2978269075039657,0.2940559959791684,0.2950161981541757,0.29475558183665185,0.29684194631856525,0.29545148795851894,0.294844028649325,0.2916270441878418,0.29624224597857135,0.29520858160805413,0.2960002840587142,0.2992012488830425,0.30226743904469444,0.30349252939547255,0.3037973406363572,0.30518588835941324,0.3032199076938192,0.30374372184965653,0.30499448740826024,0.30854013117651274,0.3079203317228753,0.30860642110386755,0.30761087832384365,0.3053449876417849,0.3044304710827762,0.3064940283758231
394412,181,"Bremerton, WA",msa,WA,0.1888190397086193,0.19009051029623789,0.19049818053270562,0.19085343557039466,0.18943190602240564,0.18999060595647077,0.19049084145386674,0.19292187775784148,0.19289046955736194,0.1946457458529501,0.19415284496051974,0.19400241498819745,0.1928157439824573,0.1912132138474206,0.19462367793250018,0.1956611007763341,0.19885459827723415,0.197278291701492,0.19965501275719175,0.19967988817446672,0.20108766675877038,0.1996321605394339,0.20016299815368427,0.20122000112547556,0.20141194476236826,0.20313032621514196,0.2012360830140385,0.2020124300271385,0.20203540165295578,0.20450914611685303,0.2045167712016308,0.20463344876519912,0.2043177908068365,0.20534313599317566,0.2057583624290899,0.2055842237723714,0.2067431973041041,0.20719813483735106,0.2077047548325401,0.20726668580175683,0.20773390093456606,0.2078599045988413,0.20676904024569032,0.2062813852402326,0.20798694300071077,0.2108981184221596,0.21262706691372218,0.213250682603112,0.21318536382073652,0.21440943285371106,0.21577246384163684,0.2170550359496111,0.21757638122017786,0.21812928332273746,0.2200160589460433,0.22187460315307828,0.22266609603135482,0.22241815136420154,0.2229048594218396,0.2236516605699439,0.22427953418720203,0.2236749303385774,0.22286301472464953,0.21937251867444554,0.2153759445627693,0.2131000758595042,0.2124115656400751,0.21417619969402907,0.21650504706023863,0.21823225461266915,0.21977431550080478,0.22027227785794465,0.22053943840035203,0.22203610335146312,0.22446316891393547,0.2291128498401502,0.2327507722044711,0.23457359005581252,0.23618672137908597,0.23732745162281352,0.24056421490789565,0.24254232699086167,0.24454733484965596,0.2444243964735576,0.24328003807745466,0.24082574812216365,0.23889954247847872,0.23690978242037306,0.23582091318044499,0.2345968540492603,0.23311299734719088,0.2308108275354423,0.22845747619827206,0.2264831078480709,0.2245915950043978,0.22210076926425282,0.22025183911387622,0.21828107289352885,0.21683920216888505,0.21392171044170594,0.2131655095811926,0.21257800930829734,0.21259459310756249,0.2114136410175796,0.2107908707364375,0.21086081764494843,0.21029194735849052,0.2098591668398975,0.20874221615503463,0.20886073726287988,0.20874665785092794,0.2102447586038498,0.20976443756525417,0.20898709361356133,0.2075933010244849,0.20773890939577486,0.20803944881935188,0.20815149807468078,0.20840317886381426,0.20762639845918532,0.20886422030203486,0.20829517001692463,0.2080123916793463,0.20698860705546435,0.2064076661360256,0.2063839407194362,0.20664154061181156,0.20641366466455707,0.20592412544633687,0.20519265918355073,0.20455356251448803,0.20456698357851416,0.20370912221506018,0.20362551124347866
395103,182,"Sioux Falls, SD",msa,SD,,,,,,,,,,,,,0.1649327618526553,0.1648387868260905,0.1636822146677783,0.1634563993703419,0.1616600526461868,0.1617756332408695,0.16235663548579488,0.1640419284426415,0.1646900868554921,0.16461507894147814,0.16258952860881828,0.1611785867527147,0.16056769653874578,0.16184397512279902,0.1629548432379422,0.16314516268357984,0.16312433955582686,0.16325554541957069,0.16391599505391102,0.16286444821553744,0.16305762589887327,0.1627540887429217,0.1655484294426009,0.16540295772717076,0.1655945211055245,0.1648912344873876,0.16501503183772837,0.16544232762227928,0.16455187707273197,0.16477937305620818,0.1640499709544902,0.16434467212355666,0.16349025082349056,0.16366342380137744,0.16289065238459527,0.16220307125865033,0.16263066906486265,0.16298239190236724,0.1627222827138871,0.16249943971190253,0.16363424974243593,0.16369737356944924,0.16424971331794774,0.1645060825212575,0.16526166006651774,0.16561073294041698,0.16552086358483947,0.16600283572303734,0.16521910367776665,0.16445074328076073,0.16256161035247363,0.1614176743133394,0.15985395550148165,0.15980354320857434,0.15956735394192445,0.1591852596986625,0.15933146565155543,0.15950460257527502,0.16023027386680444,0.1596886854279541,0.1608555111387994,0.16087101182379535,0.16094367830700113,0.16124263409827352,0.16228175950290555,0.16335391148345754,0.16363395015256668,0.16473959005579436,0.1669863100118019,0.17027883443540015,0.17279163984343313,0.17420908626100587,0.1753421749177945,0.17617456858691927,0.17702136665535742,0.17795131122729607,0.17854355451981713,0.17995307782341338,0.1801624041094063,0.18172359230589058,0.18239481477535502,0.18338904887624388,0.18390723026331127,0.18330483640150502,0.18187826607049135,0.18158529121971517,0.1829013709781181,0.18336787881405436,0.1836934912197018,0.18233020351535587,0.18196976319203775,0.18061452628995683,0.1810896277447121,0.18049397896588384,0.18085654553763691,0.1810638064486815,0.1817319766482437,0.1811470545037041,0.18121606153732173,0.18070846225242818,0.18109429943588035,0.18106827135836503,0.18151830488574056,0.18098343917165388,0.18005801004201633,0.1805666721245722,0.1807353841296495,0.18112511954311789,0.17986936923999744,0.1795732832602381,0.1785451709618258,0.17829108610955471,0.1774742856044832,0.17750254264550588,0.17696359961519184,0.17738446720514386,0.1778393552587626,0.1777146802135405,0.1774750035966756,0.1770741923757666,0.17786779476352582,0.17838605390259216
395065,183,"Santa Cruz, CA",msa,CA,0.3249706124811254,0.3284309443606274,0.3325729017486963,0.3394124087299474,0.33284315082092275,0.32898469258761,0.33216232541236246,0.33762435836969196,0.33887270071370007,0.34301640273458817,0.3422350799469889,0.34502942429676553,0.3460939247870291,0.3550562139331903,0.3487423234160122,0.3496184804757203,0.34711828523312055,0.3532376697799341,0.3467340803105901,0.3425186385590009,0.3425482081962481,0.34498214538371264,0.34859423483002894,0.34629807003727775,0.34640787311855786,0.3393391578270259,0.3403276502508468,0.3377983196615158,0.34112100047351207,0.33767005748440115,0.3389921588128574,0.3378616441634232,0.34027030944168757,0.33933901937766714,0.3391365346947876,0.3408008179745802,0.3425936924107937,0.343747474533223,0.34450910545780666,0.34881337421973113,0.34752065253798664,0.34835954163789445,0.3466282952478744,0.3483050514482779,0.34593017083620736,0.34415018892069954,0.3434577895063262,0.34088521600049626,0.33837642117936595,0.3364739371470498,0.33517197642087015,0.33136827866227525,0.33014016648450734,0.33002761579875034,0.33182754765224587,0.3319562838212467,0.33371220527558887,0.33626537357302844,0.337611735233925,0.34038751454022254,0.34262106784637164,0.34574400222485546,0.3426900655582935,0.34093710518630715,0.3362922599977795,0.3339369340777672,0.330044392294909,0.3272290855327097,0.32875665057502973,0.3317272885997185,0.3345657748689469,0.33364658834975236,0.32867886456506623,0.32651747471099624,0.3288850436196436,0.3364790238948377,0.33923825745334446,0.33958281880530766,0.3380888867531305,0.34292260064485625,0.348508390950525,0.3529433611705955,0.35337737128613894,0.35555665601158587,0.3607005945356927,0.362246288619891,0.3642737973689057,0.36093964284160285,0.36325502239015367,0.363135264737885,0.3656725397382973,0.36643150527269147,0.3667764877983409,0.3694755189350534,0.3708427496905288,0.3681276936211728,0.36253156887005444,0.3604662355127357,0.36112199496444025,0.3615513910749042,0.3631511331701348,0.36444152385987366,0.36754614084168746,0.3662971254658339,0.36307654498504316,0.3594298615728342,0.35679982802587634,0.3574526243946286,0.3572502624924984,0.3595257543520229,0.3613328095411247,0.36250104242670694,0.361005301570387,0.36073204280541726,0.3606358969501209,0.3616894670458087,0.3635403424460596,0.3601571031938438,0.36064986702917873,0.35946821646200405,0.3631767736728558,0.36164326608287506,0.35851092336735263,0.35672526296398277,0.35555988003277705,0.3547341315372319,0.35261528556103755,0.35180421286220426,0.3517394921433972,0.3552787216625359,0.3557752755868548,0.3563616425795005,0.35412478732378777,0.3540845560554684
394572,184,"Erie, PA",msa,PA,,,,,,,,,,,,,,,,,0.15579137621700925,0.15710620732073516,0.1544448948979659,0.1572955708287684,0.15610244365103626,,0.15890826608056186,0.15841525874692958,0.15761892928383348,0.1569188773097849,0.15764203368075577,0.15893673630223557,0.16069138992264106,0.16170859072305144,0.16317634692981525,0.16218307437915871,0.16128574406912594,0.15907892108037344,0.15854365742406998,0.15846303519113672,0.15870773869398916,0.1586054100394858,0.15939512165072822,0.1612702831564513,0.16170082334674615,0.16119953807790546,0.15939484402666668,0.1592097156243714,0.1589235741427173,0.15985155131758788,0.1605079446578422,0.16157141996935084,0.16111336912192475,0.1612753332642048,0.16089084894931516,0.15935902679289532,0.15899599177320273,0.15888257165793943,0.16029576521490504,0.16056069830943207,0.16136604068438395,0.16091561951848823,0.16083318833510177,0.16043034046267923,0.16109797949388177,0.16113964376585402,0.16030418076403535,0.15749537744903003,0.15534716042019647,0.15352355235159157,0.15374786085409464,0.1524074207243031,0.15478753783498947,0.15603217830906538,0.15858005477801207,0.1556894962886194,0.15495469073002377,0.15309929171821682,0.15575566801142468,0.15740525248805695,0.16066983523531234,0.16164294525581677,0.16195863179010775,0.1629706779928045,0.16435521384691715,0.16652912548200832,0.16771099467315445,0.16917572550950216,0.16962604980043625,0.17119328225158592,0.17168183863838476,0.17362778619260721,0.17297168548610586,0.17330587105460785,0.1735744490574851,0.1742581899448169,0.1756471366936832,0.17577903124505737,0.17534584412790521,0.17683543785269376,0.17740070889987364,0.1819102048074471,0.18041171486737137,0.18081136276976906,0.17882175736521416,0.17951801720716148,0.1796257200871889,0.18012818415726012,0.17932360932870625,0.17955990849961945,0.17903409639325674,0.1801510315801952,0.18136412630801435,0.17967683615458505,0.18042956091335902,0.1802518420260978,0.18241885372420705,0.18260697513951282,0.1829390259143835,0.18310261850139004,0.18332764814268193,0.1829008965858447,0.18535710673220762,0.1841895659205881,0.1864635868291123,0.1862518297281851,0.18719315829535615,0.18752587235377394,0.1876065591760429,0.18786790751064458,0.1882842177636828,0.18841720416749025,0.18897862929300466,0.1896649596081915,0.18853045381579578,0.18886951813347364,0.186796803540999,0.18709305228959225
394924,185,"Norwich, CT",msa,CT,0.18368078679714053,0.18342575418690907,0.1822668305539494,0.18123444151502202,0.17853997207722339,0.17905205400499224,0.18109023164405413,0.18439290477152798,0.18432809625469904,0.18374219299479813,0.18399406734562068,0.1839335178176624,0.1849194729332597,0.1839882315567447,0.18274277320575288,0.1827394705100256,0.18389426108284457,0.18433107678678665,0.1826481207783712,0.18142168258355135,0.18216871617078662,0.18363089074946315,0.18436744958093568,0.18366281679308605,0.1837935036061555,0.18323519657364046,0.18498812383835142,0.18484737074022625,0.18726951221577087,0.18728531142865407,0.18843237273626495,0.18746576653627525,0.18838537831794505,0.18693827191670725,0.18640245032924146,0.18521492668659562,0.18548493118154208,0.18628140640819646,0.18610277290057195,0.18577125835545424,0.1851350229902439,0.18476923102545564,0.18504545518655396,0.18569097930894832,0.18575815786107572,0.18719827923365406,0.18628292067542448,0.18685382896703562,0.18556206898653305,0.18714119756285486,0.18730094918404883,0.18830930350569589,0.1882030770506706,0.18887061177579859,0.18890984635285196,0.18953762941717217,0.18928479614175744,0.18900137946143716,0.1903221476617289,0.19151236300452765,0.19335092958432837,0.19281260162433636,0.1907208433444817,0.187256708686501,0.18671675274341046,0.18721711316782358,0.1898923811413566,0.19070046880366406,0.19289489957630152,0.1956518568565608,0.19665226400153182,0.19740989477697424,0.19717054353243155,0.19795048433366938,0.20007222867863536,0.2021660544175504,0.2061003536417967,0.20738337136758472,0.20897051917532825,0.2104411656953022,0.21450751692905648,0.2170285849861672,0.21918809095543226,0.21923852045031653,0.21891670606915484,0.221564474566065,0.22300825388863801,0.22556865485268915,0.22407687978862462,0.22536680549280286,0.22572483063938556,0.22781100246461522,0.22778866330254877,0.2281241240911638,0.2273881852042899,0.22721037876359998,0.22866578444392885,0.22795533865103695,0.22878551507634376,0.23003862068981723,0.2310930423814831,0.23174231049073013,0.23020355817967222,0.23230264539268128,0.23360423904000688,0.23420425135352754,0.23519859026617157,0.235364291137826,0.23628902575439395,0.23719218525977173,0.237771674480576,0.23825134688073815,0.23979835679662673,0.24060974380014105,0.24106745876024774,0.2384619049220276,0.23778550369083926,0.2393649148564662,0.2414710783892147,0.24280406893257617,0.24159903567883367,0.24183027696225953,0.2413779271259195,0.24039893674618332,0.23944835284423077,0.23891030936667762,0.2398260906799615,0.24086671168025064,0.24153532408512685,0.24073990949829094,0.23941280769671286,0.23868429982207373,0.2389979217007696,0.23855741856820928
394323,186,"Amarillo, TX",msa,TX,,,,,,,,,,,,,,,,0.1934413059166466,0.19391666853521597,0.19275915357979137,0.19393812494785512,0.19313930775189897,0.19311695779699148,0.19344691051782562,0.19281089018390504,0.19203726834743265,0.19079032253434233,0.19116166550500288,0.1921308396560861,0.1928865217102419,0.19191277259621944,0.19188971835335525,0.19256205664530746,0.1933031173663775,0.1946441191651111,0.1934394339402129,0.19288269724901988,0.19306928856394964,0.19474394310184207,0.1959328407980091,0.19589056621650214,0.1961136397132072,0.1968702477685913,0.196967811406784,0.19691201160712266,0.19721604413322855,0.19678522523542433,0.1963768417808104,0.19600099844956764,0.19525296349071417,0.193823543971599,0.1935366887611659,0.192921990025092,0.19272891010894128,0.19270814166747702,0.19295931603830985,0.1925968037058673,0.19225451118836426,0.1921019469686167,0.19305511261769143,0.193825978761806,0.19465460028434123,0.19541719231022187,0.19513121377305304,0.19439653326856962,0.19273121047550296,0.19141344786138526,0.19259661544137363,0.19225456038177854,0.19311472822646208,0.19411321543436125,0.19686787225031652,0.1993129337309516,0.19682270757179537,0.1940696942594388,0.19396183796889374,0.1960891229936394,0.1974314404782688,0.1987343319855579,0.19715222913739663,0.19751466541899484,0.19772615347660363,0.20171135755203096,0.204620959654264,0.20615614541686084,0.20697137680052352,0.20774769779721622,0.20745018636928444,0.2066720454029154,0.20758556883629992,0.20846570987479116,0.21107987014182164,0.21127874752137965,0.21065768241259933,0.20863066718235454,0.208501800840216,0.20888133339912135,0.2079547919824223,0.20596781596819985,0.2057559395223728,0.20634054108299033,0.20620162207257248,0.20539546431323089,0.20315778279835825,0.20213767646593042,0.20180013279315293,0.20356648256246598,0.20317658007481454,0.2031465995413611,0.20248925627008638,0.20290200761435048,0.20088399253448788,0.1991148599766317,0.19836440094565355,0.19877868981108085,0.19969926206976266,0.2000420702130987,0.20035746562852394,0.2006825348634645,0.20082137079509196,0.2003849051293056,0.19880365516335574,0.19943273609455708,0.20010813692538254,0.20076100373718195,0.20070370571869317,0.200127984127061,0.19976435463576994,0.19973265712528118,0.19965273764824956,0.1992264338773692,0.19973591927391576,0.2004534235604624,0.20229923150532972,0.2021064932845613,0.2028098821311823
394772,187,"Laredo, TX",msa,TX,,,,,,,,,,,,,,,,,,,,,,,,,0.27762046841878807,0.2778842437746428,0.2806494083713537,0.28020120812563737,0.2760495406146058,0.274331328672969,0.27114023339161347,0.27132859046491264,0.26987514404742147,0.27100449680327177,0.2691796690588903,0.2637817532715329,0.2616962556747419,0.2605936173601412,0.2581314126756521,0.2539454938261375,0.25360894796789807,0.2524185914868633,0.25312578821255893,0.24960943185483825,0.24814999040205327,0.2434080512262261,0.24080919512442092,0.24005798570232467,0.23837182093975018,0.23776162520883212,0.2360454434340321,0.23564818059118975,0.23436301337113932,0.2326957281411316,0.23115312762552861,0.230627883824093,0.2299055094636135,0.23007744414784026,0.2299238363835931,0.23040701008387246,0.23041525122029666,0.22888632675438478,0.22932153225657873,0.22752589578074575,0.22613418977163144,0.22622252492067094,0.22595344174601467,0.22734772860618702,0.2287171253061318,0.23046672315376615,0.22837176716465302,0.2258101183882313,0.22482636517094773,0.22346158128303653,0.22411511934188866,0.22380554816139908,0.2261595463939432,0.22683197454185305,0.2292792058729021,0.23091270881715684,0.2341861403257706,0.2378548436424237,0.243473051503193,0.2456188647467924,0.24567890253309393,0.24930751188206643,0.2512500871553421,0.25307384067477756,0.25038472519278826,0.2498719112268889,0.2484991139246499,0.24701055013705037,0.2469682475040092,0.24764828422354873,0.24860380212442962,0.2493992193088777,0.2488039602609272,0.24490412131754039,0.24381833344000076,0.24523822737202286,0.24898959356487407,0.2511249575891925,0.25261542141871324,0.2545295946216796,0.2555049930777781,0.2562128634686537,0.25555674174661275,0.2575572485440166,0.2580007110483415,0.25932752266534276,,0.25307496154523185,0.25226047570444704,0.2531444129355935,0.25482052162404845,0.25586451651489817,0.2583305953430873,0.25920689690168996,0.25943352485788035,0.2569546635688352,0.25602705744918924,0.2574517921422406,0.26101920548443935,0.26175250535216643,0.26103953210376396,0.25946423833440013,0.25762427124369197,0.25605812735203903,0.25384260931225266,0.2527569669974055,0.252496611407325,0.25271971075117716,0.25249065628206396,0.2504630237984892
395171,188,"Tuscaloosa, AL",msa,AL,,,,,,,,,,,,,,,,,0.24597638010876538,0.2507008048332746,0.24678586659569052,0.24483810487610863,0.24868231687140074,0.25210959079464357,0.25120260163092517,0.24551971799630828,0.24728154152268497,0.24924479820598533,0.2489044768216609,0.2478901108262967,0.2471438849619546,0.24641623958972456,0.25378011149907287,0.2562256331439876,0.2593354435339947,0.2535077857118237,0.251710104037546,0.249351797878249,0.24842835935989643,0.24784082816754965,0.2464579553904516,0.24763318141990215,0.24728729935579713,0.24930034878113075,0.2471879547507131,0.24878913741489664,0.24855703659092052,0.25038505504820135,0.2508891105343349,0.24866699025208405,0.24820274800416148,0.2477706667400198,0.2496267497530459,0.2492034247112766,0.24943599555129692,0.24837544833897468,0.24807211133745932,0.2470461947036383,0.24694574493602792,0.24933757002850004,0.25167572934580457,0.2564359109667657,0.25838715854969474,0.25985288117067795,0.2530075262042422,0.25104015110220834,0.24810257044318368,0.2477917467239759,0.24745445312558198,0.24568295934904766,0.2479450414540094,0.2491734411247325,0.2532395826281738,0.25173067212273104,0.25006933341867693,0.24730777976370552,0.24678166949467986,0.24689511044964874,0.24741849029986923,0.2483114906826412,0.2483949131716109,0.2501169923858075,0.25302866932891255,0.25761518168328057,0.2621663624584017,0.2633009582993294,0.2636061676382568,0.26220590626949325,0.26475727513683506,0.2658580756269545,0.2671762963656322,0.2640952090869894,0.263945622266877,0.26378068011542133,0.2653124124263653,0.2647943213258222,0.26473468291829266,0.26417946019989386,0.264634639659333,0.2677218697109109,0.2683699110993705,0.2696288375233322,0.2687773775035461,0.27098739015429524,0.27040286609867625,0.2715631435808162,0.2698690647415283,0.27075965781477634,0.2695140913090445,0.2704858453578893,0.2715016710046807,0.27142643058419114,0.2727312163682041,0.2719212314042954,0.27226610253931843,0.27265974780723706,0.2746474188955062,0.2737203567690413,0.2730458052903764,0.26978750621444414,0.2698230818441223,0.2704213131934082,0.2708728955366162,0.27246845207724274,0.2714009975119677,0.27182916961482095,0.27230738857986025,0.2721957663891323,0.27163159657203745,0.2722965700297806,0.2737396991270167,0.27620894866973694,0.2770474366182651,0.2763095466691342,0.2760626602440761,0.2749613156571918
394483,189,"College Station, TX",msa,TX,0.282103476706814,0.2828025636748317,0.2848683616559071,0.289137442270858,0.2903148686911898,0.292007570336371,0.2930393244828925,0.29749948617811706,0.29522500392810985,0.29485605439567153,0.2930221826245192,0.2957384388462535,0.2962690904370856,0.2949522500979031,0.2931993618943004,0.29132984973304665,0.2911761876035602,0.29278534262682104,0.2941732498674153,0.2980012781437933,0.29548980267037583,0.2944095951896551,0.29205733244913473,0.29564938606365926,0.29841888654714277,0.29928447365382643,0.2989404992527109,0.2984594186010291,0.29888225749213443,0.29758008508922,0.2943151571528942,0.2885220140076569,0.2874476301894854,0.2866612309388664,0.28708806864487674,0.2822700654449197,0.27905563852092236,0.2770940690810818,0.2757274170013024,0.2742823656442651,0.27162730013823916,0.26826428829699084,0.26608504904140334,0.26275839558828334,0.26276640738126605,0.2629837716595957,0.2615201667555427,0.2615032592043523,0.2593456705562087,0.2606396844636976,0.25999480602809655,0.25931593400033803,0.25899500722100116,0.2601163076061993,0.2613057228407451,0.263939535682928,0.2638836370082746,0.26331014910589523,0.2637781459395422,0.2647750195724673,0.2669762812247844,0.26606656881997154,0.26800907366770105,0.2661236152408325,0.2656641654363649,0.264966097351102,0.26504278026058997,0.26590205480025425,0.2688390272737319,0.27252711806701513,0.2745637641055248,0.27354126436675075,0.27223654894895494,0.27121543223157946,0.2710656204974866,0.272027776116004,0.2722468498739894,0.27403787892604925,0.2757540695742,0.27885349397572967,0.28266808021162804,0.28836383853511666,0.29193383047091725,0.2932539359443159,0.29231117634111164,0.2928004171539113,0.2955271913303242,0.2979546081196124,0.3002337952830588,0.3006627348444487,0.30170012864695367,0.30068613508092706,0.30080297519979504,0.2992970602476318,0.29963634196589617,0.29897592556334573,0.29802507778248444,0.2977996944896176,0.2976151861255033,0.29893480926392185,0.298944869907542,0.2982160485610288,0.29627902731927414,0.29445684859257726,0.29286229030000244,0.29216281160992635,0.2931893981579027,0.2950803188753537,0.2963399037647569,0.2967173080575281,0.2961490840720566,0.29605505441282226,0.29699740213657205,0.2962664352626322,0.2973183902212659,0.29621761208039593,0.2962127935400543,0.2957274155087717,0.2958023104268723,0.2949563136972256,0.29579559542174305,0.2961310581921332,0.2964553870147303,0.2956748293964638,0.2947279965312567,0.2955807123626515,0.2954738140722425,0.29717532624687576,0.2979429213329062,0.298860403914156,0.29809746653164854,0.29745905335110434,0.2962941925785022,0.29575358214725705
394732,190,"Kalamazoo, MI",msa,MI,0.19068531990848983,0.19138989298139275,0.19069053175616044,0.18979164661076545,0.18767194459961936,0.18518652767279764,0.18553705041948426,0.18646900906078945,0.18717009490860176,0.1862099089092238,0.18511061132467646,0.18237456456205298,0.18228316843952902,0.18236395765571414,0.18293947801141874,0.18208511183591297,0.18190313332345895,0.1835132323605214,0.18414780339420894,0.18454143094989603,0.1844816196072699,0.18395666345457393,0.1821615345121777,0.18346671139002896,0.18394208163781275,0.1856515203409541,0.1857609489963855,0.18671327730594175,0.18733486745772399,0.1878734216894251,0.18768452928961052,0.1873107481031685,0.186889612997209,0.1871146142130496,0.18950790146103869,0.19017951554472587,0.19199968054314448,0.19101432887561723,0.19089716896845482,0.1923176597333354,0.19398825253002228,0.19444932618680807,0.19432607700864504,0.19387386998943326,0.19411270104871434,0.19486963700350077,0.1956721490342934,0.19400968584647377,0.19347568319604636,0.1935287498397491,0.19368563548778714,0.1925873076659127,0.19152314509269627,0.1916601946978753,0.19282349199298238,0.1944890884468645,0.19645186284902952,0.19797317319953645,0.19872424756611545,0.20180705889563685,0.20368523647126457,0.20577107678171283,0.20092769442303335,0.19736664331862594,0.19477593934433926,0.194208426562375,0.19339792224654984,0.19219310786573007,0.1915875347644586,0.19196517689221856,0.1912725200670499,0.19176919823144514,0.19099389530658198,0.19189674451851116,0.19258389662330508,0.1942696867291879,0.19520325304307387,0.19415278868247055,0.19451100920718084,0.19654321565035437,0.20027726395975168,0.20375315244774003,0.20660600766598564,0.20826654042867482,0.20958829446690266,0.20937743309919143,0.20994560719128308,0.21045093738444415,0.2118144214744878,0.21284971674137407,0.2127743747975705,0.21223458453353986,0.21385661347394191,0.2138763204071304,0.21521375850924138,0.2132077104129576,0.21277308983080928,0.21182069204142023,0.2125207039538412,0.21293153883765023,0.21271501411694008,0.21237668084858735,0.21199041144828565,0.2113101399054745,0.2101353643831547,0.21070476339310235,0.21097452736150915,0.21132167453832584,0.21119967580401744,0.2115311730243146,0.21269073381949366,0.21276444000894704,0.2134249226428743,0.2135233181421643,0.21362912942159715,0.2139754910694259,0.21436154414257824,0.2157921999565425,0.2162633700284773,0.21708632633157943,0.21761923686674625,0.21777974730621008,0.21664241343880733,0.21636460012565223,0.21579525037451497,0.2159406482335592,0.21626415086459666,0.21658358779816317,0.217003262742458,0.2161170991079097,0.21576775102847393,0.21551173316839445,0.21530591992906045,0.21525828689639892
394811,191,"Lynchburg, VA",msa,VA,0.19357780076751135,0.1941360760535057,0.19456632011489788,0.19526987004991417,0.19563392077052114,0.19573807155963546,0.19699419396686452,0.19678893587164223,0.19680233743209136,0.19606872391870508,0.19701636882959633,0.19661039110710196,0.19765307412651656,0.1974959232934037,0.19655997787650933,0.19390587063284373,0.19265741784951335,0.1939791698993581,0.1943270919431466,0.19481893639627,0.19500400521923253,0.19618946141520757,0.1958982673526322,0.19615122341288366,0.1947823491814387,0.1947975353462778,0.19523258750696126,0.19678081967142458,0.1978458875381281,0.19723433801676235,0.1975405709899213,0.19726917353690301,0.1968449722449755,0.19558279325068112,0.1958678658128287,0.1950251259232066,0.19380514557349784,0.19175781827379254,0.1911527365066522,0.1910998584721386,0.19115170154613426,0.19049042929822957,0.1894522879762035,0.18864534910926115,0.18825352638055995,0.1884978763717494,0.1879755570113226,0.1879588509521701,0.1883689094862575,0.18929788961848257,0.18929651209482704,0.18864931357758338,0.18793564311035482,0.1881125665303453,0.18835434713103041,0.1887319027885031,0.18922293093081258,0.1894860302423113,0.18983736897630213,0.1900525143635871,0.19032370737366608,0.1902110415739005,0.1892311271001343,0.1882310814187868,0.18808219247589056,0.1882195780698465,0.18923677505563394,0.18977049305849913,0.19325342498093606,0.19464690218429725,0.19604833654463558,0.1928969779397667,0.1922207254154396,0.1925848911795415,0.19534074517364033,0.19675606372587504,0.1969423010986199,0.19824452711358692,0.20051001891822362,0.20038866268739683,0.204039130451373,0.20780526544951505,0.21498391454393104,0.21568215405373178,0.2163705059775399,0.21603818685172474,0.21906049827794738,0.21996594239779918,0.2234277616631583,0.22219749265983268,0.22189780636254036,0.22565143740340904,0.22651172906144718,0.2287864554168982,0.22584034430867211,0.23068753193335345,0.23070227191593543,0.22889355134201617,0.22523029708654957,0.22713752697206457,0.2287114188683273,0.23024123895705778,0.23064593676668915,0.22899519454078432,0.22950711678357416,0.22905762523587908,0.22983624201543235,0.2287670736391792,0.2304057165163376,0.23370468851388582,0.23649299746727,0.23445565375694807,0.2340479095988439,0.23361457444236353,0.23499760935612812,0.23479346633953327,0.2345447205353827,0.23331690251347273,0.23470655982779678,0.23485455740552386,0.23474238827513755,0.233770345098571,0.23347619769890884,0.2344381380255159,0.23384570535177351,0.23428934876042348,0.233654697686956,0.23430066044170203,0.23421938388964772,0.23492977372712462,0.2339421804994706,0.23336091299025394,0.23274095989467655,0.23230083465841567
394455,192,"Charleston, WV",msa,WV,,,,,,,,,,,,,,,,,,,,,,,,0.2048682831280923,0.2066093093797738,0.20416521184135092,0.20560374446249968,0.20462925859578304,0.20891244122367417,0.20766488786092932,0.20869981741824578,0.20763284486304398,0.20889590147086595,0.20845577694658007,0.2068050373213487,0.2055864264334273,,0.20645409208699295,0.20640760922190501,0.20815447879095364,0.20673759107691547,0.2075483340940197,0.205586862089587,0.2061797037620165,0.20352988414780307,0.20324314167350616,0.2040332815274072,0.2050810649188474,0.20448543758740365,0.20231638557632395,0.2012554892925947,0.2004464878642659,0.19988967843606384,0.19909922377212094,0.19883961194316485,0.19839428339836243,0.19961934962550013,0.1997541536698382,0.19892528759056172,0.19853540715491946,0.1992961313832079,0.2000186641044112,0.196100887432128,0.19122530622892092,0.18854088777713562,0.18608633031500493,0.18503809481798503,0.1838310158315424,0.18549267328121832,0.187348070892489,0.19054502610732726,0.18989970890797997,0.18870343631029673,0.1878748833401555,0.18819234736415982,0.18837467890514017,0.18629149385023194,0.18709711840370305,0.18737642240502733,0.18949041253564508,0.18780885127803112,0.18919285769749708,0.1895679550002299,0.19053243421552207,0.18997960441252001,0.18850061069864624,0.18753303443160227,0.18727901894764803,0.18846616472570846,0.187892077340317,0.18666578837651016,0.18357766170800563,0.18516310857347407,0.18552578322588975,0.18633605734472605,0.18396352447873882,0.18282827944159977,0.1838886366729715,0.18505130383535776,0.185491602925988,0.184068513955832,0.18285123627624303,0.1818677432776173,0.1832799339881839,0.18453296463949376,0.18408771233085403,0.1827758752932977,0.18199816526317814,0.18171090768919734,0.1806902220194042,0.181733442675975,0.18181314703021054,0.1817009037105684,0.179787134912966,0.17935902005232943,0.1795188329104631,0.1795816311364262,0.17993449393563526,0.1806585187691975,0.18143706232259527,0.18236025958514399,0.18327255249581112,0.18204558592264058,0.18168337560605446,0.18219033825185738,0.18461392039717714,0.1860610476588504,0.1862554512696164,0.18601266882869164,0.18654147540780633,0.187127658898963,0.18788469057182172,0.18831963383662645,0.18876523656319252
395240,193,"Yakima, WA",msa,WA,,,,,,,,,,,,,,,,,,,,,,,,,,,,,,,,,,,,,,,,,,,,,,,,,,,,,,,,,,,,,,,,,,,,,,,,,,,,,,,,,,,,,0.20130168557694939,0.20558129190854682,0.20816402142493198,0.20882945225580082,0.20279852109262492,0.19921663670738382,0.19921329005260416,0.20177019190432147,0.20168340518807495,0.200599480696537,0.1985835740321765,0.20006844598091,0.20052662683082892,0.1976698310658055,0.19498902258264095,0.19230791389308666,0.19518253794396576,0.19557193177478835,0.19553424030177818,0.19317933263734638,0.1949110238962149,0.19385810209990398,0.19515053094958842,0.19239215397238763,0.19334931629843694,0.19303084166520432,0.19351006500119558,0.19395012847051102,0.19326514382239368,0.19418760393937817,0.19296386279744548,0.19234828972716864,0.1912703409515874,0.19148566316504725,0.19178983938140448,0.19187882173791254,0.19114500122119282,0.1912192157816645,0.19091484783448592,0.19080322590401538,0.19020729189956312,0.18955426360573774,0.19013346600241732,0.1908739120937957,0.19076225655664683,0.19107604914531703,0.19051009726283266,0.19126146422994345,0.1915286053264757,0.19217597870307238
394585,194,"Fargo, ND",msa,ND,,,,,,,,,,,,,,,,,0.16782655355036538,0.16526749069842012,0.16407563839258218,0.16174511266171684,0.16109031064615476,0.16045138840030496,0.15975218984470724,0.1590225220883193,0.1583119702761663,0.15917689595899542,0.1581223631924105,0.15732607406647336,0.1548257054929053,0.15497002542993263,0.1538992453268257,0.1551186723639683,0.1555121246588871,0.15869087993786402,0.15920238150814184,0.15850884484389535,0.15705156853796667,0.15639571751749054,0.15633818498535787,0.15546084506431776,0.15631641465950522,0.1561624205143977,0.1558882892954163,0.15503822764385444,0.15486951063251345,0.15456995162877787,0.15342654291215832,0.1529937511033136,0.15333689349075943,0.15461310367359843,0.15466360470193644,0.15543031915673722,0.15581358470766687,0.15651476937525824,0.15776569287735998,0.15862178112216171,0.1592858232090497,0.1588340333083468,0.16031056079926562,0.16188598494030257,0.16328122086244862,0.16320519524532162,0.16000437099241024,0.1586780530249972,0.1573865697123491,0.1572949699513289,0.15800560045168205,0.15848170080048488,0.15934165046269066,0.1599080503052441,0.1589999457573376,0.15814154944274275,0.15877509373000165,0.15966634332345103,0.15944048622490786,0.1582853537105846,0.15803568754134123,0.1584694719604966,0.15767840215096876,0.1576341482776754,0.1588862630452513,0.16251260662230665,0.16564242591147776,0.1649578407561179,0.1637662438147984,0.16289250590383203,0.1645502028322781,0.1656790363945655,0.16613590952401602,0.16441749809295353,0.16283708863554078,0.16160317298446844,0.16145529094614,0.16050877046358,0.16018094544192307,0.16138424056784878,0.1624711351581603,0.16347177085730524,0.1627514511295417,0.16286224852599335,0.16264982193022856,0.1634450953134981,0.16412853437837527,0.16505176387670648,0.1653492701993549,0.16506164172556012,0.16537598584652294,0.16570549955139305,0.16661261767345206,0.16591679976457333,0.16646030231640416,0.16552209219910163,0.16588117911385666,0.16535486078341655,0.16521764635969916,0.1642991956310954,0.1643065331744973,0.1654014132641226,0.16584187958653857,0.1652914426895073,0.1627541302604832,0.1626743886348794,0.16227713263855853,0.16263447569470477,0.1622954110585601,0.16251906806744582,0.16251631614999199,0.16286813670900846,0.1625857062220316,0.1618667461298176,0.16128441005936986,0.1613028754186644,0.1628834215566603,0.1634438910690521
394387,195,"Binghamton, NY",msa,NY,,,,,,,,,,,,,,,,,,,,,,,,,,,,,,,,,,,,,0.14792812026497196,0.15013474028111132,0.15327329956483757,0.1499946372932305,0.14950702898112472,0.15027364299502866,0.15445159622286755,0.15620914455555684,0.15498570655728508,0.15493884068747096,0.1553257249534519,0.15548329759839252,0.15283816004322484,0.15326956347603304,0.15176391101173306,0.15554054633525666,0.1573740245157162,0.1587530530641688,0.1564017159397306,0.15625080642823502,0.15711707397820723,0.15783714892907325,0.1585307911819734,0.1611879359433289,0.1648495619950154,0.16537269674035177,0.16443653785425352,0.1621700276227077,0.159807944255102,0.15848267392367482,0.1603681746373703,0.16231812281466126,0.16533245122220389,0.16764888749243467,0.17219342523300674,0.1704479040998221,0.16935617941601666,0.16752130043218613,0.17157900990277744,0.1722715028726992,0.175176206447185,0.17533313367317696,0.1755182667263931,0.17609335464216663,0.1794658404574468,0.18263119773876052,0.18233529935707457,0.1795898776700417,0.17976315444760904,0.18098471077662676,0.18155413025742684,0.18513179748866634,0.18653408718194597,0.18847870219202384,0.18468615921865197,0.1838359982255621,0.18219388247757537,0.18473329671681155,0.18553408169657537,0.18819711697656402,0.19111558422012725,0.19509597071228937,0.19388713189459997,0.1906107544256945,0.1864608415525071,0.18726095952932703,0.190959967859537,0.19479496775348148,0.1975107590636978,0.19639903184359045,0.1981877924614043,0.20055994057364854,0.20130350440876943,0.19901920000924722,0.20067804494544156,0.2054050181400766,0.20896127163626071,0.20837994173646826,0.20768087974386948,0.2072790506650444,0.20810173261218948,0.2069766100682273,0.208015913855576,0.20868275288378668,0.20974460787242735,0.2098803263286289,0.21072404191160984,0.2095377765496314,0.2102317472100205,0.21163285013854707,0.21288310854470718,0.21326554352144464,0.21358500119915377,0.21647803016932035,0.2167733041884861,0.21671807666222592,0.21726492213227735,0.21985363418775197
394609,196,"Fort Smith, AR",msa,AR,,,,0.17957144566813113,0.17993647233561844,0.1792926275611562,0.18154327772497833,0.1810383646171619,0.18245969105744478,0.17954023716599465,0.17906373918191174,0.17718018749289535,0.17762514869141716,0.17858623429773868,0.17939802631153093,0.18054413261247457,0.17922628234519783,0.17892711286716395,0.1783685693926022,0.1785658890903885,0.17716624639803738,0.17614444105484534,0.1758306568053511,0.17803646832214465,0.17862927528701014,0.17910767465340616,0.17669482347141097,0.17499779660909717,0.1749156693832636,0.17590033158153273,0.1758097644616738,0.17548360400689783,0.17540803783824588,0.17639398771262213,0.17628268868059457,0.1759510196682107,0.17556014802299902,0.17424158549863167,0.1735276978734964,0.17327849902093742,0.1748916923034845,0.17494883243612125,0.17454675730949462,0.172664072301885,0.17234408746600188,0.1719644807037132,0.17189819006846072,0.1702455978578232,0.16944728559248196,0.16828699348433995,0.16894072049374198,0.168889712152084,0.1673141536359912,0.16668763468336395,0.16696305326011812,0.16839723639267717,0.16888058876555453,0.1690348648011728,0.16936478325194046,0.17091866840492387,0.17222499576054995,0.17400222680610422,0.17090040555159575,0.16877558463032016,0.167112935641188,0.16749486071491096,0.16857549498427862,0.17005725094197632,0.1720802859225216,0.1748203988723032,0.17731253584854076,0.17691920448656068,0.17671301717554486,0.1761236254924661,0.1791469779054792,0.18101737473155943,0.18289929287186038,0.18283445468505485,0.18333769225925306,0.18465376884821688,0.1867121885926413,0.1888111381408616,0.189543106730214,0.19056707140622153,0.19194990664241407,0.19396203533936243,0.19306933132165865,0.19304773966371735,0.19207057359221463,0.19270392427307953,0.19282367083153623,0.19129599220532523,0.19164563333015808,0.19128483886432512,0.19400457853274158,0.19503855692337332,0.19501276814648888,0.19387344632418216,0.19184803671647294,0.1915745916744669,0.19175904298261262,0.19115675910991556,0.18989263033655107,0.18973508591733687,0.19024448362181914,0.19144403855888817,0.1901981442096101,0.18963239081148714,0.18855066666871842,0.18892403785453393,0.1899985915694631,0.19029402019071912,0.1912292723159267,0.19119152131590322,0.1907186730489834,0.18949072490732785,0.18823908357521243,0.18789144177684872,0.18773700048137057,0.18634179588391953,0.18656371671203192,0.18658604994756597,0.18637239644607298,0.18577808021842576,0.1846891291587706,0.18444377656675856,0.18489083678215892,0.18570568754887454,0.18630536612512033,0.18612428457450686,0.18633446267728174,0.18717331228022185,0.18756460510893777,0.18768295427803958
394334,197,"Appleton, WI",msa,WI,,,,,,,,,,,,,,,,,,,,,,,,,,,,,,,,,,,,,,,,,,,,,,,,,,,,,,,,,,,,,,,,,,,,,,,,,,,,,,,,,,,,,0.14967522679577175,0.14930119426754304,0.15126826131084312,0.15102817884463268,0.1501799484849682,0.1490343137763224,0.14958261134177334,0.14964269351738993,0.15138342067442848,0.15170375838370123,0.15390200762412304,0.1537309556982684,0.1530771484826327,0.15228520549871802,0.1534130858147412,0.15473905272646085,0.15468400508394456,0.15428684563056372,0.1552746517231533,0.15670469321267474,0.1586231649340435,0.15837794002042224,0.15859648538850032,0.15854145545821446,0.15956221754952518,0.16054209159049476,0.1601759628808152,0.16076782092540862,0.16060858112165585,0.16167739121800032,0.16201445926496125,0.16259189500074128,0.1633936997690568,0.16448739155567946,0.16547324542922223,0.16557501904677416,0.16637701510088646,0.16717196913431617,0.16757181588470071,0.16738761467168792,0.16850645044087906,0.16909188381247006,0.1693014493965722,0.16928826224146212,0.16869497403167105,0.16916818939364428,0.1690497632695946,0.17016352697652812,0.17007186950525824,0.1700187306814599
845160,198,"Prescott Valley, AZ",msa,AZ,0.2456082641190285,0.24528772790255157,0.24415983071302033,0.24289187854640856,0.24171871441873735,0.24326557568750956,0.2450323242596856,0.2473867417246474,0.24705406837298127,0.2482992496614505,0.24611454782118417,0.24611421494353597,0.24656639644816622,0.24779419148587184,0.24892207333397462,0.24910313228740136,0.24961486386658058,0.2501509570567739,0.2493615762261551,0.2506159251771521,0.25152918836649657,0.25460799333086703,0.2566166743045305,0.25951463560241766,0.2610689411583705,0.2608961958932489,0.260272413977532,0.26223405475296024,0.26465321805260705,0.2658226066775619,0.26652020679823996,0.26767129806033163,0.269958117684857,0.27010778173857064,0.27296752840168664,0.2730890452390107,0.27373547370086543,0.2739809248195975,0.27584658037848064,0.2766073937542849,0.27700146762548095,0.2767922265908308,0.27937975314013813,0.2795849926881669,0.27996930551297444,0.2797706553064534,0.27768676851760227,0.27639913235793995,0.2751519919201989,0.27699044437320564,0.27694446627976427,0.2766794058112592,0.27639783192895134,0.2770055054295088,0.27602697386957264,0.27636783790274183,0.27738482327131886,0.2796046339043085,0.2822772533937423,0.28512625490704785,0.2879392162702252,0.28843596751603123,0.28468319687066546,0.2779011296382868,0.27353917263281446,0.2723065715840956,0.2736620843207487,0.274634441876889,0.2766538936123115,0.27924942581497203,0.28325639674413217,0.28290516964637014,0.2834601138020635,0.2861708785867641,0.29315124043595703,0.30007486402058153,0.3033361774790031,0.3045672485569589,0.3073679494618312,0.309388839068943,0.31707248890900225,0.3235335424523781,0.3301200746323287,0.3311551732442719,0.33083618423352973,0.32805106477086343,0.32830205762051634,0.3311239670411129,0.33608203396454994,0.3374813959308648,0.33392659622392795,0.33188506617589386,0.32771303468146373,0.324659225260365,0.3209186829337691,0.3190232780822202,0.3171712868353467,0.31606305405174207,0.3131808681464636,0.3112629617718749,0.3079022184180117,0.3051238050120809,0.3032211009684744,0.3013472069055429,0.30035574298518675,0.3003310352939548,0.2987549041194646,0.29796710424011774,0.29543012150351844,0.2957441687165506,0.29538918829602484,0.2933430527711223,0.2907465221308111,0.2865614261705508,0.285527373390572,0.2850041946940364,0.28653590787879624,0.2860964161497628,0.2849309777744539,0.2838099293948997,0.2847001329803159,0.28483295192826064,0.28417794987878847,0.2837115460066856,0.28395752740161145,0.28581905641344935,0.2856982531662576,0.28492107816419154,0.28306104694968764,0.28210324751274296,0.2823147207661236,0.2814959726261665,0.2802634495560186,0.27821571768682757
395161,199,"Topeka, KS",msa,KS,0.14983413662540473,0.14852253525187786,0.14852723218250258,0.14952561674923365,0.149659206596555,0.15035683638969632,0.14996765554902047,0.1485334572345744,0.14819030939254554,0.14820432232238967,0.149787781048394,0.14970737937340492,0.15006047311947257,0.15008757095895142,0.149658099862014,0.1500796812044816,0.14996472643749065,0.15110545469605893,0.15091165785683924,0.152477119043771,0.1529011281702799,0.1537904530117614,0.15226828571264503,0.15122940134243673,0.14933660717719902,0.14964061241249454,0.15014154647393613,0.15055618890352396,0.15052515994584686,0.15017919645233588,0.15091845980988328,0.15107915671609765,0.15062540348173475,0.14971540064973837,0.14978633608362513,0.151724894945512,0.15330507793806294,0.15276730726668875,0.1515918557847948,0.1508189627900503,0.15075904660168102,0.15106218355567747,0.15150701127454963,0.15191895069930356,0.1513748755854231,0.15218391918755786,0.15307572381335127,0.1546298643205727,0.15496771399386455,0.1548532622270373,0.15629083257062454,0.15725846198910146,0.1580710305420295,0.1587034642420248,0.15905531974824041,0.15941777704221102,0.16109156426304025,0.161848585115741,0.16254053907525584,0.16191764730280192,0.16265357693104376,0.1641144649091787,0.16369835639638233,0.16120629946189866,0.15908952364048584,0.15802745112695224,0.15909748022951606,0.15958447237230314,0.15871102184029168,0.16006219627963597,0.1606499914247286,0.16420232297118256,0.16326474067508415,0.16365255442145782,0.16332333923203893,0.16622988476974979,0.16892145000923509,0.17012954584197953,0.17079266317267694,0.17282500495510392,0.17527426767624993,0.17754140680788336,0.1791320780559245,0.18025412242545685,0.18046354009293003,0.18222140128614184,0.18374151958454485,0.18497641754911862,0.1824778439908606,0.1817016349558514,0.1805714924062574,0.1809759627532586,0.18011437811765033,0.18035903401300782,0.17997957944322074,0.17941723252837713,0.1798538639022599,0.1784015913075802,0.17927515153436266,0.17845851741228583,0.18042176672786242,0.18022126735318117,0.17980847274830908,0.17750623733582055,0.17671640006156356,0.1748941156465019,0.17593349552426005,0.17408466688655583,0.17335612745631462,0.17204351536672344,0.17003489807502398,0.16897731671452804,0.16788866177458314,0.1689241190249675,0.16936703728594693,0.1699952714699411,0.16992919494785313,0.16984430476599818,0.16769594020568096,0.1670757848055237,0.16688269359541194,0.16883655657910873,0.1694474663917024,0.17001136367037015,0.17004994343670324,0.16922162151470463,0.16904123743418814,0.1692049737764377,0.1694096960288064,0.16992438371498222,0.17084596050547676,0.17203883032814016,0.17286500414689915,0.17261959884557537
394813,200,"Macon, GA",msa,GA,,,,,,,,,,,,,,,,,0.21167342701183736,0.20988790527187046,0.2093093966624336,0.20971265381068627,0.2094428629583654,0.20774641380626754,0.20773650540006594,0.2116499260189191,0.214689304777321,0.2119816816918541,0.20991857491579735,0.20813015347788524,0.21044310503064523,0.21155626417083817,0.2109947023401328,0.21043036157244402,0.21140172507257796,0.211441568248674,0.21350154644695366,0.20945646166615167,0.21030815262199512,0.20902738961440387,0.20756430912083979,0.2061360633418944,0.20428271016979332,0.20393489980742313,0.20394768889526743,0.2048325524159795,0.2072649267052548,0.20958446827530783,0.209480053557151,0.20891371915465606,0.20624673991265793,0.20438886200686784,0.2054026052088302,0.20588902375898513,0.2066866396059131,0.20649707443849813,0.20666045288913118,0.20591955301146217,0.20397883146181378,0.20291206023319983,0.202504139099915,0.20444690952088054,0.20598669880217865,0.2084477621799214,0.2085154741438779,0.20722745707754628,0.2023862023962658,0.2005388174427409,0.20187554151502674,0.20627351625372847,0.21033576768697687,0.2115225097499556,0.213550168052977,0.21334702516299314,0.21546436165250332,0.21470311779297052,0.21552926991502175,0.21804738442857763,0.22439208870403274,0.2295058549859943,0.23019036511428745,0.23020595104355993,0.23595464056383195,0.2409653039795536,0.24213243146654603,0.23768047834487066,0.23566294268773189,0.23638620429913984,0.23536117175912225,0.2343121096475658,0.2332762948191994,0.23257798562637375,0.23275877068877235,0.23014735999787908,0.22859708753910563,0.2282434280504916,0.2307957109052002,0.23470413908223467,0.2353906748989252,0.2370060357766967,0.2394000661905492,0.24344868049200796,0.24401504725444956,0.2421146384960205,0.24217924464346738,0.2431910691846494,0.2443935822937571,0.24513845773715096,0.24444057091990862,0.2447188468450096,0.24495779114668234,0.24656892108520864,0.2452259885007254,0.24436585633427352,0.24497371607765336,0.24814890708504617,0.24966978593943104,0.2506592556103088,0.24985115726980406,0.2496196124594311,0.2486468690830873,0.24809621475020244,0.24795632684431215,0.24788889661681673,0.24823833603808923,0.24734373554666586,0.24690418695806854,0.24587544496247982,0.2451495896905008,0.24490452188618836,0.24552117202177776,0.24564929267562077,0.24644730284749952,0.2461882062389471,0.24624783652972335,0.24533924992298226
395174,201,"Tyler, TX",msa,TX,,,,,,,,,,,,,,,,,0.21400563333596914,0.21364582047791808,0.21524033778078705,0.21592958449893043,0.2154164649809557,0.21590356446012754,0.2156065512630666,0.21410997056623654,0.2124692576502548,0.21217749132968416,0.2138720787176981,0.2143081975320586,0.2134493598907904,0.21265165212316017,0.21137088232703166,0.21079323340882952,0.20986310430296115,0.20958727453663395,0.2086845218011584,0.20848067369083145,0.20833734592026232,0.20815995542934929,0.20717833785440892,0.2072437540998035,0.2073049666320903,0.20708986976415875,0.20641658729939288,0.20597205763993576,0.20594096516851088,0.2051336396101493,0.20465323664497354,0.2050709882572784,0.20501966801199625,0.20462992894524898,0.20434710729600067,0.2040330835387989,0.20389260201199136,0.20388858126892512,0.20412673240253762,0.2040517166023258,0.20412359715019776,0.20433920121425142,0.20478427377635353,0.2049029948548613,0.20545375582552075,0.20587729345203856,0.20481521066046038,0.20252225852037117,0.19961317732264555,0.19825443476336196,0.19702024548661,0.19743728708166727,0.19841528712206297,0.20024546081124517,0.20089294936505697,0.2007736066747355,0.20053021308213653,0.19891297356475351,0.20093819072152352,0.2041563067711188,0.2086615706535568,0.2104689759143101,0.21206340559001924,0.2119721650792303,0.21409636449305586,0.21862145295530247,0.22310430205615392,0.2253322409231571,0.22377716294509212,0.22360599198913006,0.2222075582733318,0.22036011101136907,0.21867261835315277,0.21772573737118986,0.2179467544284822,0.2186218562452922,0.22090734982895302,0.22051067319628795,0.22140766263408002,0.21940247922100434,0.21981465155690083,0.21900879229740203,0.2185598469507312,0.21824393921455165,0.21680781724287454,0.21662110018447156,0.21559209070790333,0.21549393421970076,0.2125176811896465,0.21010046625235376,0.2065482438195312,0.20644439850732277,0.2062672651540736,0.2068411735652745,0.20697439772957904,0.2062557753297977,0.20630344993489977,0.20551070549124326,0.20506257318089888,0.20441374300838733,0.2040897820271501,0.20445033994910897,0.20544189029516716,0.20553680644768174,0.20502154350381577,0.20363233926858698,0.20290586454484236,0.2026935697470808,0.20232036724369065,0.20202979926599152,0.20163282508655095,0.20091876575556525,0.20112675920272877,0.2009898724231731,0.20058884778727376,0.19962460143756539,0.19893185432151994,0.1986951269104007
394361,202,"Barnstable Town, MA",msa,MA,,,,,,,,,,,,,,,,,,,,,,,,,,,,,,,,,,,,,,,,,,,,,,,,,,,0.24609263670745143,0.2455012430039241,0.2414576948031487,0.2368553158687687,0.24528405666746772,0.2525505660043447,0.25476977294314374,0.2582073966834094,0.2585483590161238,0.2703772404836916,0.2741080127895999,0.2826118179453723,0.26130742162472875,0.25874275784470396,0.2527194234732572,0.2523428055662119,0.252027083447632,0.2582345402063186,0.2661241880678724,0.2663890546280874,0.2667495131936368,0.2642844712634892,0.26438096137640577,,0.2659573524739929,0.2739081462195236,0.2806658314477747,0.28812639906078114,0.2870828427427194,0.28450202436137834,0.28484909488955296,0.28759722589480724,0.29343757475893223,0.290443532767487,0.290763801651271,0.28843857082251767,0.2996133692477521,0.29906845986497854,0.2977144243529469,0.2927986688692093,0.2991963155085711,0.3030679057954484,0.30623578788006306,0.3045943029505453,0.3034235856704087,0.3073045637569796,0.31338290939413593,0.3160701523848155,0.3111131057896868,0.30969058386830417,0.3156659635877279,0.32133979425861403,0.3223328865980336,0.32239067678639766,0.32654664225708085,0.3282350288446934,0.329604932657082,0.32991268051964145,0.3301813100544909,0.3315222979547265,0.3345546985890989,0.3345905007521553,0.33563519166670225,0.3347804046899625,0.33577649416915517,0.337347287664978,0.3377000651369734,0.3447858625097345,0.3480677868630105,0.3484690446089165,0.34492772768777796,0.34453843142684965,0.3437126104122843,0.34579312569554665,0.3437788240045511,0.3455566877688544,0.3463071465059773,0.347793241897089,0.3482515114493393,0.3457307163661911,0.34630178956791735,0.3489246462236852,0.3530963587065425,0.3553149400145151
394519,203,"Daphne, AL",msa,AL,0.23774264466227946,,0.23100808430381647,0.23072961251543708,0.23188712842452633,0.23317026273967728,0.2303547551849421,0.2304863723746318,0.23012827637999608,0.22933830926482354,0.22828792824084265,0.22620749258706258,0.228290227532975,0.22804880231333527,0.22872648066825704,0.2274236508621515,0.2274838433243857,0.22686845327295907,0.22734867603448122,0.22795004525179646,0.22768540368758497,0.22936447809446217,0.22863157312141455,0.2290743627853029,0.228088764021072,0.2302038155857329,0.23030531320489173,0.23000865505550852,0.22791170566356933,0.228217391340773,0.22944443555293328,0.23120731342983725,0.23144691672181247,0.22973459296002913,0.22811205595265113,0.22883697350959228,0.22945295219177197,0.22964338535095188,0.2299986935902964,0.23118827332369324,0.23288383249782105,0.23187547975993425,0.23147639104171863,0.23069120167022295,0.2308743124085967,0.23072654893923092,0.2303647956673337,0.2278389153665209,0.22662193647472925,0.22459074156104564,0.2231301531301081,0.22148407136352904,0.22020036962425096,0.22052567302291862,0.22005229452745956,0.21962629449079502,0.2198719158160397,0.22097045577605715,0.22268904975674353,0.22474964506005848,0.22610005321791152,0.22743353565816285,0.2255275911428698,0.22211155413547493,0.22053041534650894,0.21952589855791332,0.2180640010408515,0.21684592022653942,0.21724578899057645,0.22159057870088192,0.2244935400974002,0.22538111892597085,0.22340301695542508,0.22386914179052608,0.22694260782648754,0.23298346670702777,0.23435898643840672,0.23642935053003375,0.24099722800289583,0.24885025912295408,0.2592526601911196,0.26559489118467927,0.2680318696541397,0.2686970884712129,0.26849950288433416,0.2714028589159238,0.27033255606130535,0.2697460552261929,0.2715251114937271,0.27209109510636736,0.2724618943765126,0.26931017775121635,0.2665224291828444,0.262818548221024,0.26394191573115655,0.2639750170754048,0.2639299333251183,0.2615822058602916,0.26046878868371254,0.2588374330846355,0.256521154154355,0.25518219217565236,0.2521673398054047,0.24972537114233084,0.24651348512981602,0.24501572131830066,0.24245010989788698,0.2410781573517414,0.2415709711273975,0.24109073709409132,0.24041405455296672,0.23887554288173513,0.23902049407329765,0.23806643453612444,0.23684506345777,0.2362555011970777,0.23499458501005627,0.2333253013038898,0.23161215687095021,0.23010935692629378,0.22958189577636254,0.22932196328373364,0.22848787525480582,0.22828528314393665,0.22697404411426117,0.2264383947030872,0.22681348948139032,0.22698164549967273,0.2280379870716508,0.22897980118665906,0.22973997071224309,0.22998203290777322,0.22929563729405006,0.22928374009916405
394378,205,"Bellingham, WA",msa,WA,0.20664152902444927,0.2065748282315273,0.20827490244403715,0.20934192370405447,0.21027161419351567,0.21174159849722857,0.212501881899279,0.21339403355701028,0.21383274690283752,0.21293975259539974,0.21165122278924528,0.21201909888079648,0.21366161346492518,0.21417518435610736,0.21394205684495615,0.21405208321896943,0.21406215924206462,0.21477150474417556,0.21553051860973935,0.21646905191430885,0.21733319918889565,0.21837604338673886,0.2189785418973288,0.2203960286077797,0.2203588203557488,0.221642984246813,0.2222251079342767,0.22315851242581378,0.22410193559833225,0.22399959378289486,0.22590125042443368,0.22690047020676474,0.22768757369301956,0.22747724408030873,0.2261817302538361,0.22490152762000737,0.2245513827089815,0.2264028232442687,0.22676500202560804,0.22686724710875325,0.2258315172000245,0.226608071940002,0.226360874449727,0.22686354138016812,0.2287756755998762,0.23068029636065945,0.2334195898303858,0.23284540317850255,0.2316981297191447,0.2297164932014693,0.22990726492042426,0.23009003928982533,0.23121908046523326,0.2314978188139504,0.23166041831051665,0.2317708755858054,0.2318003797555057,0.2324641037649201,0.23300933827576248,0.23509383473989906,0.23729796602689446,0.2387134025480582,0.2401826299802767,0.23731407012100966,0.23512192278429858,0.23281220358478555,0.23317419199411482,0.23312325901528463,0.23281151889106033,0.23279401122055257,0.23424126995547076,0.23560096521924975,0.2375238419525965,0.23825871205499505,0.23960928771641307,0.24064698186300323,0.24242795220523378,0.24397284265268843,0.24512200003982443,0.24756940002825412,0.2532046027360862,0.2595214345699623,0.266188719025646,0.2677879991286942,0.2664783665432208,0.2652477828088812,0.26552203132303226,0.2700916033973736,0.272416872397667,0.2745670802756404,0.2737947132575762,0.27306050471900245,0.2720070753993934,0.27109265067949545,0.2713482484318814,0.27039440690384864,0.2700748058930299,0.26818038063725697,0.26801407667063076,0.26549532102350243,0.26496398413948974,0.26301374005866585,0.26273863664557867,0.262132121749329,0.2630977855112553,0.26356946158426975,0.260835565457154,0.2592262079754331,0.25853214329229485,0.2594167261111287,0.258479929407399,0.2566736920564735,0.2552756171502436,0.2547080562473383,0.25514935646476455,0.25594661173328936,0.2554047921476147,0.2547624773037551,0.25432272081860696,0.2552083977382821,0.25375889498395304,0.2535607734684182,0.2532599172560838,0.25367592094391855,0.2533543505368465,0.25348032443204654,0.2526893381830882,0.25171714271726425,0.2511843693761517,0.250916599520515,0.2516716531378628,0.25110091104186827,0.2521212579730043,0.25175017497720065
394429,206,"Burlington, VT",msa,VT,,,,,,,,,,,,,,,,,,,,0.24040562461367748,0.24234161819061392,0.2509967024463743,0.25182336944804257,0.25464600425095313,0.25427163461286284,0.25560261456039857,0.25810730404598725,0.25893685912036446,0.2620612899062764,0.2570212041022619,0.2611999050538589,0.25856398452535834,0.2596153481323119,0.25411192040524816,0.25258165399625704,0.2526357411261411,0.25529467243304227,0.2568901109597893,0.2586619316477567,0.2586738650318161,0.25693494491068175,0.2559671730350913,0.2538857072188068,0.25471962800987963,0.25380053317302204,0.252597536735803,0.25249704049217203,0.2517200925839198,0.2512080577072192,0.24896881017162742,0.24625288591213462,0.24377538198514234,0.24220110559739294,0.2445013021146489,0.24562839379157939,0.2478557071022881,0.24806007132491334,0.24994042502375605,0.2506979369191475,0.2497482937459328,0.2480468862360794,0.2472608954003444,0.24661914172894217,0.24326027209591145,0.2409356287391012,0.23995446876930607,0.24114119641322126,0.2388177930360774,0.23952908574828644,0.23998256665923326,0.24119669276104266,0.24013479750050576,0.23969051457931936,0.23863688542539963,0.23961647927389304,0.24067404997806366,0.24127486064543055,0.24172903633921083,0.24182138757669594,0.24562036651016345,0.24848531373410876,0.25200103209543356,0.25291932758200564,0.25455625502428725,0.2550328557498588,0.2559379436693947,0.25462973939204414,0.254889232795372,0.2563672204837845,0.25688090857274637,0.25754625918152524,0.25716210850796245,0.2584898341638352,0.26002429717146236,0.261814168380281,0.26335929059114227,0.2638135956700948,0.26514575364171705,0.2667126412544119,0.2668855869173195,0.2666758463651916,0.26741448541228957,0.2688940701849974,0.26923496673328245,0.27040701758264135,0.2724118414010461,0.27479712557710534,0.27610862656936713,0.2772321148201303,0.27707247094395443,0.27864141098670353,0.2793146104568405,0.28146213702803313,0.2819064341837856,0.28215730252159915,0.2831032619861745,0.28461046618720076,0.2842280804737538,0.28308101349618603,0.28470876487797137,0.2843925247521049,0.2852418667150103,0.2839661129517843,0.28347533807774833,0.28181894667874735,0.28176902968729106,0.28148532633955414,0.2812464429094855,0.28012213466603303,0.27986619023401366,0.2798654732410887,0.27807930674013676,0.27746395578318217,0.2762458530684758
395030,207,"Rochester, MN",msa,MN,0.19251283046192283,0.19263840899248366,0.19499829694829263,0.19520129494901403,0.19706981517006625,0.19599814074979965,0.1944169555786431,0.1957367102882243,0.19591006080817008,0.198130538256151,0.19856779705642963,0.1979538009911999,0.1975280406800508,0.19868528288703677,0.19808405091455958,0.19564373950265235,0.19279028873129836,0.19473733595695772,0.19691747148805216,0.19754307418508865,0.1977680601075253,0.19691037075004014,0.19663480659185242,0.19607250996937664,0.19894205696884423,0.19913487448445882,0.1993178716964484,0.19836761798448585,0.19889143230607434,0.1977344802691105,0.19637673309995307,0.19497520356908818,0.1947696234000609,0.19348415451481701,0.19360943193579686,0.19456709934077032,0.19330717806323464,0.19144192374584648,0.19210991099113092,0.19418756835562384,0.19650924557527405,0.1961697576627899,0.19684687885515212,0.19638102706512017,0.19753804687927862,0.1980818885926152,0.19919561086527995,0.1982503602457989,0.19679401053274168,0.19691485811927326,0.19624491415584724,0.19544483867459153,0.19396728983318356,0.19474975740144473,0.1949344546824155,0.19620152475471858,0.19587985881424674,0.19669244777705255,0.19642114161585256,0.19761145106531003,0.19965608353935638,0.20104612076353787,0.19739901122437367,0.1949137627410382,0.19228269066988465,0.19001882526345812,0.19017203363488278,0.1895769202116835,0.19042195149899133,0.19022339336682756,0.1907484234487384,0.1920328151395601,0.19231579170964122,0.1937255466464291,0.19449717352028909,0.19553536340911432,0.19609018426666758,0.19585460870431684,0.19529215845978476,0.19568519370863305,0.19784270286107283,0.20005995325966316,0.20240251057132744,0.2029974039025809,0.20398046105196474,0.20364526262667154,0.20478892911628288,0.20507696785024032,0.20603661639178442,0.20637894712400678,0.20728387667328188,0.20682578281640804,0.2068829639806087,0.20615526349433907,0.20726569288342325,0.20757442901292741,0.20856888288948738,0.20811779889258225,0.2064960412117392,0.20602826404446997,0.20621432357859026,0.20776901185978616,0.206689664029018,0.2061776737464374,0.20551168251777216,0.20718593053168813,0.2056389361969073,0.2049185071269594,0.203315591405952,0.2043382723427174,0.2051814054648446,0.20514100802642404,0.20522336520417384,0.20425202232931353,0.20348589791914173,0.20290034104856844,0.202884915346667,0.20460865664718353,0.20646358459736858,0.20718516174575605,0.20651860836447655,0.20624231998077294,0.20608627314182515,0.20607816526199116,0.20553725434110506,0.2053772489640597,0.2061654939936145,0.20673653862879823,0.20696894454209314,0.20487829595681364,0.20378590718645231,0.2032459173937137,0.2039134381184634,0.2033170194833348
753895,208,"Lafayette, IN",msa,IN,0.1936114731553471,0.19188045143732943,0.19344375334681274,0.19478016013947108,0.19479023320208708,0.19494820689585565,0.19401356877355375,0.195362774469388,0.19588031900200953,0.1950467211311668,0.1923418113900102,0.19042897785981616,0.19160654053853346,0.19227321591424804,0.19156965662106298,0.18779454111206823,0.18671017770504586,0.18723017369443137,0.1894110929003333,0.19088879179352933,0.19136789244234276,0.19221688279876295,0.19258432275923149,0.19317500073660226,0.1929634853289481,0.19370155644441805,0.1932144364776533,0.1935428972528009,0.19353092027082722,0.19424636450509078,0.19506371951560178,0.19474759058108307,0.19530829896663715,0.19505662585940023,0.19659945266562553,0.19686732816453895,0.19886806009947441,0.19827950293291163,0.19951116419483933,0.19926818279484823,0.2005928587227805,0.20077555636386177,0.201099771497313,0.2013859134388913,0.20233450368244466,0.20290759973382422,0.20474454284755683,0.20628932748312157,0.20655989841689593,0.20558617652293937,0.20612015777874165,0.20802739558841546,0.2084075089301413,0.2092023819115306,0.20956995557740962,0.21073132241887285,0.21162618842999234,0.21327657808074788,0.2131721024690673,0.2135505401778664,0.21411568025421143,0.21647677806242932,0.21465746718583228,0.21350723467663618,0.21067958298637654,0.21016145113134727,0.20901569799744563,0.2102127820198512,0.2136273791733481,0.21655279585903903,0.21835397684809,0.21761453826477767,0.21751733511808452,0.21662844012199386,0.21690253533098713,0.21650127282423784,0.21798395029492454,0.21828382873388316,0.22042074616990132,0.2209018978914917,0.22406160503296166,0.22573012294668585,0.22879047690218554,0.2276893065658361,0.22772233666870323,0.227395367649064,0.23069829112407347,0.2336404334494292,0.23591310195433626,0.23499082602548763,0.23425144708165702,0.23559691660237947,0.2363246546934125,0.23891820301328898,0.23773767995653874,0.23908124391586608,0.23767570529356932,0.23975148070795282,0.23813562037687755,0.2383786179713444,0.23754031578127396,0.23991424129685257,0.24117535704752438,0.24104045365502924,0.2379165381827922,0.23621489106265647,0.237265160745266,0.23930491729748676,0.23859909895734857,0.23621737669804338,0.2343194874577052,0.23273376179593197,0.2314008846935404,0.23004711387332474,0.2293126479059025,0.22946994720663158,0.23146016704966793,0.23221549918112055,0.2315520593896454,0.22903952920058035,0.22996008093010262,0.23045324721676935,0.23128543787513928,0.2309843149808643,0.23114606169936486,0.23112070191126446,0.23112220246903065,0.23071601280846066,0.23068871367591198,0.23068830148416913,0.231095384384571,0.23186797516271052,0.231733402251942,0.23203243428747303
394454,209,"Champaign, IL",msa,IL,0.19695354991917238,0.19811772958039442,0.19938309098840026,0.2000296267865863,0.19976800624690658,0.20024180862189772,0.20076212991873263,0.19977497120811202,0.1993319398376454,0.19824889796055317,0.1993538658302809,0.196086469564649,0.19508052552130425,0.19368874941060038,0.19569685148925664,0.19646997701561147,0.1960415969111407,0.19671838076958173,0.1980846347520631,0.20006334422764044,0.19905789896201512,0.19710045965339928,0.19574542060332217,0.20036166731124536,0.20183841660005825,0.20260675926479516,0.1991946463406415,0.1992437048930541,0.2005317995622342,0.20091272808727728,0.19955229505591898,0.19944264775123155,0.1993484709887268,0.2023711952463724,0.20147395488790237,0.2011044039527146,0.20107750972219304,0.20295191789402386,0.20461301588475972,0.20433705629957832,0.20380911623477493,0.20318683095049409,0.20304104172240534,0.20103433408013344,0.19986002822636603,0.1976774704372515,0.19832563263728534,0.1980281726322467,0.1966997962413981,0.19505363460606343,0.19439456523359724,0.19373157156955417,0.1929686001983075,0.1927025234553875,0.19275175951929638,0.19346301486591722,0.194291760676398,0.19464166391391977,0.19445354299398243,0.19375069507736023,0.19413702169255334,0.19381167210612513,0.19443847533765318,0.19155616748589996,0.18995919501653158,0.18878907547815862,0.18828218178422645,0.18749393703960207,0.1886726891277977,0.1901110947560878,0.19144626916553253,0.1891357611085787,0.18733703247410763,0.18663671176358687,0.18745306316316723,0.18833591992816112,0.18902798586674596,0.1896018780956334,0.1911288747445177,0.19249583917622057,0.1942635221280198,0.19762768264294117,0.20018036882408255,0.20337069755779333,0.2049195849971527,0.20630924587492838,0.20900519376243185,0.21085043421891173,0.21351342398599615,0.21379991089416633,0.21291078735155664,0.21334084877708936,0.2133072591908295,0.2134781030304114,0.21396536384775827,0.21424646182441945,0.21459201890361493,0.2142830655529452,0.2147908405798327,0.21575430596551745,0.21432293434367386,0.21338480714901417,0.21291768996454516,0.214136148443047,0.21480338301542734,0.2147381500099471,0.21288971965129544,0.2138484392609032,0.21594785013059037,0.21916609763157077,0.21867489992854125,0.21905557922055752,0.21912798668492797,0.22204377658715396,0.22327817916954248,0.22301033820004318,0.2239216206654101,0.22412257421739792,0.22674753967407646,0.22709352381414716,0.2278992890729819,0.226819717834421,0.2275304446645187,0.22739557734403384,0.22855323671525288,0.22808551533398477,0.22892986099594315,0.22974735106281574,0.229987619839322,0.23098173972543554,0.2308946199567747,0.23113092414384775,0.2302596571805723,0.23036888193208604
394848,210,"Medford, OR",msa,OR,0.23673744254734663,0.23742316211779513,0.23907186332021074,0.2399477126054115,0.24155173768560648,0.24184325953809147,0.2426243135486899,0.24565612210437823,0.2464987999755877,0.24697818747492845,0.24816633568178273,0.2507353406547948,0.25399424238611173,0.25551973979665465,0.25725222687421173,0.2583830227526941,0.2598180452926693,0.259677503811667,0.25850490013197247,0.2564744647984327,0.2589678833904605,0.2613414415034686,0.26135903962259927,0.26053640114907567,0.26129304774732487,0.2628591457884693,0.2628526044605895,0.2598271255035323,0.2577395817068765,0.25654985120007406,0.2582522525476041,0.2611667492359481,0.2620858185574674,0.26215037392948715,0.26383123489399307,0.26492935440688187,0.264495731761877,0.26216400288440095,0.26080536453177083,0.26124382739609026,0.26185847622874275,0.2627557567579369,0.26341823911241524,0.2644360179046049,0.26332475298610003,0.26206987484027217,0.2590452527914692,0.25786524193490445,0.2568225839294174,0.26142673069578737,0.26243462621705055,0.2635332396313149,0.2639940853729037,0.2645566656710484,0.26415079602801494,0.26303397403826,0.26424340655993245,0.2660956146574846,0.2689511133798984,0.2705395658960542,0.272339753228676,0.27004763997422604,0.26618605033774334,0.2602467701896347,0.25988777457877404,0.2593813274202231,0.26398577661069156,0.267300592706972,0.26837066508112695,0.27183935331483244,0.2723591012325003,0.2765536153777746,0.27551423057341545,0.2753370848856122,0.2728598880327038,0.27546928904850904,0.2751234346370388,0.27267707359902077,0.2710110375506531,0.2727932138331572,0.2775804850788367,0.27689332217863105,0.27965170437367404,0.27624112449013566,0.27644166032258116,0.2739204283609284,0.2738939038445302,0.273290144740609,0.27172204999927235,0.27381381443850006,0.2707634508179653,0.26895998656649583,0.26655742391074927,0.2687297803186196,0.26710715219705516,0.26614014085876314,0.26384543910083547,0.26582912137082854,0.2669160541124629,0.2652027807592882,0.26573915890098787,0.2638588584845725,0.2651733410565827,0.26345419103981293,0.26405098709248964,0.26359299676869463,0.26438212388926646,0.2634516942835667,0.2630417427808534,0.2621374605291837,0.26337296695745177,0.26482590761153685,0.2638141827013243,0.2637204949145018,0.26493479330119885,0.2666879333718102,0.2663962576714736,0.2653403733638587,0.26458861740985434,0.2663339289651063,0.26701912780020043,0.2685392977059057,0.26671402431432883,0.26593037301622097,0.26624179892762767,0.26637212328304777,0.26495895236351513,0.2643441160539569,0.2650694735830027,0.26621397362298804,0.2670106908531977,0.26623315091266914,0.26610478543687727,0.2648296020919329
394459,212,"Charlottesville, VA",msa,VA,0.21111496879926062,0.2121968491985149,0.21216734389858596,0.21394788051921718,0.21296433248711302,0.2126090541208549,0.21212220404995788,0.21296338822110356,0.21316236563610683,0.21504290005889498,0.21415272268869048,0.2139327811711337,0.21418847518145587,0.21480850593524137,0.21449457924193183,0.21320510878511606,0.21408978436251105,0.2150359699509136,0.21474820515086085,0.21442581480461387,0.21400165344224864,0.21371325372569,0.21338934411935842,0.21296330029293106,0.213169588895291,0.21363139573082265,0.2143470949592649,0.2142775974624664,0.21429405095171755,0.21487656561247181,0.2160839550831853,0.21732159016031302,0.21741919337286514,0.21708932085816704,0.2182713958962252,0.2195490178724165,0.2193853901764729,0.21805942113341178,0.2175292653592175,0.21851434718892254,0.21922103354527234,0.21999508994526085,0.22129985916878817,0.22234808774737172,0.22315131072763475,0.22162758268857627,0.22042560423426755,0.2207135307143559,0.22163743050175788,0.22298451117444154,0.22363079655007237,0.2236202211824798,0.22345906130756796,0.22305790129433775,0.22222526782473015,0.22158187508899876,0.22190128821215171,0.22413362763510994,0.2255150121845689,0.22580320474972282,0.22611217350069057,0.22635948534282305,0.22615880691164167,0.22317958516384132,0.22026883845933493,0.21967123789823748,0.21937920403395575,0.21927411132358815,0.2213747011800563,0.22406015473320923,0.22560929161959947,0.22425277205734095,0.22245860694166783,0.22180207799671053,0.22255933395042746,0.22436345764703244,0.2272149934282913,0.2281327038950844,0.22942694462903548,0.23024933098389783,0.2317063276428424,0.23175646176940906,0.2329896026307909,0.23455459239491047,0.2352745550763049,0.23457982126473126,0.2325858515798243,0.232599849455125,0.23211743223678932,0.2321719389042623,0.23182383618991187,0.23176087832802283,0.23147191280318777,0.2319223125330893,0.23232471595706,0.23317977812586846,0.2327889638666094,0.23253835354812424,0.23250238414899266,0.23236871686205052,0.23231405206548317,0.23040246451889895,0.22918552037955547,0.2295023571074518,0.23047760491727867,0.2309844446655768,0.2306006541117766,0.22851579354954835,0.22833971814941587,0.22815797202827143,0.22990637265705272,0.2300137778689276,0.23001010967248856,0.23082057061252967,0.23127450336735858,0.2310832050086126,0.2305191883209976,0.23053560864038616,0.23139079991797804,0.2326744467190257,0.2324380885055097,0.2330505216666837,0.23188191303219788,0.2314811270541067,0.2312555208051994,0.231704917940779,0.23223997076490238,0.23247873011700138,0.23287949649052048,0.23295859198073315,0.23278362426363106,0.23301153570817507,0.23360938726112843,0.2335922655089928
394763,213,"Lake Charles, LA",msa,LA,,,,,,,,,,,,,,,,0.22546483144831592,0.22437450986648239,0.22674962140298996,0.222505233583942,0.22624517345009995,0.22471244965932646,0.22796298423863315,0.22926705684713208,0.2315872441118342,0.23396396547481038,0.23445941190595193,0.23157600393605124,0.2301379706262275,0.22978983369671488,0.23131116150197656,0.23055239005368325,0.23155648457634892,0.23233596611226598,0.23518778104608826,0.23793131724078656,0.23623352314651375,0.23170436125471053,0.23028080370506226,0.2322513261793915,0.23474073692085945,0.234182320620945,0.23082622821795115,0.22780052994612895,0.22579347144030754,0.22627045480162813,0.2281145556854745,0.2268757336316111,0.22576340228974265,0.2237536675322677,0.22244094597262837,0.22122495967973047,0.2182355637598295,0.2173980574415547,0.21708749098391236,0.21864787570378583,0.21715050401224315,0.2152456378834626,0.21079465145311077,0.20881900344649346,0.208530424300022,0.20981645872968271,0.20913168011332045,0.20279915232201334,0.19857057967657582,0.1965901824263095,0.19764093893438234,0.19866025307949498,0.1987534586820952,0.20201532836650518,0.20168842629275133,,0.22213076029233983,0.23358036318065784,0.23414831146554094,0.2394041821154207,0.2459453701003863,0.24763841849080706,0.24415123051921403,0.23934498248508398,0.23678767074657006,0.23648265513799915,0.2393717078166498,0.234614275377172,0.22973822434123653,0.22372370471295766,0.22266441219166408,0.21890706501390353,0.21372272198900077,0.20877646608285758,0.20616929183104937,0.20357172723067862,0.20230388161560903,0.2003175222594637,0.19889576302928577,0.19823608292851527,0.19635704318110594,0.19474591387494383,0.1911423611335253,0.189784885074474,0.18865161617910692,0.19055262282039634,0.19079474224403534,0.19139501226968766,0.19061527522889107,0.19211184804407097,0.19354708331730971,0.19329210707122269,0.19122973318463937,0.1880233133930711,0.18745764491715955,0.18638436428466898,0.18807748884327838,0.1890332923195043,0.19058061813421284,0.18985862667776768,0.1890380660537017,0.1893773847953509,0.18980803213400754,0.18818239804692688,0.18766292965236148,0.1878682542733404,0.1903434527588287,0.1910328830028621,0.18990364534745352,0.18829750269643672,0.18724129612527385,0.18804244883949028,0.18963392523477962,0.19018977480776103,0.19089346383058842,0.19421222228091403,0.19779971411722042,0.20147702090893088,0.20265977787931966
394773,214,"Las Cruces, NM",msa,NM,0.2332805580006726,0.23202765883786794,0.23319846767708674,0.23394174043333196,0.2353662155567492,0.23557332747886672,0.23673633061443625,0.23768522654253502,0.2381779977097184,0.23921814437506103,0.23988203457448587,0.24097680767204474,0.24079237310850116,0.24166667270397335,0.24092896440223258,0.24057386499719516,0.24118013885819034,0.2425486793785672,0.24385019254447093,0.24342525952203772,0.2445917556920044,0.24510985321765447,0.24685346555457593,0.24762717966681838,0.24889855557770835,0.24914283174431243,0.25059342999669626,0.2523184175350022,0.25373545346264,0.25366202140848226,0.2532446100530461,0.25413013168218895,0.2541971125559315,0.2536615333036685,0.2530240615025047,0.25175939458124463,0.25242872675537775,0.252064474605892,0.25221381170537727,0.25140096991145783,0.25027717655011866,0.2500153083937134,0.24827755699906556,0.2479443583879262,0.24673768021357145,0.24697295498006935,0.24659286242613324,0.2464992408680898,0.24567292137702437,0.24461757482508628,0.24358144491127795,0.24305982182288804,0.242722982655309,0.24217689500325706,0.24286640878517599,0.2424705912356696,0.24375503145370847,0.24455069121953105,0.2456155125147552,0.24648257115253275,0.2469304891631621,0.24790639621505534,0.2462494435644395,0.2439963920867853,0.2403819662746916,0.23897581569227067,0.23767815973461162,0.2397807990141924,0.2428098432362174,0.24686635473900853,0.2510161206902133,0.2497921730953515,0.2478635725944901,0.24563781724184863,0.24561641780099258,0.24842293533302356,0.25032559401673277,0.2519891948799103,0.25138056111007584,0.2531688134691532,0.25904551055737507,0.26422963470168453,0.267389795061769,0.26796064159693467,0.26989337622910714,0.2718451580461228,0.2743737113144789,0.2752417547048372,0.2749544386515333,0.2720378385107544,0.26961127830857023,0.2664631826763003,0.2634747635550544,0.2622099146007402,0.2624524075773236,0.26406955336144855,0.2655361480148217,0.2644516305199189,0.2646975234860032,0.2624165339306284,0.2642313312961324,0.26334422098529264,0.26574153067228257,0.2653721912872317,0.2662592479336475,0.2652434336718817,0.2651786144692768,0.2624147117501154,0.25933954625866396,0.2583899399422567,0.25712388992332336,0.25656576204483117,0.2532069788354742,0.2531614837198761,0.2510595413839478,0.2503678582602659,0.24907780234004814,0.2482581686969186,0.246751946695177,0.24594148809846325,0.2461152105235159,0.2460262101408514,0.24511496988195744,0.2448604922635399,0.24504841715883413,0.24447515315164722,0.2439484962787685,0.24371208407613612,0.2437580510916068,0.24407121260112374,0.24424532298658072,0.24469484171634592,0.24513954232108878,0.2453334600591879
394464,215,"Chico, CA",msa,CA,0.24576214572532085,0.24941768028270475,0.2595083929836004,0.25840763727476385,0.26064502470807754,0.2604315950086322,0.26185413589978035,0.2619182458951025,0.2616131380237241,0.261097539329802,0.2614379534805953,0.264201715767636,0.2617562321166723,0.2608707921660739,0.2569664291842817,0.26093446611475307,0.260368213069448,0.26160280242366857,0.2609357980204482,0.26155663465008827,0.26191277703291443,0.26272609913280925,0.2647596723474219,0.26670910534518427,0.26738718255417765,0.26704039411865327,0.26726880301068945,0.2684909281224486,0.26783606985032216,0.26534034310912413,0.2630576528840471,0.26343383584738694,0.26455971423647723,0.2644273944966045,0.2603384212402022,0.25854171779720153,0.2583807617446079,0.2591074884445718,0.2580864324310275,0.25541094572706646,0.25399399654206334,0.25275035292401915,0.2529868027720559,0.252198292140773,0.2526220559029649,0.25311354449637796,0.2544657779765838,0.25894968658980316,0.261338074465485,0.26365058713952316,0.26610710698689993,0.2679054255041553,0.27023721110167953,0.2728814015117403,0.27441879541836167,0.27500652031733475,0.2739142563425457,0.2730536279934869,0.27291379704154334,0.2689582957129415,0.26606204619801155,0.2624937023822796,0.26568932964907704,0.2623066611420191,0.2597167017582228,0.25610250459538936,0.25514529321350826,0.25299421124987853,0.25509745692561103,0.258103640405429,0.2629981841715669,0.2635957827541003,0.2621624040906953,0.25897781105901757,0.26101768662877917,0.2653072652633988,0.27016762521458465,0.27228352286074975,0.27074439693679425,0.27168252603505566,0.274787743185879,0.27641458230274457,0.2749958739136638,0.27204709437550406,0.2736680766676414,0.27620805008969035,0.27549604315700843,0.2739925455504165,0.2713135528941113,0.2717181818316283,0.2725743143882528,0.2742576525409251,0.2741266093928288,0.27593866147785007,0.27598603708111824,0.27861935068824006,0.2763316686724845,0.27676259573488526,0.27704612630297304,0.2785949882160549,0.27981757673968954,0.2786195079236975,0.2786250462260845,0.27653232473792677,0.27727446926437743,0.2760475784277539,0.27721475456485023,0.2773240730326194,0.27971607218102684,0.2795557171314018,0.27954086779615495,0.27882441761365934,0.27913652161404073,0.2789843191924584,0.2796551854170771,0.28176487672187744,0.28366723629466767,0.2841311417986742,0.28298807902867157,0.28225372399346876,0.28234882004754513,0.2823088418775348,0.2821540635832835,0.2819259689552333,0.2813812990605702,0.2822010534937916,0.28191886144734807,0.2813260157357083,0.2802020417771165,0.2807886499000177,0.2818351840678434,0.2824383141966436,0.28188382027527975,0.28208977497277354
394681,216,"Hilton Head Island, SC",msa,SC,0.22885320676172166,0.2281324705336606,0.22769072331871432,0.2278476258940272,0.22850465122648575,0.22752587704894897,0.227205503729013,0.22576617840124807,0.22766792258727453,0.22727287664348286,0.22904443607350058,0.23023605154779744,0.2299643311436448,0.2299389722836622,0.22968706415599977,0.23223222285679213,0.23290244699176696,0.23611476318786445,0.23759052277468132,0.23929269602616826,0.23862207284350645,0.2385664975651648,0.23708183717921527,0.2364262494079935,0.23710512310309487,0.23790902325657473,0.23813533544064974,0.23732466368746746,0.23740871289246301,0.2361318105198654,0.23469383619621836,0.23497884898719398,0.23581525807755727,0.23790900028695777,0.23918862717552772,0.24085072530220888,0.2415950758104908,0.24241012304190113,0.24209276484691614,0.24100758338426362,0.2408520183097241,0.24086576730709927,0.2412766312111487,0.23958776808925558,0.2375025901447137,0.23606577222127534,0.23496554447309495,0.2339059018830798,0.2325853247885632,0.23144906360008216,0.23082544576297856,0.23050526829132442,0.22949205734441144,0.22895211353684625,0.2285425519820949,0.22885860193437008,0.2301368656606181,0.23037916758517285,0.23099584956680191,0.2316884381654402,0.2328018350161755,0.2331946023706277,0.2306284552526012,0.22793495461973245,0.22515480600119106,0.22541794342505758,0.22636455984918516,0.2289819645021611,0.23064940468742376,0.23316025123375342,0.2334896833848074,0.23554474933185487,0.23419645562324515,0.2343886582413062,0.23444890792274495,0.23646545699151808,0.23916534058635905,0.24424271360765096,0.24812013925613957,0.25292592962959015,0.2603749265505472,0.27099665343092555,0.2801429198102438,0.2825220341069716,0.28627926289252187,0.28789282062614063,0.2931458683831038,0.2949315597191878,0.29784626918682594,0.2962514558303939,0.2961831843028542,0.2943283656707715,0.29603588622549465,0.2921830984152145,0.29062919063693543,0.2866445058378078,0.2859841700109658,0.2859335221108303,0.2867440160353798,0.2864893917914006,0.2856215391614766,0.28285056582105284,0.281223642811273,0.28130659905327215,0.2801881877421033,0.2796479776379179,0.2757447747626318,0.2770484465886596,0.27636377434858145,0.27861778174005236,0.27678188447858915,0.2763524600717389,0.273297578918912,0.2726558117632262,0.2716257490488743,0.2709218921566666,0.26955043832908254,0.2686973148083176,0.2694673391053482,0.26835623888054994,0.26818159441392975,0.2648582414371667,0.2633527798656174,0.26165780928242666,0.26187805002133197,0.26218252404706344,0.2620455851737862,0.26113264656930724,0.2607821386556751,0.26061395435432066,0.2602517821835867,0.2592936759245997,0.2582445218130648,0.2581638642239771
394346,217,"Athens, GA",msa,GA,0.23924857405593872,0.24058051763377103,0.24182265817763474,0.24346279374731788,0.2442381862103946,0.2455056572024588,0.24485525846687917,0.24223535685899236,0.24152981953670863,0.2404755311672819,0.24407383529720517,0.24366227485279485,0.2448277825634487,0.24255386662551193,0.2433866550900721,0.2447400499716523,0.24791492507335788,0.2485839245915521,0.24918530929702512,0.2497763548849366,0.24739131253185218,0.24826449409644424,0.24610475296901288,0.24529911357033043,0.2418039209978874,0.24070512593383558,0.2392879453827705,0.23728508020215228,0.23304313684133376,0.23260648505095932,0.23227533788171412,0.23456452281190313,0.23680406754800692,0.23710687231004882,0.23765868816507751,0.23731179925898832,0.240379171799041,0.24322116148936354,0.2458254122072301,0.24562545911946868,0.24727871345632924,0.24707449166024642,0.24872414685448702,0.2476604062214643,0.24612256606132146,0.24405361565630068,0.2436588565133682,0.2455131356730627,0.24461864308823708,0.243868965859516,0.24282485274732235,0.24409174289077998,0.24482265705148917,0.24590336755477699,0.2457081785156471,0.2464530212607649,0.24913100648514214,0.2527735987558658,0.2554381949252763,0.25611995690540623,0.25767500818331224,0.25868587644420726,0.25713841800602605,0.25371859670859254,0.25210995249043705,0.2520415876216056,0.2525312380689673,0.25413384601716565,0.2545381833309811,0.2576213421204834,0.25819635723069423,0.25848834497485335,0.2564781928343191,0.2566436119439484,0.25968160303351767,0.2628310742054769,0.2634675080257712,0.26163744393582444,0.2600779177428322,0.26241213574015754,0.2669423315418907,0.27001316648807083,0.2726716963014471,0.27372434481470326,0.2752166127168842,0.27401445712172434,0.2726868502792976,0.27284529930811074,0.2748973253030325,0.27767870996594696,0.2796197935314234,0.27883538520194934,0.28027287723015,0.28040167582226394,0.2804239010166167,0.28127694331937414,0.28339630238037516,0.28853788545117875,0.29117966419196817,0.29264534870221914,0.2908173352258467,0.2924523662307394,0.2939477597228366,0.29664886224319337,0.29623629064589346,0.2973043703967727,0.30048057843171244,0.3023090049662954,0.30237313314826025,0.30164478792152916,0.3039876189316215,0.3065682194085751,0.30937424208613645,0.31035191107053195,0.31063446915230936,0.3098417640924992,0.3073246792723257,0.3062148208572228,0.305534609013595,0.3050703657115344,0.30555506201699867,0.3047529043398836,0.30300733995243534,0.3012572540936929,0.30059730297222936,0.2995575056217433,0.2992318477711156,0.29944497628196615,0.30155791680877686,0.30218600625168746,0.3014535709389469,0.3008987787692146,0.3008337841743099,0.3015911260515381
394765,218,"Lake Havasu City, AZ",msa,AZ,0.22074340814976726,0.22116369677291395,0.22364758809402013,0.22400237960414696,0.22352384158021996,0.22388834840345265,0.22282984892555577,0.2227318646067931,0.22102332840273753,0.2222055575276248,0.22265492083840854,0.22624326538275055,0.22739860338437168,0.2278052477990536,0.22516184320766688,0.22365323302409496,0.22395056659482684,0.22467596709986556,0.22508069715158613,0.22659946940994385,0.22817208752390114,0.22798882046734625,0.22804978345102378,0.22717530622044396,0.22915420200901154,0.22913699572645674,0.23095726220814075,0.23140443491420545,0.23329046045591986,0.23388516263345316,0.23411877315816212,0.23227207751405524,0.23191682086385876,0.23229414101181106,0.23563320884864586,0.23573929485479897,0.2341893224570238,0.2324069199781113,0.23185858918451238,0.23360736411574332,0.23425757836094863,0.23497668956736917,0.23477256935067978,0.2360520577773599,0.23658573718699197,0.23799947882080183,0.23697748505166982,0.23873874771609807,0.23948393391528774,0.24265352142548835,0.24398198647067298,0.24396380693087952,0.24376295102098836,0.24426824066594513,0.24578471026474513,0.2470881630100357,0.24966943666947614,0.25168098154080687,0.2540002566693644,0.25534458892094514,0.25767186891801197,0.2580626265354398,0.2606485232703472,0.2558310277807083,0.25538131437317746,0.2539026305354894,0.25566894560578873,0.258524193226016,0.2632033000387981,0.269544866274394,0.27274286124816477,0.27479513307691805,0.2710027133942172,0.2726938207789026,0.2780234897101775,0.291774809521808,0.2999575778811182,0.30452874943792335,0.3007174661203028,0.2988824435700658,0.3018075874176289,0.3074753028119381,0.31740259280084615,0.31798219754612833,0.31881942930295176,0.3170088176527046,0.31723241578917993,0.31446543242942926,0.31160353404820557,0.3096561413015625,0.3102231886073862,0.31024179303331334,0.3094905984667384,0.3055206288832579,0.30207783229957197,0.3015867966562472,0.3022594538058374,0.3004168272254157,0.29656787618652186,0.29331153604321,0.29154183266905875,0.2896032215019954,0.29016757319207676,0.28986022344819645,0.2899205702651799,0.2895781052113194,0.2884553919153994,0.2871852168456665,0.2865015651374578,0.2859228269749688,0.2861915468084577,0.285500700956472,0.28554267253170434,0.28475609789885636,0.283010967180114,0.28212243044087876,0.28343280079791877,0.2837445190486104,0.2827601945584219,0.28106450209391864,0.2807708305572759,0.2821277224171509,0.2819302120799523,0.2822677898051109,0.28152786976262595,0.28150143407379496,0.2807756639661513,0.2798638440916812,0.27786812258632837,0.2773094312430463,0.27770558614656665,0.27792906325438566,0.2766564477325517,0.2745430620315024
394485,219,"Columbia, MO",msa,MO,0.18706617401889586,0.19105077827608336,0.19299702308374087,0.1919411492462294,0.18938727538718259,0.18966410363038536,0.1892309305553451,0.19191023429243936,0.19194238928428128,0.19222902161726965,0.19260688617758084,0.19468840150002956,0.19283502203417102,0.19051075273965454,0.18815156200817962,0.18953926760031356,0.19063859414723583,0.19045209594905424,0.1910080622860322,0.18993641752186877,0.18990791520232927,0.18941114942437662,0.19122485513917323,0.18928840487617718,0.18932733771788482,0.18790090125386116,0.18954720209547102,0.18882123329931638,0.18847411210061857,0.18790194789757927,0.18736918410267772,0.18690442145450464,0.18694893590229505,0.18716396483981346,0.1863637375152405,0.18704494240548636,0.18767593908228838,0.188795672266748,0.1874718365150822,0.1872608758484641,0.18692158039439083,0.1872455008024235,0.18624682492705263,0.18630557495937883,0.18507691894488487,0.18452613513286278,0.1839711472447143,0.1832269958566125,0.1820161258041485,0.18086776263991558,0.18049241603302255,0.1796908186131071,0.17900499533024522,0.17858036378318398,0.17906861186761702,0.17898043203342562,0.1795338054359188,0.1796322965892077,0.1798414786110005,0.18039765481429057,0.18113741971691422,0.18163353515932873,0.18066137613235875,0.17765755282510062,0.17559404189737754,0.17520522534227012,0.1767016046243176,0.17863507213191462,0.17918276774320074,0.17921697651886884,0.17819119665216088,0.17867566400864418,0.17772054465489673,0.17752596152652594,0.1777909012745945,0.1797029109280007,0.18187708655955834,0.18377578026322336,0.18467293900442117,0.18596238597564932,0.18831381858816543,0.19314698725099025,0.19768720847330024,0.199751167095113,0.2007730805998679,0.20089172097682148,0.2014740074581263,0.20165334710303112,0.20207924028753246,0.20194473030602572,0.20177524522110798,0.2014113142575393,0.20423186708576094,0.205148249757407,0.20566635032832317,0.20343746513742875,0.202347818070557,0.20326094652407709,0.20388406148976784,0.2049688035022354,0.20478455802248482,0.2038617595575396,0.20262960208125308,0.20157651419291375,0.19974677540508617,0.19756316356288833,0.1957914298102052,0.1954517763730332,0.1945451541758825,0.19250252267950532,0.19209235334831748,0.19101724296811967,0.19120040811503705,0.19081881508066895,0.19117190565143818,0.19164480890537747,0.19090688629172606,0.18992573758488543,0.18833660610833383,0.1894166250779745,0.19000257446813193,0.19192492309309322,0.1915116608201139,0.1913249105888145,0.1907152802670879,0.19111702765002883,0.19115135734897043,0.191014297607267,0.19173331634953067,0.19308494370439988,0.19476442284335657,0.19421520449517335,0.19449413935724144,0.19394755672268674
395114,220,"Springfield, IL",msa,IL,,,,,,,,,,,,,,,,,0.1526088695456801,0.15052579277284658,0.1507797288660695,0.1517925641633835,0.152273076621329,0.15347822106023676,,0.1542741375786481,0.15398998787973486,0.15277884823781396,0.1515723237481049,0.1508267666562133,0.15077671389672515,0.15171462189684826,0.1510884662579884,0.15015434735172647,0.15000782550741987,0.14860818306047482,0.15015826880251865,0.14867346406348317,0.14949743290541068,0.14681010621652751,0.1474285496997165,0.1462071008630995,0.14614338273080357,0.14578614485497823,0.14558868597357053,0.14490952079286576,0.1447654168948682,0.14607431273923735,0.14617141480427553,0.14810995641022784,0.14782915630066465,0.14901134570061,0.1493488252803322,0.15048035461620274,0.15053511526609206,0.15102660378789343,0.15175945034246982,0.1529073082089977,0.15352534013633717,0.15349059893225306,0.15314418921976994,0.15299889018415247,0.15370727177277205,0.15503470466316682,0.15437115303550852,0.15166436396023494,0.15002855353133937,0.14975967656603362,0.15109167402198617,0.1511688753999703,0.15045435787262665,0.15087802970077635,0.15184748583289237,0.15210670028066628,0.15056943893465202,0.14978101314318543,0.14985434361147992,0.15092097607296473,0.15143305050417308,0.15190601555736766,0.15186345177884297,0.1518229738536367,0.15307766959205546,0.15509217889311702,0.15598407581259793,0.15700492924253065,0.157147975040991,0.1562607066700493,0.15596339414008215,0.15661247816154067,0.15829548277798286,0.15755868291100292,0.15676213184081292,0.15685009522136995,0.1588956465119233,0.15897484850347962,0.15821781084869826,0.1583648243369069,0.15857268631370974,0.16100262999995754,0.16078188666813037,0.1608500900587236,0.15989919246200915,0.1605338444130521,0.16042487945056166,0.1607297491200412,0.15975117016752707,0.15983004057076147,0.16161842866838164,0.16138105833476815,0.16276710019766846,0.1598755719174575,0.1605087215969129,0.16068331556940035,0.16178944419124444,0.1609344276255392,0.16021271771258377,0.1598919279693476,0.16101577002624193,0.16140292790790975,0.16174857691070857,0.16187859817829614,0.16099273000647413,0.16247966874405986,0.16245478360361706,0.1623264833314218,0.16182203552146293,0.16280292787821135,0.16410520132329245,0.1646995985307682,0.1644261355812333,0.1645925010146093,0.16416268550173055,0.1646843720961166,0.16527473638389684,0.16567265018517288
394691,221,"Houma, LA",msa,LA,,,,,,,,,,,,,,,,,,,,,,,,,,,,,,,,,,,,,,,,,,,,,,,,,,,,,,,,,,,,,,,,,,,,,,,,,,,,,,,,,,,,,,,,0.22841262063934303,0.2307655337293265,0.23160162323154423,0.22816745885173645,0.22844396764461997,0.23254938964869443,0.2403278095568426,0.24596285253200487,0.2492296515357923,0.2443815247416327,0.24542660606402503,0.24854903272002665,0.2570487767734364,0.25779213134859225,0.25614333415743584,0.25687563194212465,0.25261757638072885,0.24873766299126143,0.24065534376791314,0.23914680030811103,0.23754560233089286,0.23899818948403362,0.2386643190124751,0.23943421070337367,0.239081296107753,0.238564341764376,0.2366795131382182,0.2338976023505288,0.2359538588137991,0.23808937597021393,0.2409662400071,0.2396163319705187,0.2400645957757646,0.24053627070741895,0.24138583230686422,0.23947026215807185,0.23623497922968567,0.23574426611585536,0.23789397709600899,0.24045557108791749,0.24095758938289996,0.2409769322044198,0.24175352680553527,0.2430930707566401,0.24343572898848845,0.2432804592480023,0.24288567383239842
394872,222,"Monroe, LA",msa,LA,,,,,,,,,,,,,,,,,,,,,,,,,,,,,,,,,,,,,,,,,,,,,,,,,,,,,,,,,,,,,,,,,,,,,,,,,,,,,,,,,,,,,,,,0.17794488190887894,0.1791249092603826,0.17926861393078614,0.1823542637714209,0.18243482813033662,0.182793619878118,0.181768859671428,0.17798500594462485,0.17769488497724542,0.17503098375431195,0.1779773876754946,0.17754002366382743,0.17914764722588544,0.1781600042532354,0.17669005999905718,0.17009541422330854,0.16745722519611775,0.16714901271528487,0.16809037078654684,0.17017738513595168,0.16842176334134543,0.17069078328976792,0.17048851681566055,0.171966213197156,0.17185540597609017,0.17172788111414844,0.17469956539139914,0.16425140858876258,0.1623153231456318,0.15735718461901366,0.16413792188263263,0.16439052429298678,0.16787885395735444,0.1701897216069412,0.17082990915470483,0.1713640992391267,0.17304477817504169,0.17546077202197283,0.1763321678024396,0.18960426777209266,0.19585251646851964,0.20461224148779497,0.2022241893554666,0.2064920293192777,0.20939504579995993,0.21250938026573532,0.2180837653161467
394565,223,"Elkhart, IN",msa,IN,,,,,,,,,,,,,,,,,,,,,,,,,,,,,,,,,,,,,,,,,,,,,,,,,,,,,,,,,,,,,,,,,,,,,,,,,,,,,,,,,0.15716437437524525,0.16509772562809602,0.17038041421891317,,0.17607426201100904,0.17573871785179243,0.17443493764725013,0.17533601908486202,0.1782858834798541,0.18051106587881724,0.18474931507729905,0.1848674176665991,0.1824073554108494,0.17809630305637142,0.17650123087537753,0.17476553038246023,0.1791905524499406,0.17986432009294023,0.18128153465211386,0.17638258961847983,0.17333902738370272,0.16905730562867663,0.17002449472316172,0.17060578282343283,0.17332115925914407,0.17356794293798553,0.17237044255163406,0.1713978073946482,0.16870060080400823,0.17010204177881041,0.17143652075543722,0.17344332288206246,0.17282728289623767,0.17281465119516118,0.17149574369177253,0.17105503521895124,0.1713208177734687,0.17359206308631234,0.1744836028131464,0.17476906219324156,0.17513075952359114,0.173880250746446,0.17233863284709805,0.17246439183226372,0.17351168530750546,0.17522692359435627,0.17543898778701558,0.17581690626315163,0.17537393205553678,0.17481725355339614,0.175592061814519,0.17664792153575054,0.17722529241114984,0.17785074991384894
394726,224,"Johnson City, TN",msa,TN,,,,,,,,,,,,,,,,,0.20356175558973225,0.20219336430584467,0.20239627715633388,0.20228791959746042,0.20187935007859356,0.20076617251532888,0.2008855388882962,0.2008063434658111,0.1990848873161388,0.19975714628196994,0.20041586832984332,0.20269079081316235,0.200600343937722,0.20067037171417104,0.19902551496297977,0.19985766052519743,0.19835838857694862,0.1999148878700814,0.20079856142490599,0.20017364665188342,0.19991427691650698,0.19983921046664777,0.19964529422326266,0.20020679156021765,0.19932142179837115,0.19912005614149697,0.19784452275500533,0.19745518911882715,0.19894861987939622,0.19886048523779817,0.19706738280287356,0.19498812125243448,0.19437105071301686,0.19436536186513698,0.19341684703368442,0.19164530004795516,0.19289791288305497,0.1930580561889685,0.19462003169890146,0.19479690894524163,0.19570174118535252,0.19681034134498143,0.1992800517951989,0.20189875015657444,0.20352290974394932,0.20418433664662047,0.2001061360299204,0.19746248855015522,0.19462592874007106,0.19388307989418424,0.19594900531970907,0.1958063561126587,0.20002372707610072,0.2011864635408968,0.20148131046249737,0.1984272022232685,0.19786560379883267,0.19956765429684264,0.20158204084167763,0.20248017534023785,0.20309159457798368,0.20446000346574786,0.2050470356488881,0.20803599144980336,0.2098833466306741,0.21576799233563682,0.22082123486169566,0.22699941111034388,0.22591611899367342,0.22306060830449032,0.22058744905140026,0.22444304949785118,0.22811978923557424,0.2297799832076996,0.22889257715189312,0.22938152259271763,0.23227038686795326,0.23578952063623113,0.23666497788891577,0.2335185420461647,0.23344513480656148,0.23485941484875122,0.23812466203145288,0.23695899291096117,0.23628023113079774,0.23727993897668875,0.2383428802798878,0.23893442632374845,0.24004805682001712,0.2402529782714801,0.24270367570611578,0.24358044423383252,0.24553222407421452,0.24759519158964213,0.2490900314858581,0.25182510102152167,0.25344900155770583,0.2544165321156779,0.25618069295676255,0.2567927505146633,0.2558361943443709,0.2550488548346105,0.25814899390822044,0.25931118495675576,0.2611472845583505,0.2603214746378608,0.25998210566161994,0.2594818701841321,0.25965552818511123,0.2600697255928255,0.26041808432646896,0.26150024414058015,0.26333272039780586,0.265232242901208,0.26343216363291716,0.2643164018307322,0.26373452390710284,0.2648635417009243
395247,225,"Yuma, AZ",msa,AZ,,,,,,,,,,,,,,,,,,,,,,,,,,,,,,,,,,,,,,,,,,,,,,,,,,,,,,,,,,,,,,,,,,,,,,,,,,,,,,,,,,,,0.25249440361680847,0.2560576635437417,0.25332207546278684,0.2538105940874338,0.2560618138923962,0.2592964632913616,0.26040435364824527,0.26192481156214803,0.25782475280395556,0.2572769635261737,0.253809724826645,0.2521697436609359,0.2508760645182104,0.25099123987188965,0.25412789594330754,0.2537598337288485,0.2529882179306431,0.25079285482090596,0.24882279576004201,0.24907632595096674,0.24613221982953953,0.24683723337611752,0.24551681157718547,0.24688154111679236,0.24507353482159963,0.24163971749921134,0.2394048793823115,0.23928789226370778,0.23906976050299378,0.23888106225167505,0.23923399913862117,0.23932937222544293,0.24043013976838304,0.23899183681052516,0.2381751562543523,0.23685305711379884,0.23661818723245773,0.23792877048128042,0.2384723612669682,0.23742299522283267,0.2362078239015782,0.23544247103275878,0.234721460119188,0.2332303088280716,0.23302594312992883,0.23315391652728368,0.23407687694396234,0.2339678231544895,0.2340124733162354,0.23348422780898748,0.23260747744562837
394623,226,"Gainesville, GA",msa,GA,0.19790907567511826,0.19966242681932608,0.20233986266095147,0.20237927325549857,0.20419823452334093,0.2022332795560695,0.2033610466602252,0.2022508696489239,0.20434244169728363,0.20411929396114228,0.20452205132940074,0.20359414475922022,0.2037704831156671,0.20109556734539016,0.2008562341999488,0.2001292800432352,0.2011310894839271,0.20184270397057708,0.20426817058580055,0.2055320501123723,0.20831335454099714,0.20732340240422398,0.20841921611852052,0.20652669160901665,0.20684914942053298,0.20737942397339257,0.20644134737172726,0.20599152210612867,0.20677336263592236,0.20941886286823136,0.20961408288483194,0.20853882986588243,0.20616420653098175,0.20510096501228203,0.20517329859402617,0.20699960621231325,0.20858299470847486,0.20767281619874065,0.20713904374001207,0.20645981584767858,0.20707657674963365,0.20665238489785748,0.2034391005223141,0.20267612250249165,0.20256440165261883,0.20755095402402637,0.20869744417093627,0.2095120512046757,0.20606356802176407,0.2083324508589464,0.2098034300292674,0.21123903991955792,0.2107153372335299,0.21048011207692816,0.21312474633230058,0.21485569823125325,0.2168847220276917,0.21505524184180128,0.21530158556149312,0.2155540547919995,0.2187205351497034,0.2182685805563121,0.2180285195893653,0.21395316142124693,0.21123057764182535,0.21044721799445718,0.20975639410294836,0.21077291384836916,0.21285175958116523,0.2172032432027412,0.2202220400494575,0.22088473236750056,0.220828434989041,0.22139919705569555,0.22320447225223045,0.226904955440187,0.2339755412121423,0.23885575373763948,0.24334163001346715,0.24468302462394928,0.24876534017607907,0.252842403750471,0.2558953576736263,0.2578869766563546,0.2579111076483388,0.25830508463260105,0.25757482451121405,0.25726234110152907,0.25654976920200834,0.255679707518614,0.2548551845871223,0.25331435016287385,0.2523903825364946,0.25068457058679,0.25086589767157325,0.24964772658750242,0.2504365353496403,0.24933024694641118,0.2503135149254144,0.24919179121511725,0.2472078406398528,0.24400017098441784,0.24031896740360606,0.23945504758924577,0.23796721613180224,0.23799862388477722,0.23597942694801508,0.23575657207669018,0.23425525542230852,0.23436372204448236,0.23090454756754444,0.22910743556829172,0.22736270648341128,0.2281697287806448,0.22876208033209872,0.22845577012010485,0.22732805604449194,0.22526093066966346,0.22359147671515542,0.22121251021374957,0.22122962792171544,0.22085901171144545,0.2210418434544337,0.2206345147673161,0.22055716743435871,0.21948817158701145,0.2187843227812973,0.217667540509792,0.21731855589255472,0.2171297117949255,0.21721687243937385,0.2172920888011488,0.21623208262096008,0.21505610276567502
394716,227,"Jacksonville, NC",msa,NC,0.21038051207104633,0.21066834259258815,0.21081614303527946,0.21064925270779836,0.2101819088320942,0.2096757092902178,0.20927708200898174,0.20933636642481648,0.2091078905531428,0.2087846850437994,0.20880397864160716,0.20842465583259592,0.20822004768550026,0.20759266530315634,0.20712535293433518,0.20698173174856108,0.20674743916662847,0.20704847339684135,0.20675603988314822,0.20598999692414524,0.20538244864490698,0.20505462728403426,0.20474112017684787,0.2040962653609255,0.20355647521528214,0.203513837709168,0.2037308567214353,0.20353469509200892,0.2031926882750097,0.2028435257049639,0.2029353599448477,0.20308785766955353,0.20342447950557643,0.20361658856551298,0.20379555303139057,0.20389105617730338,0.20351870439264808,0.20340825656691536,0.20354783919808395,0.20347471003611217,0.2036649658196494,0.20436795601808003,0.2053949288437135,0.20661239459451727,0.20724548191674133,0.20920899402400653,0.2115631833498872,0.21475169008227563,0.21639190365076755,0.21695815029859614,0.21804328147479887,0.21932309603499928,0.2205205699595682,0.2216365942058972,0.22240794700208716,0.22305558371930542,0.22429678493772823,0.22442662830159577,0.22409146590430987,0.22292312478096307,0.22301847303283837,0.22321681102089516,0.22261751251160297,0.21987670838753978,0.21778234878911304,0.21902114363476183,0.2201731707245473,0.22160574351271978,0.22270064103974338,0.22477332016656937,0.22740092575095944,0.22666705630812317,0.22463203366993453,0.22101703864973965,0.22338182174344656,0.22592289178409547,0.22890778352639224,0.22782098871628623,0.22741580117470728,0.22769216244765547,0.23158502156542887,0.23669534967971745,0.24038482012126167,0.24276674346333188,0.24429599869151558,0.24770051099468843,0.24813217460809397,0.2492649027145825,0.24970476200284109,0.25052338675655966,0.2518415785981079,0.25205605850170926,0.2525815365780421,0.24950114629178807,0.24773464149438337,0.2454011682671103,0.24455978780877513,0.2431362686444125,0.2423673865323267,0.24129904835252272,0.24050857065911263,0.2404393905772037,0.2395454617394177,0.23851886177986278,0.23767501656212472,0.23809230667479883,0.23802793266691885,0.23710638788864982,0.23551331769960726,0.2346564642587759,0.2331976218360107,0.23205364206838575,0.23051817620177367,0.2295900097346304,0.22833418153536295,0.22779314721746466,0.22689325950115677,0.22647129220722637,0.226114075443411,0.22617167431681276,0.22609838238057972,0.22613851725618947,0.22645004291088774,0.22641321972098158,0.2266430040697042,0.22626043334324372,0.2263756289286305,0.22619985367015627,0.22653820188987497,0.22658254547271842,0.22652335734647505,0.22629617154928888,0.22662007819164012,0.2265946288849833
394597,228,"Florence, SC",msa,SC,,,,,,,,,,,,,,,,,,,,,,,,,,,,,,,,,,,,,,,,,,,,,,,,,,,,0.2194350581013646,0.22031152433360182,0.22179659316020797,0.22241806112083326,0.22290370602886317,0.22200288270976085,0.22105901823056412,0.22221630634699102,0.22402302895584192,0.2281503024274964,0.22598250453951813,0.22445760258157257,0.21865268932406606,0.22117656899039462,0.2250888458295447,0.2304665355447798,0.22829413155159237,0.22905341405008126,0.22925186802960806,0.23110937070910148,0.23257408778075445,0.23325024274581188,0.23591481172661408,0.2398067688914435,0.24199085329960648,0.24119268168043254,0.23869688103713343,0.23849684152306502,0.24121494437896826,0.24465627265920695,0.24880959630365035,0.2517397209738213,0.2536132159470783,0.25325265932140084,0.2516960567613548,0.25060764553989756,0.252392960754633,0.2518324269003461,0.25406431212299696,0.25267592541393885,0.2559577066235278,0.26059412432945805,0.26532717528218014,0.2644288702665598,0.2615769451358566,0.2592685241188784,0.26118025313263804,0.2622875552317677,0.26351125165721967,0.26371655935060884,0.26297240102899244,0.2624741181121293,0.25995086625395714,0.2569167775274099,0.2544610029338618,0.2575405167379712,0.2568863178028264,0.2575568191809936,0.25321979833629243,0.2519294166522658,0.2500594320510314,0.25204033778922297,0.2537004747781048,0.25562469624033873,0.25095693368467903,0.2514109239908362,0.25127914043544314,0.25502606182416565,0.253065220603425,0.25148664349455424,0.2535916111079314,0.2537218602629373,0.2537100403089814,0.25191325080096455,0.250784225371563,0.25010173138732916,0.25427695017277463,0.2551931596123707,0.2564148619613171,0.25317792722741184,0.25611502485627574,0.2581399161484251,0.2590985798650927
395118,230,"St. Cloud, MN",msa,MN,0.1565795987201356,0.15958702667599034,0.16019021226869679,0.16024134902986767,0.16059751656492566,0.16135896149206475,0.16210971553912062,0.16365912499547272,0.1639774835246802,0.16381536816094508,0.16203024609021996,0.15976676961096856,0.15846880683835782,0.16039750286008986,0.16124941761555275,0.16234853712823458,0.16146137468848898,0.1614001923503645,0.16242087520400503,0.1614164847533449,0.16278625578757772,0.1614025029792537,0.16306194498711368,0.16248641789824675,0.16332013836359366,0.16122942111714533,0.1605505036895854,0.16062005493953563,0.16178552449133046,0.16300157110094493,0.16202462191024344,0.16219125780932306,0.16115020866280952,0.16060608869339654,0.16135005003381317,0.16041881310128056,0.16368198064059586,0.16240480110309313,0.16298054534786283,0.16094539618436046,0.15847575987228207,0.15841297361407825,0.1575133228627472,0.15983975439425738,0.1613058152996929,0.16310375023738904,0.16348687053429528,0.16461930804640248,0.16096114819859064,0.1615970210744199,0.16160743110094195,0.1631484329243744,0.16500533704488887,0.1651962655380059,0.1669425440388156,0.16600622697538317,0.1660672341562167,0.16623561316991667,0.16637659994531512,0.16747198836088542,0.16999222536437086,0.1717095504230537,0.1669063381120237,0.16397497039656245,0.16182923854801354,0.16288667600391046,0.16381343551391025,0.1651265651470571,0.16986118611454107,0.17182817533722072,0.17292511208274697,0.17074247832819117,0.16988154365326394,0.16970731877978382,0.16881526750119064,0.1692146965567787,0.1700694797944652,0.17103057783681286,0.17072384670769125,0.17189331952781114,0.17269907530228404,0.1763894221289267,0.17950367859527885,0.1823585866612594,0.18490829085770577,0.18457929253434788,0.1871147144421658,0.1864214911170406,0.18724854647892739,0.18488503505247528,0.18490384295199305,0.18393458208529348,0.18363565814010469,0.18201030463848342,0.18084113568635382,0.18039341386234511,0.18020901981065907,0.18065785170541168,0.18085443756746283,0.1829002764963047,0.18366970915140277,0.18525803003861233,0.18392528389969548,0.18242087399511653,0.1811125185009091,0.1809355048196539,0.18203383685315286,0.18071415789992604,0.1790286941047533,0.17951830208018835,0.17890841376300665,0.17929572884251296,0.17915856272441416,0.18118740011884424,0.18276333438458142,0.18335875236642413,0.18319013620583696,0.18368132884791635,0.18331477052753695,0.1847229734760508,0.18520001301258335,0.18573527360326927,0.1855619781040332,0.18425893921447714,0.18373006139729647,0.18193449361698485,0.18145295611302767,0.18193375909752224,0.18299116474622032,0.18317735874064142,0.18326295857432662,0.18289571588319192,0.1832098340832957,0.18238057177456174
395011,231,"Racine, WI",msa,WI,,,,,,,,,,,,,,,,,,,,,,,,,,,,,,,,,,,,,,,,,,,,,,,,,0.17359732772045955,0.17449543059005665,0.17452486863566283,0.17522878184432839,0.17239059897285944,0.1721688336341097,0.17175238554022373,0.17260249037472056,0.17152235810616526,0.17181256730153693,0.1715833672155561,0.17291015617830768,0.17416910218498124,0.1755757368236148,0.17405778773348346,0.17283250397964062,0.17357712178534404,0.1720720052662399,0.1714623223890019,0.16887142584061401,0.16889313347368173,0.17041025232691456,0.17210666317620973,0.17355255115218665,0.17146919363195395,0.17143284491619112,0.1714742663447214,,0.1728497077226985,0.17328177417149082,0.1724841274404813,0.17422349964954503,0.1779528272095704,0.17904905000225216,0.17854263327053252,0.17708232763529422,0.1784935916192415,0.1816678020738023,0.18213150265556036,0.183999159153139,0.1830826311931746,0.18404279252854594,0.18647259956037077,0.18767793445932787,0.18800948163682546,0.18645134981753628,0.18903877021593224,0.18840493963162827,0.18980755441837988,0.18665729417427396,0.18935970117571774,0.18788637307917655,0.1900250697626454,0.18873977145323292,0.19027852599066053,0.18887982809704734,0.18819446666232437,0.1912684531119926,0.19068847374391001,0.1943250255454263,0.19203416896280193,0.19498860555746467,0.19255230354873074,0.19260119768988376,0.19098409137073588,0.18996863072182785,0.19021689186416188,0.19246942071350068,0.19582721948502696,0.1934552978449707,0.19359158733375634,0.19344582210658534,0.19607666160668474,0.19447201241653883,0.19567855606516255,0.196579670951708,0.1975674660124002,0.1994399860131628,0.1986575528090136,0.19784980991859236,0.1962038841457047,0.1975182406795789,0.19787339078568375,0.19689886589569794,0.1960339275019271,0.19666841328139004
394380,232,"Bend, OR",msa,OR,0.2541422477657552,0.253451021181439,0.253458379684931,0.25361360262119903,0.2552946932968658,0.2540946492384599,0.2556319606461234,0.25700914128436064,0.25901311005250566,0.2587138587819567,0.25637166393478633,0.25279491348618877,0.25371096480274924,0.25553372560010523,0.2564513145964914,0.25575440563796026,0.2573874202306525,0.25925665020358657,0.2590318395423493,0.257516597675116,0.25677050114035216,0.2571830396669066,0.26029177442850876,0.26123342969530616,0.2628335505013045,0.2627959486702593,0.2641186204792943,0.2626204380564854,0.26097590534197906,0.2603053331524681,0.26064947765522223,0.2595892396606125,0.2580348563958312,0.2570422335256362,0.2558861749828219,0.25602914493018497,0.25469221777550705,0.2533828783610285,0.25206740272395894,0.2519440270028432,0.2531888921595888,0.25232934750626396,0.25208144247966313,0.2528185600573855,0.254373125743686,0.2556471382322216,0.2573507974822696,0.25794717588783983,0.2589839573300311,0.2592768261399948,0.26013036581197224,0.2616665576747356,0.26180545471935485,0.2634588081469805,0.26456841930178027,0.26588807020434274,0.26705655470752976,0.2680975727849256,0.2684063287523313,0.2692400422297309,0.27019772883355575,0.27172616917211284,0.26624239003792277,0.2629946127947977,0.2596280647953356,0.2598893932669144,0.2624127082876841,0.2654444833834333,0.27251538785875246,0.28025276967688184,0.28715473241872796,0.29046032299971625,0.29395837024335714,0.2949540302909672,0.29751861532319096,0.3011842151723869,0.3076083049436465,0.3115531310858325,0.31290015285171896,0.3119689100449915,0.3106548919137423,0.3071653898948348,0.3033909607003237,0.29920329053597217,0.29670916927356317,0.2944635131798816,0.2911910761119921,0.2876626939936191,0.2849665811428102,0.28201594541266894,0.2796382199300378,0.2774844852680245,0.2767514986212135,0.27661493697828426,0.27667157335401277,0.2754939246733151,0.2731860828068941,0.2713586213451531,0.2711266686030131,0.2707782610674303,0.2688377103082713,0.2668723576274618,0.2648084161534665,0.2633061179052367,0.2627249351584723,0.2632811274784175,0.26402393772082666,0.2646584882087633,0.2635332212925732,0.262881301556314,0.26262933923497056,0.2611861191670392,0.26042578158507484,0.25789657660649473,0.25742782416212023,0.2561510465671262,0.25579083915324924,0.25474068512995374,0.25356481890582727,0.2512121119670095,0.2515552129019468,0.2514041087725798,0.2501506802164506,0.24977903917582187,0.2494765305570911,0.25064536590568887,0.25039928861732424,0.25065966472441636,0.25057324995490043,0.25062414579756914,0.25065837575610295,0.2514649199903935,0.25157684684972553,0.25188939801850385
395047,233,"Saginaw, MI",msa,MI,,,,,,,,,,,,,,,,,,,,,,,,,,,,,,,,,,,,,,,,,,,,,,,,,,,,,,,,,,,,,,,,,,,,,,,,,,,0.17196683768500787,0.17443481420914556,0.17451582643684113,0.172828550306938,0.17261444489657043,0.17657071681340683,0.1813333422668776,0.1840001987024148,0.18393842467772847,0.184275685693561,0.18572165827802364,0.1871192876246701,0.18615500407343613,0.18530599446560606,0.18511211859058951,0.18745958864021225,0.18836896217447885,0.1865689158075696,0.18419406945066968,0.1851663195570351,0.1860536689716488,0.1853224770345422,0.18394268456124496,0.18104845005423897,0.18164237483679066,0.18137444330289618,0.18358319557909375,0.1822121150770498,0.1816904614338647,0.1803887048961069,0.18213235104959993,0.18152330895139318,0.1826846277196232,0.18396129154440333,0.18408391367904564,0.18527450389629224,0.18389936820250077,0.1854702324883145,0.1830130991394036,0.1830711920334738,0.18162431086229874,0.18226581458317456,0.1834474016429218,0.18502627026584473,0.18570047302326895,0.18489277560465675,0.18411327525124258,0.1842865172274667,0.18521550489823613,0.18418529956360544,0.1849273541573986,0.1851422290956918,0.18630899255607547,0.1866514864004639,0.1855536549448584,0.18473087892795276,0.18378954419873347,0.18397213171793889,0.18485902534667062,0.18478908701220276
395202,234,"Warner Robins, GA",msa,GA,,0.18877032784183265,0.18783077303947496,0.187872306740641,0.18647459779686607,0.18506820037462796,0.1835245046938504,0.1836176585002988,0.18385438697958503,0.18376978517978634,0.18334910663041273,0.18269606134239913,0.1832021592209293,0.18203887537224528,0.18272408801703677,0.181914620563632,0.18284218909528027,0.18246043405735865,0.183182457271185,0.18362569899784312,0.18377969489102433,0.1840314879570676,0.18426568051671235,0.18483350067298168,0.18343710578709418,0.18265953528662765,0.18156056389318737,0.18230987414696564,0.18196149770005127,0.18363825105382425,0.18443472350390627,0.18407303666579278,0.18319913945608698,0.1825468919643897,0.18340887624516317,0.18381234471170896,0.18508826981448093,0.18626750509418089,0.18654247025308354,0.18592978754584427,0.18571923696197123,0.18530797802407062,0.18573157897552517,0.18661260212334702,0.1859170188024158,0.18671362196995958,0.18480291066275395,0.1846264843915201,0.18339661333005342,0.18365750736612674,0.18388976428748813,0.18419919197675944,0.18446976846578694,0.18417947904783566,0.18351013795964646,0.18309569127353315,0.18443605426669504,0.1846329431576297,0.18620245647817124,0.18675689661896144,0.1880745939802305,0.18797957278224564,0.18627374769156832,0.1846202711421138,0.18313851098513156,0.18353152208775708,0.1848579962231599,0.18496063696577986,0.18732173740816635,0.18921684132525213,0.1919905797952118,0.19161087899446286,0.19105913328449523,0.1907373725072725,0.1931995840195674,0.19611583801808152,0.20015406145086106,0.19910863437086374,0.1991972889715825,0.19870250739525297,0.20460637407137566,0.21009026141972692,0.21412959919130137,0.21601552502436094,0.21920704136759683,0.22036098481954147,0.22133239008103292,0.22071897485046238,0.21979712089642248,0.22069869119734428,0.22126477722190802,0.22463206315270212,0.2225168982560319,0.2232726394869325,0.2231172799969677,0.22550275741991496,0.22454900332413022,0.2255443160079522,0.22514044720527604,0.22720969925168408,0.22762147900630036,0.2306502668641826,0.2316692627043879,0.23220140267195963,0.23157674584466575,0.23012479432919858,0.22962993493188932,0.22783435855777887,0.22736392277316786,0.22771127571391775,0.22911480703889125,0.22982433101140032,0.22987804621130967,0.22791442352741836,0.22741694180094757,0.2275378439512411,0.2287299681993687,0.228493588668412,0.22744998036775552,0.22691801560649974,0.22924275129539037,0.23004416349396062,0.22918053132011854,0.22783296602242437,0.22780221131083156,0.2281264882417311,0.22836003821333703,0.22775419385327036,0.2277685765649641,0.22863988127164464,0.22982546296512307,0.23072557507297298,0.22946182716407898,0.2286118607361193
395151,235,"Terre Haute, IN",msa,IN,,,,,,,,,,,,,,,,,,,,,,,,,,,,,,,,,,,,,,,,,,,,,,,,,,,,,,,,,,,,,,,,,,,,,,,,,0.16870733374070784,0.16545526633753532,0.16610759285622298,0.16769465689987323,0.17181813660050077,0.17510961909619244,0.17783146137387362,0.17931471214750758,0.18071627779158175,0.18186002667493334,0.18480595854940488,0.18115688793435253,0.18153633251069662,0.1842041142462466,0.1878146889659713,0.19074704386398905,0.188913902036767,0.18600576211734768,0.1844421859769218,0.1837856137446545,0.18507541924111034,0.18526199048753336,0.18629437904974205,0.18894376271017013,0.18805781126945864,0.18557493964170033,0.1840522818477525,0.18375635011920166,0.18571084764723125,0.1841041657548696,0.18191596767970722,0.18052800243999856,0.1808465930892203,0.1828601362683321,0.18250951993490067,0.1836332620549966,0.18344503221870695,0.1834659307876385,0.18302069741077123,0.18308280078335518,0.1834818298042104,0.18321162438944705,0.18455016325262258,0.18310230776209066,0.18263506067606528,0.18208135653366594,0.1821555550001465,0.18093827651408284,0.18288217591619046,0.1843809434246929,0.18478749787616966,0.18425189017775132,0.18322398182888874,0.18491561641083248,0.1854519060367521,0.1875417237801355,0.18788155024976427,0.18765170266396974,0.18782624819384608,0.1879300869618009,0.18682058540560667,0.1861565636232541
395009,237,"Punta Gorda, FL",msa,FL,0.26541664769707746,0.2695790703984277,0.27051700374177245,0.2743669900939063,0.2730187914446996,0.27793387032603123,0.2798364823759223,0.28505587885681855,0.2819595233881234,0.2816829438613733,0.2787463890073414,0.28227609840058315,0.28277575923945103,0.281717966672811,0.28000656351156145,0.27636373258588637,0.27570267224160183,0.2729040585617694,0.27402222753572575,0.2744226799095379,0.2751284818470497,0.2747328861048396,0.2745040078810607,0.2746168138727316,0.2736287725125441,0.27322264351444825,0.2775217713833956,0.2802504645889973,0.28251747966496005,0.28104562783471543,0.279382120161897,0.27610650924219693,0.27563239700197395,0.2753855888374905,0.27588994684414914,0.27395660587713505,0.2746160546648297,0.2748470007762006,0.27385770548335564,0.2725357047317375,0.27201080181183684,0.27150741558317304,0.27173825084316106,0.27121209767118065,0.2720777794459368,0.271193440316125,0.2707881735276391,0.2682299871030229,0.26860692116664964,0.27082558616417807,0.2695337955749276,0.2695308441810304,0.268809260176246,0.27020463669939476,0.27052337862794124,0.2722561265444515,0.27242989825258473,0.27402469182120315,0.2749275896599636,0.2781562974236792,0.27818819944985373,0.27674327620049444,0.27208136783642506,0.27029345037145047,0.2717716420367227,0.2731905824458136,0.2773066165626996,0.2797383629571329,0.2808158405426325,0.28067557953795835,0.28088981786991957,0.2807849980768406,0.2783097516882504,0.28134783497801635,0.2851485605255218,0.2895672888278842,0.2882695132177291,0.28929101244501226,0.28814567873895064,0.29443694282424826,0.30605727652425707,0.3174533471726294,0.32736850140768725,0.327133138544594,0.33446060211577,0.3333351993284459,0.33276068076947624,0.33176224310807084,0.335483127281068,0.34088599720600793,0.34433283577926044,0.33874028561654373,0.33577874932391927,0.3367731820282468,0.3427894331035317,0.3483827077290663,0.3466134095325819,0.3456066881431671,0.34545743222412945,0.3459307206939212,0.34568334861964656,0.3430194994770983,0.3411315293790698,0.341791098161001,0.3377858525481585,0.33369450465937756,0.326078576519024,0.323293925290678,0.3217484771816872,0.3233515161864012,0.3240943186824833,0.3223422026248166,0.31737048732201656,0.3141578439147475,0.31088416105266503,0.31060556608147866,0.3093347265223537,0.3097407582884199,0.30914139661429696,0.3081860531055533,0.30624302228797934,0.30315848984795124,0.30012052556784696,0.29842701329337057,0.2985725026451775,0.29840084350618346,0.2983200343654506,0.2962307293779532,0.2963773143951812,0.2946661861890292,0.29426674931351304,0.2923025465933859,0.29161651014462553,0.2905438376148169
394386,239,"Billings, MT",msa,MT,0.16911200208343632,0.1738532055737894,0.1764197460532895,0.1794586945716404,0.17995297891758943,0.18016149265560236,0.1775849810043662,0.17606724276924018,0.1731420424371248,0.174910850601055,0.17358604645896358,0.1735935798423194,0.17160952072667943,0.17316226043262664,0.1730235599191041,0.17190100192788887,0.17106752598807926,0.17136737039309086,0.17266428457567862,0.1729751688601673,0.17401183651112212,0.17330707427625255,0.17322892947678104,0.17112217253421025,0.17199332807267131,0.17222861344143772,0.17318220246604413,0.1726733246371764,0.17168629128402108,0.17120855211613398,0.17080014325770773,0.17080187242922765,0.17075012121947333,0.17020101570419927,0.17034343743270727,0.17001944116522602,0.17004929031138813,0.16948913222901943,0.1692154949605289,0.16881326239245065,0.16866408755655468,0.16915135817535878,0.1697860011681955,0.1703982360643607,0.17104134411905278,0.17152122605629305,0.17225921481227233,0.17302478184308845,0.1729171093984636,0.17302488526364118,0.17276639266384825,0.17345989159602154,0.17419944944216578,0.1742316908163825,0.17399585584597568,0.17388803556629875,0.1740449136998044,0.17499750817179488,0.1753737742666757,0.17652073187322706,0.17766226897744844,0.17868600060300524,0.17795965574167963,0.17374639040126066,0.17093897139862232,0.17065496432735575,0.1726527437759079,0.1742359770805323,0.1757946209406363,0.1767851413876536,0.1778388486030074,0.17702658791426135,0.17492632930458185,0.1736296203417872,0.17360120462828435,0.17736005232661348,0.17897337088303875,0.18104301814393228,0.17992099888717517,0.17972734673768886,0.18225586350645637,0.18573971055848715,0.18947537462782485,0.18894516395794822,0.18921724621706737,0.18939164800895245,0.19093219771820716,0.1909558006393004,0.1927493345833896,0.193123574202852,0.19465968946297113,0.1952648497708134,0.19618402100259816,0.19662716558381552,0.19599224641095922,0.19714007575657028,0.19827948409144774,0.19931780283508352,0.19940178047143894,0.19813640262713964,0.1986573384562486,0.19739801749584382,0.1973458441742368,0.19640454672554106,0.19693747260621586,0.19666847428553952,0.19733390259307237,0.19884165673359655,0.20000162086603582,0.2003497615540226,0.1993380943252985,0.19957417409947784,0.19802695346666438,0.19870254636643123,0.19813251682837543,0.19921154691974108,0.19852768811789245,0.1989900148748169,0.19877872519943302,0.19823793796436265,0.19769309509049723,0.19717055137636222,0.1977491889203083,0.19809439490492453,0.19866053825912516,0.19880905848434102,0.1991940587782118,0.19888313435208962,0.19927723842290246,0.19925657260830154,0.19945828665598503,0.19905496073549694,0.19898961772550988,0.19930139354004103
395018,240,"Redding, CA",msa,CA,,,,,,,,,0.22184112348251842,0.22254793827655328,0.22444057086008848,0.2235185012538099,0.224798639829556,0.22581905752782797,0.2275959473670916,0.22654945298572998,0.22364902584696356,0.22228766264333474,0.22310945875554544,0.2234598482955581,0.22292276328442434,0.2230034473887943,0.22199779695634664,0.22285806693720425,0.22213620784583835,0.2232301422070968,0.22314258127596598,0.2226134102316377,0.22287704524833635,0.2220954767578505,0.22052477545101618,0.22010917498700486,0.2199631799311665,0.219607246797257,0.21844790677495868,0.21613354943561122,0.2155493887819306,0.21382478206364924,0.21241014969096825,0.21098773078950514,0.2107773705710983,0.21201725931140472,0.21181602835737545,0.21205640871547948,0.21145191580194964,0.21073614096862925,0.21234018586063028,0.2133393464022815,0.21383429896426437,0.21451157650378946,0.2151670264946826,0.21629535880712453,0.21660263858179984,0.21652042958375536,0.21771196461900807,0.21814602106368747,0.21960309499916272,0.22121200266624694,0.22152552040227755,0.222534992183723,0.22329008504443226,0.2239060402130899,0.22487544622969566,0.22372177221287093,0.22348297834303157,0.22259864058774434,0.2210530112429907,0.22026716426208254,0.22063950313843977,0.22428039946582026,0.22564208962170632,0.22675839453670213,0.22561964310167457,0.22594649774434983,0.23024530862453102,0.23184903837552046,0.23393607679368766,0.2337610225143695,0.23527747415760233,0.2373779039178852,0.23840069659510554,0.23876659729975955,0.23905535191176797,0.23788531891799108,0.23689760273139102,0.233908914032929,0.23185811950950783,0.232871989989669,0.23563561372898686,0.23503957916495882,0.2337284602182733,0.23205248006627457,0.23397810768067795,0.23502077933743104,0.2366831840315644,0.23706494634959555,0.23819153568003165,0.24025102858687566,0.23981922617137022,0.23929878279965458,0.23694836968551186,0.23898347099807687,0.24022595853497988,0.24114669402973973,0.24187809010012049,0.24200507975193367,0.242908967997884,0.24189970360321555,0.2414512366861965,0.24142206501827018,0.24255935386046829,0.24458394340308046,0.2441221291563058,0.24558108467622655,0.2459612397310205,0.24680434231214518,0.24579685134138227,0.24641432266780003,0.24675762389617317,0.24867019773988647,0.249768645637359,0.2512478504295398,0.2516096355912661,0.2506744098895575,0.25226472904444314,0.2514019414595599,0.25194618684129244,0.2524095819201138,0.2540242484514346,0.25495339630031727,0.2555417396362864,0.2559410877323845,0.2563133616539667,0.2560394727173099
394748,241,"Kingston, NY",msa,NY,,,,,,,,,,,,,,,,,0.2303467463401442,0.22982024232270648,0.22572750190682578,0.22599082494954284,0.223676782869721,0.23027744650631143,0.2301151429497046,0.23069712062793615,0.23275505736975635,0.24183202647191637,0.24373387582330322,0.24279821831431384,0.2417380960270128,0.24535340050540896,0.2450040683632932,0.24030999830220368,0.24206168451961915,0.2410037567362325,0.2465700040983806,0.2513707092825706,0.249069100176579,0.24488756255801533,0.2399966302167134,0.24477415956694565,0.24520100841185538,0.2556883663913949,0.2624546008102364,0.27028018433449624,0.2659590681764628,0.2644574289585846,0.2616223337989499,0.25693268644834083,0.2569625541851704,0.2614257241495348,0.26575920490552507,0.2638338363992655,0.2660246340141615,0.2583958523728645,0.2569022071725143,0.25638874011070845,0.26152378730115244,0.26442140703386025,0.2666606443882957,0.2717388995251642,0.2769877578885004,0.27810940650358323,0.27107691422924224,0.2647832606515095,0.2639142115187129,0.2628570973213996,0.2667000803910924,0.26878615527736366,0.2747161758910295,0.28011890689051766,0.28405133171194386,0.2908451508142032,0.29033694138155774,0.28646695418140344,0.2808478100317803,0.2841611953672435,0.2894269184813618,0.29386486428830205,0.2946728633830085,0.29547803300630204,0.2950908892781771,0.2981519512396888,0.2980821744253214,0.29783494357480295,0.29297767035730043,0.2945817851270024,0.2988505867783715,0.3013535434799102,0.29765474003143155,0.2945554756836212,0.28968451643817805,0.2886353049125988,0.29049405179211507,0.2922472684066767,0.29434938733141186,0.2923452675353751,0.2923883050246931,0.290559601181653,0.2915901012304057,0.2918833240095662,0.29257650724668416,0.290620197765553,0.28931019627424115,0.2880047208281704,0.2859585906729391,0.2820556945966248,0.28106220116494596,0.28259614733709,0.2888116805629608,0.29065968655255014,0.2902466720178564,0.28768086305187146,0.28872752771350346,0.28916069345867834,0.29114434890764046,0.2915060402114692,0.29055983217673514,0.29092036925581566,0.28806410769139973,0.287372140334593,0.2879586402922395,0.28705400568348194,0.2855785587280438,0.28606199454739945,0.28484213482774234,0.2854794825572039,0.2851161387314211,0.28520997915411384,0.28638980023189725,0.28742255066416716,0.2894647318064552,0.2895068228072265,0.28610127736082974,0.2861380478138208
394960,242,"Panama City, FL",msa,FL,0.23226720853952706,0.23204517548310874,0.23250924831056885,0.23392178971093375,0.2340041421381013,0.2337143436463411,0.2328304114268999,0.2334117308954244,0.23300541750706202,0.231611300946496,0.23125228924947944,0.23165445676016355,0.2317730230068316,0.2312914362911405,0.2316509864041798,0.23124135093148773,0.23203900869212202,0.23067317265225618,0.23077727220273195,0.23038751499113902,0.23221769153745989,0.23187088267177175,0.22896735925278905,0.22753786432529127,0.22891308324956855,0.23144113019226523,0.23155824784188092,0.23270224829721622,0.23350009119264178,0.2363216175828419,0.23533726662660626,0.23690103027513768,0.23612887011953457,0.2359611139496799,0.23274998885805373,0.23021887621297796,0.2300982972090167,0.23005477658905843,0.2316929372267098,0.2311842112910455,0.23158043424053953,0.23119530176472342,0.23301062280539056,0.2358626116817059,0.2366585296378029,0.24156171557643386,,0.2655673543612975,0.27098846589298164,0.27250795435181824,0.2757728792833113,0.2799637676395209,0.2829346194934534,0.28573201549819904,0.2879124063944877,0.2872566253109582,0.289041453718154,0.2865884039109714,0.2783917875698481,0.2714239685989506,0.26632046662352604,0.26276172522061597,0.26215619646216487,0.25933555627440064,0.2550698960666557,0.25420033273532777,0.25413689655288135,0.2587911019581183,0.26257362596101447,0.26593031601647305,0.267744413985512,0.2656202083048433,0.26536862089814256,0.2663206638898042,0.2715464474284405,0.2747708875912581,0.27842298054746506,0.2785016925435085,0.2787501767197881,0.2814348681534105,0.2867124660625608,0.2938288994946442,0.2971213539931817,0.3012900063403983,0.30404844706343787,0.3041264453054774,0.29986496332679885,0.29725556301018996,0.2967037974589116,0.2978399851381704,0.2977804342670636,0.2950186732456126,0.293229295802813,0.2886870150603055,0.28692941245220704,0.2836453587468222,0.281817106262309,0.2814609843099174,0.2820190069544974,0.2817322943975007,0.27965347527986,0.27679363591705,0.27335055758532245,0.27090635601548047,0.26800270970328943,0.268200550502137,0.2673660609737038,0.26523134999023895,0.2620648425259214,0.2598546694967688,0.2599261488035554,0.2592848823289117,0.2582310889071895,0.2563442845270569,0.25510140348672106,0.2542363613425883,0.2529305733587271,0.2508244743474932,0.2481790478422001,0.24821216145496447,0.24751244588722918,0.2476757818878968,0.2452952143026284,0.24351929649946158,0.24249431675045585,0.24245790959396596,0.24244950828389655,0.2421668364578503,0.2424333985047336,0.2424271126512984,0.24290784288211123,0.2421379635005688,0.24259140751011987,0.2419546498119473
394729,243,"Joplin, MO",msa,MO,,,,,,,,,,,,,,,,,,,,,,,,,,,,,,,,,,,,,,,,,,,,,,,,,,,,,,,,,,,,,,,,,,,,,,,,,,,,,,,,,,,0.2179100750355194,0.21592954537144687,0.21503726849806706,0.21586427161631183,0.2213682206459681,0.22488477213873392,0.22437543005510538,0.22457268215801052,0.2245350027606294,0.22405131036923992,0.22077296454670087,0.22023803199241831,0.2196101470279541,0.2208690193150227,0.2211774142248326,0.22262316769929463,0.22139219419107603,0.21867008445538444,0.21803345872048693,0.21662780592901038,0.21807406631440096,0.21857244493540506,0.21951589335054872,0.21832563631368582,0.2160862316096292,0.21734804423224957,0.21688177361254835,0.21519554275991506,0.21185797451832844,0.20996604730242585,0.2105863910275898,0.21073734469388936,0.2104415304868569,0.2100795066718458,0.21000266522276367,0.21043187332872176,0.20999916278345457,0.20826747467621068,0.20870211615005196,0.20962267535289664,0.21151108844823832,0.21330218208686055,0.21308583141001156,0.2136016859551717,0.21339035164558826,0.2137830354276232,0.21451416005168789,0.2153821347117358,0.21752914149495445,0.21889794228063986,0.21992969922861608,0.22099770528870782
394539,244,"Dover, DE",msa,DE,0.21593100829405532,0.21577845990006214,0.21992221999280176,0.22041698873992793,0.22250787629301144,0.21995543341024515,0.21915062727791249,0.21811820656757852,0.2165181666446892,0.21700224185994238,0.21904971325263298,0.22148502792489513,0.22067444079153412,0.22154004626321278,0.22058005566387265,0.21972956842320163,0.2181043117010172,0.22025508703229,0.22144413980187067,0.2218342114528206,0.22150476107946038,0.22224844943348418,0.2216706238127169,0.22020817163723583,0.2211030918814257,0.22275493685307576,0.22557852060369968,0.22671559923519044,0.2293679691423355,0.22777955320300525,0.22928179861228196,0.22731717486131153,0.2289451845443443,0.22903976192736342,0.2298865289353455,0.2331285403668223,0.23292945400921103,0.23273395086146678,0.23011826730379425,0.22970928831817827,0.22925033596319408,0.22951118027365508,0.22809004126448706,0.229288783396225,0.229478908000442,0.22971376077443137,0.227792618223976,0.22693393090513406,0.2278512512203054,0.2284648048074739,0.23010729263289803,0.2310809551142231,0.23138698667469235,0.23199349760736615,0.2324349838258949,0.2326152142677398,0.23185389407693532,0.2314886194392227,0.23262463048229734,0.2321471307271177,0.23155360376928755,0.2307751690295638,0.2317987287240713,0.22921599683050098,0.22613412551587875,0.22563753179343718,0.2248697215844453,0.2263444055396003,0.22713972358780354,0.23098991452998274,0.23367487748885565,0.23441099522741607,0.23330919080623583,0.23433344839305814,0.23719896640115026,0.24129588487215622,0.24451954064426956,0.2443726349826824,0.24742254841637545,0.2487938734573937,0.25690216655677733,0.2622227117386753,0.2651079011179138,0.26410756455332207,0.25984567535022673,0.25944944739546655,0.25795704088070254,0.2588985350894521,0.25962061888944654,0.25922863881065406,0.25568339526071965,0.2525580898620914,0.2490211470827888,0.24838720513291684,0.24860609409500783,0.25105455153105904,0.25205966833516213,0.24980609348921087,0.2466336805325456,0.2441640289662754,0.24294795891526438,0.24481857641283009,0.2480612486979934,0.2516489625429197,0.25022713616988235,0.2486529568796479,0.24694981538411806,0.24688928633028423,0.24689891077901646,0.24644841818081417,0.24652306109490305,0.2458287117279678,0.24499229885158164,0.24238565111487365,0.23873877176607636,0.2359576740745548,0.23578644359948756,0.23595952985509844,0.23606257148259116,0.23498050370079268,0.23485566919162715,0.23568636830002784,0.2363019131787984,0.23649713398261826,0.236234503670555,0.23627481264200015,0.23692381012983008,0.23673302680404446,0.23686117799170273,0.23631868491117633,0.23568725934234425,0.23473391582140568,0.2337175567242765,0.23259964480755388
394559,245,"El Centro, CA",msa,CA,,,,,,,,,,,,,,,,,,,,,,,,,,,,,,,,,,,,,,,,,,,,,,,,,,,,,,,,,,,,,,,,,,,,,,,,,,,,,,,,,,,,,,,,,,,,,,,,,,,,,0.2813093436561877,0.27776878831356966,0.2784711118086504,0.2782450953849635,0.28372803127842633,0.2838457828000802,0.2798274324914915,0.2814491974112987,0.2877966435233217,0.29181415831559215,0.299837704399529,0.29369338977651843,0.29457168487864127,0.28853869081448125,0.2894540038750563,0.29051826919457335,0.2850906671284032,0.2894493495830814,0.2953539130700372,0.3040953931123589,0.3061795101058496,0.30247001898559667,0.29734964721773993,0.30212685459576083,0.30038480508547766,0.30798021306464657,0.30759453046008584,0.3088195865013736,0.31256581298396463,0.3102051942468324,0.3092442621749892,0.30310213915391526,0.30070530567128023,0.30317492809595603
394712,246,"Jackson, TN",msa,TN,,,,,,,,,,,,,,,,,,,,,,,,,,,,,,,,,,,,,,,,,,,,,,,,,,,,,,,,,,,,,,,,,,,,,,,,,,,,,,,,,,,0.2254747149517937,0.22819052366117457,0.23016139542652223,0.23642582971805828,0.23305763170236787,0.22936423837601858,0.2291671377536239,0.23150093499967897,0.23086408523431085,0.23133499576827932,0.23424520691882816,0.23613965897246647,0.23664109951370516,0.23658575732614626,0.23844442612026526,0.23886656428125908,0.23709191992408257,0.23725557001094447,0.2361116750124311,0.2382033519558895,0.23891317383067345,0.2381372692713231,0.2393013317567155,0.23873455075316882,0.24211085354694492,0.24134769378730248,0.2382370796976767,0.2350354146965683,0.23696367957700165,0.2387618368619264,0.24201371314608391,0.24092352960085614,0.24438119350334278,0.24353509152486819,0.24373607930360322,0.2423327851512092,0.24461111276224293,0.246056272197423,0.246280590365898,0.24755099960615123,0.24802635371395707,0.24753365883383427,0.24597224805293788,0.2462018177578148,0.2441002984564283,0.24560535492122185,0.24528082922076558,0.24711258832446872,0.24465246698994617,0.24439639205100747,0.24585694274918782,0.2467090286854996
395246,247,"Yuba City, CA",msa,CA,,,,,,,,,,,,0.22654689546898388,0.22604307409254593,0.22542992227054356,0.2255527541073777,0.22116281981963806,0.2221163654610765,0.22458921923663616,0.22575714006659645,0.2235946743922413,0.22446571220462225,0.22739623608828663,0.22959429960280286,0.23248486923807626,0.23407583598075163,0.23581184137578667,,0.23629416578970178,0.23747269206109045,0.23907278327866022,0.2424950676224469,0.24343827164860768,0.24202602015819952,0.2409229360540488,0.24162399918133431,0.24095474215644425,0.2404880221431796,0.2403651350783819,0.24087320718047264,0.2404601236092829,0.23864754332136898,0.2393440083919765,0.236878086265906,0.23878391178850292,0.2398559040465283,0.24243846881474432,0.24208016327878745,0.2433013818724345,0.24606861014768355,0.24682932358802356,0.2479106392891136,0.25073356128486646,0.2529963894170833,0.2532934614637071,0.2555980906075096,0.25621069606840285,0.25833225972706536,0.2586558955866397,0.2606538307383248,0.2620889087455169,0.2622334347144175,0.26345909987194727,0.26358105512800395,0.26071140231225975,0.2595008431352531,0.2577128697087354,0.25740552893351254,0.25938438632748806,0.26263864178038737,0.2704082988246393,0.27450670817785744,0.2754858255089813,0.2737603800960684,0.27478789469436926,0.27982078007640365,0.2867535586839981,0.2914855798278503,0.29605581491749083,0.29652221319278377,0.29762914244466937,0.2982122728290576,0.298179634077158,0.2976100540745651,0.299151013412625,0.29917530515746044,0.301232714107861,0.3002332025255102,0.3014867088133047,0.3008126279273104,0.2997129944328735,0.2985946647758691,0.2964853023171382,0.29555643363961226,0.29260025215956115,0.2938013274942032,0.2905714330598192,0.2912767658745617,0.28616245142587565,0.2845024081652225,0.2818764139944065,0.2821620810889692,0.28136743760071403,0.2799388424207616,0.278498679247445,0.27877183520769044,0.27954523211309645,0.27794237883193534,0.27700867101349286,0.27451794474963487,0.2744033941651314,0.27330303145411494,0.2721508441046223,0.27231998069454233,0.271191693004125,0.27000176997148145,0.2686260848645873,0.2683523077261941,0.26855662417919246,0.2659296284039134,0.2655861041557403,0.2663359388761165,0.26841327549340244,0.2683768847306724,0.2681628597966532,0.2660649293538162,0.2658019731118266,0.2659385014684495,0.2663016175530457,0.26513726391970355,0.2637126168386135,0.26456557503436884,0.263851443169945,0.26269124982494574,0.2603311531881958
394406,248,"Bowling Green, KY",msa,KY,,,,,,,,,,,,,,,,,,,,,,,,,,,,,,,,,0.22674310153343102,0.22520254741427678,0.22416351229913503,0.219913177637831,0.21783907258034024,0.2175198254056778,0.21644594657715083,0.21635014298444427,0.21697199116466692,0.21751829261809824,0.21452433981049834,0.21367407053520496,0.21345908397144397,0.2140562263843856,0.2130464606307681,0.21371140641221892,0.21310326910264707,0.21277235559897378,0.21206501626350885,0.21191140184320723,0.21129014972347185,0.21038069732442935,0.2098918602587637,0.20979359868678257,0.20928165126076717,0.2097027756147848,0.210610385908108,0.2109086235258404,0.2122575844048055,0.21215557935617418,0.21066724686853155,0.20810240397294807,0.20550847952738363,0.20555004427207127,0.20516447301266047,0.20536658591117252,0.20640833536475248,0.20720830497951126,0.2069207988125088,0.20527960477999724,0.20569312279530647,0.20629920343762212,0.20728415782805631,0.20737463454942084,0.20913918640910867,0.20955138084118732,0.21096473622178447,0.2124530800123059,0.2171638994860083,0.22059413742690084,0.22477963859510824,0.22590685295914448,0.22663422556112725,0.2264142368211802,0.22837110839674482,0.2300107266419006,0.2286830020460047,0.2273174571653077,0.22572510210697425,0.22565167659380309,0.22732002052324582,0.22881338352196307,0.22931422196218781,0.22824971390175722,0.22804661683650088,0.2270199381003201,0.22643656675245313,0.22519025217354083,0.22842968788944382,0.2292919182119242,0.22958930676876968,0.22855021720360041,0.226665660414481,0.22710703919266428,0.22557030016087573,0.22447859852538382,0.22259634993809968,0.22273621267229426,0.22259141838062407,0.22260793901945009,0.22230935796475607,0.22165901600069152,0.2215197423823842,0.22106900056511566,0.2203688886741385,0.2196536547392447,0.22008146262116834,0.22051902869607976,0.22098238594108238,0.22150479010949511,0.22057255658545388,0.2198089338898725,0.21776123052920401,0.21729850711498766,0.21673774892042727,0.21678856953373551,0.21767872780408662,0.21767308379386624,0.21774845122584086,0.21762391167623366,0.21739175336241287,0.21637023467260152
395119,249,"St. George, UT",msa,UT,,,0.2345529374558853,0.23575452058438037,0.23583435208549897,0.2340733490096336,0.2334928431506764,0.23339975942569038,0.23522723105030036,0.23506100099917537,0.23575861325623157,0.23535472047294176,0.23607705207679905,0.2380925060820341,0.2389991310560889,0.2386806182587616,0.23969436504607403,0.24133380390499057,0.24455799984074134,0.2435199052943361,0.24542413563629437,0.24716481978364224,0.24954414653329515,0.2516614441178693,0.25221861061078127,0.2534869648613954,0.25358831924047925,0.2550260901494336,0.255948507998886,0.256508183180672,0.25749098275026666,0.25903136360712264,0.2607944962488719,0.260516465831522,0.26055031610986246,0.2595624137670819,0.25956505963128323,0.2591070922792745,0.25928826275841715,0.2596632613063486,0.26028561812189654,0.2603940679568851,0.2601872424827775,0.26047325580307057,0.2589452879167953,0.25797119367699406,0.2557749225969498,0.2533107295799139,0.25206479092047146,0.25098098550207903,0.2499510786451477,0.24829838286418468,0.24646449258758957,0.24515810638449934,0.24351274696318914,0.24225095100073918,0.24290545109130937,0.2443242031773666,0.24613464418075476,0.2477827102204677,0.24809562404058558,0.2480163584086655,0.24652301106533367,0.24430017801058923,0.24255076552290916,0.24292489105530718,0.24529158632012718,0.24785363114806497,0.25141935327975207,0.25418522997599036,0.25715001828695905,0.25647382962673015,0.2566642087397822,0.25752304364877066,0.25862170419486646,0.2610728642915551,0.26239940953211766,0.26571087768870855,0.268028652674528,0.27041758725344106,0.2748936164374986,0.2786361749513007,0.28222973032329834,0.28407718536047083,0.28619041240321075,0.2867462363018878,0.28976474355107495,0.29089095529455544,0.29270954043421327,0.29191808015119913,0.2914334148953085,0.2896033310321112,0.2866783619986657,0.2837835142563926,0.28312598579744536,0.2817892034202823,0.27964225089016836,0.27677032105901406,0.27499034769117714,0.27480931455127583,0.2737223213162049,0.27057164457929767,0.266153384269656,0.2638123876552364,0.26210205448698665,0.2615951847429778,0.259309802520307,0.25837252175127967,0.255028024965365,0.25442887822402777,0.2511994512308983,0.24845012949315418,0.24669690918934037,0.24621408263810757,0.24726658333844687,0.24613346842492964,0.24550307110286265,0.24567098616277777,0.24535543802029772,0.24346237531226736,0.24308462987809085,0.2435858783348112,0.24415744056446717,0.24390381207455578,0.243260864796651,0.24318541425264645,0.24251443316639784,0.24274581884725896,0.24257812761893324,0.24130458293313847,0.24077752117133278,0.2408647902205089,0.24146082084739717,0.24036834230437168
394896,250,"Muskegon, MI",msa,MI,,,,,,,,,,,,,,,,,,,,,,,,,,,,,,,,,,,,,,,,,,,,,,,,,,,,,,,,,,,,,,,,,,,,,,,,,,,,,,0.17845451906029766,0.1800369477459273,0.18036603079000368,0.18295836505212926,0.1844787333946197,0.1877939380110486,0.19010584613554446,0.19153686658510574,0.1936164223730428,0.19535878135812354,0.19571043714332922,0.19618438288072493,0.1958891846623995,0.19633800681552324,0.19600587930395671,0.19699846382769048,0.19861365516961918,0.19865127217498124,0.19730800749742183,0.19777579543480275,0.19716035551968347,0.19886051218044662,0.19856864991831993,0.1999106790539409,0.19979020149230606,0.19771234841737947,0.19665770819748185,0.1984515559528398,0.20240418068284274,0.20461920859732477,0.2028739556648133,0.20331899465307265,0.20515591284973772,0.20721963103488028,0.20721136000859774,0.20764385275964786,0.20920904134598592,0.2109684392166661,0.21130297935912148,0.21104539665955319,0.2094972283175589,0.21243518725039134,0.21712305455826791,0.21626948592708592,0.21269101986964847,0.21094615125832236,0.21189412679718664,0.21173205727922884,0.21180143888590397,0.21262824255860072,0.21433548913018258,0.2151834331177808,0.2159515756039607,0.2144777877675169,0.21387586173467704,0.21592937943702498,0.21969369686298656
394299,251,"Abilene, TX",msa,TX,0.21377408286998306,0.21392898451010772,0.2140116867314955,0.21398764397436584,0.2154295665200823,0.21578041904840012,0.21542802543206815,0.21493969112060668,0.2140013401156668,0.21276919605765082,0.212393922779208,0.2116797526848326,0.21092299772537673,0.2095481139903194,0.20765333599472602,0.20736452776997003,0.20526579777033443,0.20579499140256627,0.2055917598058663,0.2063239270028942,0.20786493004492215,0.2090743331415066,0.21026588362448986,0.20965004080933558,0.20996635841192068,0.2111674310930548,0.21425493256630382,0.21573582932444163,0.21688941493626987,0.21632915989103976,0.21590344207780515,0.21558951456211323,0.21480130634943742,0.21490776268496872,0.21418925597333324,0.2145804217937336,0.21479760448490942,0.21495260638418717,0.2132563491111022,0.21179090404157375,0.21085060547459178,0.21161535238338047,0.2122120583797608,0.2128879758325136,0.21336371731260084,0.2130063369073034,0.21370889152650197,0.21415803306616807,0.2150745620438911,0.21457224019059376,0.215386916796079,0.21653813884783804,0.21780001680222888,0.21801212174268347,0.21846936705247458,0.21861143634258354,0.2188809377029262,0.21945543119548624,0.21971005813146716,0.22055446226108627,0.22106051700057117,0.22232931251201382,0.22078976149003524,0.21991275898016244,0.21747257816025836,0.21835590052898754,0.219523151237181,0.22032373523947582,0.22198741358569635,0.2236628329181338,0.22602319870150347,0.2266042625571771,0.2276315424634647,0.2268038448334567,0.2278695411522172,0.2278791488646019,0.22991125014658356,0.22857836197024187,0.229061384129008,0.23022553348170535,0.2342604548103452,0.2390560234042001,0.24151128981191858,0.2398797221490994,0.2377801871466792,0.23733067244680722,0.23821503387317922,0.23872820360870953,0.23933058306890329,0.2395912309836833,0.2386046807913296,0.23892594429813024,0.23968388270494181,0.23915857252564346,0.23962999847598032,0.239052148159045,0.23938891186673622,0.239121938186732,0.24054499816884753,0.241606966591133,0.24077155208303497,0.24078414612202378,0.24042186794740558,0.23891531163790197,0.23889803223755546,0.2389996424164778,0.23912658516635238,0.2390041381987749,0.23975364865669962,0.24056493644592625,0.24038186107920892,0.24185117472364207,0.2410618070800658,0.24171168280628816,0.24201809591375747,0.24569464187397932,0.24626714045825668,0.24570703749176076,0.24360902265491366,0.2441235082738871,0.24593706011136315,0.24756530265611365,0.2489716439516057,0.24991650235121102,0.25405482972183174,0.25764902248799965,0.26261815597346344,0.26595886141157893,0.2721199911473086,0.2803848496559819,0.29084320662467217,0.3004659544564197,0.3093911600595191,0.3199518098685008
394707,252,"Iowa City, IA",msa,IA,,,,,,,,,,,0.20018282608605387,0.1988333009205246,0.19929478886700688,0.19416178252432095,0.19752389587653085,0.19794046449593683,0.19985347601572814,0.1984086924145808,0.1982709122074021,0.19821536841471413,0.19563962986022657,0.19332634256511763,0.19250044121269846,0.19581249773787895,0.1966888221147855,0.19614657682769107,0.1938017921139059,0.19214818597643504,0.1918636945736697,0.19223463620903475,0.19060093853640964,0.19054661668084322,0.19056205768457518,0.19436783834552904,0.19445015682777242,0.19491842994258035,0.1931936719822562,0.19345228543256834,0.19215265218743277,0.192423879642739,0.19180797651426512,0.1909199448853369,0.19090216272282473,0.1889261533514759,0.18745645890028392,0.18601832221082878,0.1866476082677095,0.18602158219522985,0.18490171866457245,0.1842008651309164,0.1848814782672503,0.1845839257748007,0.1840379032390611,0.1844944684440424,0.18506588908670918,0.18614229118654158,0.187025417203705,0.1860121995537685,0.18486626557021835,0.18438225854399637,0.18577179753378203,0.18594806190614893,0.1852669800180454,0.18295452898249412,0.18180617170222496,0.18222929233959215,0.1835938618539327,0.18374078194540866,0.18318479285787526,0.1831478890059695,0.1830960396543757,0.1843239899773281,0.18351066169619654,0.18401822690927117,0.1837214048491699,0.18452981124257764,0.18392308110645328,0.18348080237190476,0.18227432861979023,0.1821425038043728,0.18534736837064134,0.18902441429590344,0.19272827853146313,0.1926501115172692,0.1932421018798587,0.19272109915345959,0.19201057145330808,0.19082881802290363,0.19190624876912285,0.19168858992311594,0.1911370703796805,0.189581253102508,0.18871631392668192,0.1887148933422855,0.18861334648864608,0.18912640106675216,0.18891005048346954,0.18846870540702187,0.1889625152411527,0.19035424456214114,0.19078353732022701,0.19108351111773486,0.19177457310615642,0.1932920571981628,0.19490648248076886,0.19465741278820048,0.19470132819458602,0.1944104244934898,0.19447777941888159,0.19525708292652116,0.1959465668699857,0.19606866687881533,0.19570302347590757,0.19476506642956776,0.1957255645084977,0.19501619892838176,0.19563514398476334,0.19485293762376474,0.19527648598802375,0.19526760160691636,0.19558397473375486,0.19582304738413248,0.19572924748711557,0.1956645760849429,0.19601182275969378,0.19690367120654634,0.19625562185910456,0.19668416949996376,0.19616885533341455,0.19746823328493357,0.19773497143181729,0.19829444570460256,0.19878397860176078,0.19910711051462965
394351,253,"Auburn, AL",msa,AL,,,,0.18430133686507089,0.1975819604784626,0.21035233714479876,0.24605094339668762,0.24468057387583397,,0.24389185989848633,0.24504441920526052,0.246331549784917,0.24485190013958721,,0.24245967784956332,0.25132784579112344,0.2465708670462971,0.2446627622922588,0.23179846432678747,0.2313784046495423,0.2341771745770329,0.23436821582659054,0.23554055405346122,0.2346625692233928,0.23670500717641482,0.23930742406161887,0.24100801055034518,0.2457860903364626,0.24575394551836252,0.24432464634129622,0.23996742882981242,0.24187382657766704,0.24212665253260512,0.24266188655303905,0.24401285480774496,0.2440362140434672,0.24619673123890848,0.24443690294410744,0.24627118325160102,0.2457504306946464,0.24696437174617916,0.24491310508245212,0.24494829590779277,0.24523023391419485,0.24526820362540583,0.24700783159404882,0.2451404733347482,0.24622246141077064,0.24394087473427375,0.24513941511522513,0.24341608159156983,0.24057713610278367,0.24029124719921055,0.24308488078640572,0.24711755913540714,0.24678766152830053,0.24725188082416863,0.24669062396933897,0.2482105804238633,0.2482306378318796,0.24921223762218872,0.24887708644395742,0.245232441661067,0.24175665121707507,0.23925954149175355,0.23864835744062737,0.23852890627788237,0.23949879429870477,0.2420887856670364,0.24364496753658085,0.24420513850523212,0.24466931169101755,0.24436340832012385,0.24422550388119765,0.24593686651903537,0.24869490986543713,0.24878936105337893,0.24817121945678677,0.2485262944000306,0.2511028395231543,0.2568607137706025,0.263528853991051,0.26905844900793585,0.27151698578784655,0.27024325322219583,0.2689603821332874,0.26772738778292615,0.26877983055767823,0.27180178012609013,0.27316510199763616,0.2740732852259526,0.27487405194709935,0.2745122776943382,0.27332323285988697,0.27082466523160265,0.26590034467278706,0.2650787492566301,0.264135863588115,0.2661372475762294,0.26421359961188423,0.2657659842850865,0.26456473431336563,0.26496837938530277,0.25927801261902617,0.2582863577191976,0.2581560520509792,0.2592720428188132,0.2597948723186161,0.2578654707570075,0.25856320951144346,0.25809801076810013,0.25878351380377307,0.25724105092650124,0.2577740663769452,0.2590106450872128,0.2622681352987411,0.2595963707907983,0.257209437921971,0.255269827626769,0.2561131076157348,0.25837272517001664,0.25943936196454626,0.2591078307174983,0.2592155803755099,0.25920703694323544,0.25936686152904914,0.2583720717489091,0.25857668187793353,0.261366959163836,0.263721555192775,0.2653857398711212,0.2655031685390439,0.2658675325984573,0.26599020173583166
394860,254,"Midland, TX",msa,TX,,,,,,,,,,,,,,,,,,0.17463084175512827,0.17362219044731875,0.17165612322016682,0.16963723975200018,0.1705101295718715,0.17190181195575419,0.1724428447299223,0.1717968360855409,0.17660983161943736,0.18081046757012445,0.18711037515847173,0.1926468669108901,0.19488635082578099,0.1952405159799868,0.19553057824485606,0.19854781257494203,0.2005176812022268,0.20255481061777125,0.2068399718034077,0.2094060056063112,0.20799678063127933,0.20307610796094538,0.20391228205162282,0.2077287895707257,0.2157203516107418,0.22253297736254107,0.22477140647671925,0.22337429853336607,0.22273057391771076,0.22210608110887825,0.22016533501154867,0.22169622275536338,0.2192208382641588,0.2227475188731761,0.22048939878596552,0.2157958865907736,0.20940546571500318,0.20597446746923273,0.2058527198439265,0.20696683566080504,0.20727413505740278,0.20744598861662042,0.20772620588975155,0.20658020322252985,0.2083840373849135,0.200602208040719,0.19433792294990565,0.18016045298853248,0.17166709570803343,0.1655750162806915,0.16227715720599364,0.16187195317694658,0.16233523008740008,0.16475311251057115,0.16413227803366393,0.16335590887020385,0.16100188745751903,0.16085130515734342,0.16191926749740088,0.16462699506774053,0.16638764652975208,0.16721499939152024,0.1670848722047023,0.1681402728862067,0.1691727260336216,0.16967364069811003,0.16990059215399658,0.16993953653316118,0.1702566176151873,0.17103431245147394,0.1741248087278151,0.17815286296126417,0.18098852593982068,0.18282895951316572,0.18468583306858521,0.18686794437072998,0.18980118064939588,0.19208425762914064,0.19378771530838107,0.19462057591388635,0.1949536442033369,0.19583376018419923,0.19552839647502965,0.19686171753586273,0.19784653460309684,0.20082116811887396,0.20288817406770018,0.20398169412471895,0.2028555080866149,0.20211332336100318,0.2012604451561906,0.2014601042523977,0.20179103953439959,0.20247313391626084,0.20148105340231062,0.2005021300556707,0.20027425930976972,0.2003787660974677,0.20122972207359496,0.20172264355636543,0.2048480124251821,0.2059292104025656,0.20757984067087573,0.2062990299703485,0.20606062470652647,0.20556199558088858,0.20624678485964035,0.20586824049052901,0.20576172638047335,0.20474105170096488,0.2036954662518109,0.20382104252542144,0.20289548709026625,0.20342974028087382,0.2034949568927588,0.2045600146408274,0.20483242328697926
394671,255,"Hattiesburg, MS",msa,MS,,,,,,,,,,,,,,,,,,,,,,,,,,,,,,,,,,,,,,,,,,,,,,,,,,,,,,,,,,,,,,,,,,,,,,,,,,,,,,,,,,,,,0.23607389149445382,0.23633470448830626,0.23837958887884603,0.24042560460815732,0.24439715025609304,0.244884619653659,0.24616239796862524,0.24620463051529862,0.2480041498308167,0.25113946925828257,0.25150853625583214,0.25174800836943195,0.24578592915019545,0.24329436056169332,0.24091260080454824,0.24116415078300563,0.2400179029886731,0.24051062818588612,0.24023656020615577,0.2394453886957923,0.23457249662236782,0.23203879759183796,0.23106798602953835,0.23150874061262555,0.23177952345378852,0.23251908145441597,0.2331621663913031,0.23347419917838672,0.23347630452505905,0.2328252564142433,0.23268260445865907,0.2311729126997252,0.23250539935603656,0.23334220058357547,0.23462829981001282,0.2338248815109732,0.23385510123327904,0.232082295929266,0.23153087220906024,0.23008425062769403,0.22928399987776482,0.2291657795909307,0.22890269453283194,0.23015481926350742,0.2309373635292377,0.2308632930489495,0.23012500985696047,0.23021758604370268,0.231313566436942,0.23307932271385487
753869,255,"Bloomington, IL",msa,IL,,,,,,,,,,,,,,,,,,,,0.13653554907400697,0.1363527188733695,0.13441785784244917,0.13520102592205677,0.13532148373423775,0.13773692951276176,0.13858604787621762,0.13837150290006714,0.13883084864784193,0.1381496616194785,0.13908854856984035,0.1386189896190296,0.13696492104949978,0.1362980847990932,0.13746701715495002,0.1381167506220662,0.13829396239710198,0.1361189339005173,0.1366886315983184,0.13681931201744132,0.13727788118536496,0.1370300158255447,0.1370328927443439,0.1362256399240038,0.1335145925122681,0.1340971407607299,0.1344118230986091,0.13793318656014536,0.13832795913996784,0.13655296126216707,0.1360795504681588,0.13602421186349,0.13559811496010787,0.137056673641939,0.13741425837734414,0.13868904113021346,0.14197551674349312,0.14272663119009155,0.14322618224994937,0.1409565514365426,0.14186998921210633,0.14527782719703586,0.1466272889570851,0.1469283285805611,0.14267525598370745,0.14251903795261267,0.14074649141287912,0.14270811109748424,0.13983303203268763,0.14205538391038225,0.14132596181797935,0.14416208895019458,0.14404995748758145,0.14333955310551516,0.14517839040834862,0.1458578182613299,0.14972284667083458,0.15197795776735956,0.15533788922921185,0.1559937624813032,0.1575928155564336,0.15934874853826245,0.1635607868048351,0.16810285936717914,0.1699062741863622,0.17083289509437116,0.17102198410239017,0.17264470035146287,0.17452035820097167,0.17616973941658912,0.1786074581928018,0.17958905279127238,0.17930769224176699,0.17854665821396956,0.17884350014275865,0.1795230561533715,0.17925466424280656,0.17956579060632452,0.17860985825900919,0.17997871470011725,0.17966240982173032,0.17689486568583002,0.17513526424023063,0.1747288153688725,0.17877882092927885,0.1807626079879889,0.18222573210952434,0.1817398396225928,0.1828355603537739,0.18238647591202298,0.18504049407213663,0.18407992571260554,0.1833296301290587,0.18423145860391954,0.18465384177460903,0.18528867701301777,0.18328114786061978,0.18365133712191614,0.18362308706612462,0.18405687788530764,0.1846059934508712,0.18460850914001384,0.18304658741573598,0.1834294120399833,0.18411538375234157,0.18480489066862305,0.18537670568818945,0.18550509899823747,0.18551784727927773,0.18486015767080471,0.18443674272184832,0.18451470585821997,0.18395634111207787,0.18458280162776008,0.18517412206512748
394944,257,"Oshkosh, WI",msa,WI,,,,,,,,,,,,,,,,,,,,,,,,0.12661394273008533,0.12975188105506544,,0.1276775393847211,0.1272844020688273,0.12697253927859783,0.12762974563612173,0.12778538395982272,0.1291369029654932,0.129490629228187,0.1323347480575015,0.1323290006721097,0.13365410048414866,0.13291665445914982,0.13389802920493632,0.13435831038636847,0.13273463429917007,0.1328634957154504,0.13379722859706109,0.1361476827809825,0.13658185866742037,0.13638030285251151,0.13478736302403166,0.13444189676283771,0.13414299673302799,0.13460547718623503,0.13548549047391967,0.13600492467708888,0.1380946085859588,0.13892364416466427,0.13866794981733363,0.13699843928433458,0.13696683251714944,0.138162556013337,0.13963179285553184,0.14022141408082633,0.14038504455419118,0.14050013310552792,0.14007294882633745,0.14238635024928317,0.14123066306093995,0.14065692948355843,0.13969619275916276,0.14086177944815667,0.14104460111301897,0.14176395948170856,0.14329079284728702,0.1437096460245762,,0.14428231610377165,,0.14313607259668373,0.14334358723856672,0.14632469772849233,0.14673754752783902,0.1462156314474309,0.145629280169039,0.14754089495285053,0.15057047449132863,0.15098629094379085,0.15224670245302777,0.1522011546798406,0.1539433834108458,0.15545106737649053,0.1555187248400964,0.15546467024626553,0.15640826015011522,0.1580590887748665,0.1587936632873212,0.15889740870343402,0.15947032019785665,0.1619856229460366,0.16178994811693964,0.16250040683757794,0.1626105506765041,0.16340938675272054,0.16407414696249104,0.1636991899984492,0.16462700485720383,0.16569131297146664,0.16703692594053673,0.16888071455711237,0.1680921395483791,0.16789951233877756,0.166729950492149,0.16787503414750313,0.16823296884369,0.16979716725820002,0.16986496904728324,0.17068193894505082,0.16964003994685342,0.16997788402521932,0.17138014148368222,0.17170202921467728,0.1732305675810937,0.17435759991035873,0.17689533641515467,0.1753287371298212,0.177057790109743,0.1763495517824578,0.17702441872787042,0.17755519837639183,0.1788177298531679,0.1788043041736985,0.1779618148047937,0.177938408594982,0.1781015592095178,0.17785221084762248,0.17736398739313003,0.17841550489376118,0.17735152410688118
394555,258,"Eau Claire, WI",msa,WI,,,,,,,,,,,,,,,,,,,,,,,,,,,,,,,,,,,,,,,,,,,,,,,,,,,,,,,,,,,,,,,,,,,,,,,,,,,,,,,,,,,,,0.15959367336319694,0.16105925742949986,0.16035725575559615,0.16313568388914992,0.16469985330952355,0.1639160427896317,0.16499170297223414,0.16417545755046473,0.16753162176454794,0.16644273439251392,0.1682572071555082,0.16832362045976076,0.1689140714379877,0.1681795823131262,0.16553569515249564,0.1656505645343548,0.16571135548163524,0.1662257243631204,0.1670489362354147,0.1672380389826108,0.16716873411025843,0.1675029182067983,0.16718058167118563,0.16642581090636716,0.16769558036712903,0.1687269861614002,0.17136219301335945,0.17090620337563509,0.17084867971882264,0.17164463104896005,0.1716604277424342,0.17273580989384107,0.17272856939834025,0.17289028732693107,0.17301274733660385,0.17250877660780747,0.17308304990783507,0.17292938878315078,0.1725232978069729,0.17246705200318274,0.1724075943948674,0.17203802532399773,0.17177332180456775,0.17127186100122546,0.1711121368614116,0.17142921722874194,0.17160006963584723,0.17250117449316418,0.17150013801016584,0.171306945360835
394651,259,"Greenville, NC",msa,NC,0.20512071601637893,0.2043388080090984,0.2057289515952437,0.20446013793760395,0.2045856099577889,0.20574399966726456,0.205843368143572,0.20464211289398002,0.20302377345000122,0.2023404234979131,0.20316346811241326,0.20342540749766172,0.2032891341695871,0.20221911069061949,0.20158946348873044,0.20254184384982168,0.2031846251674862,0.2031510880442114,0.20336384068123298,0.2036239346748674,0.20497950392819397,0.2062489098360996,0.20618761265294616,0.2067940898297588,0.20717937502935738,0.2085046494797983,0.20846020369198287,0.2080166270992649,0.20822613934303338,0.20877996091997522,0.20973805582576494,0.21029193617100336,0.208909156621452,0.20722636369663222,0.2072174062758477,0.20724111557268896,0.20822435987477686,0.20800605799261274,0.20825462156163024,0.2092607269576871,0.2090688857878992,0.20754567295881882,0.20624606971450155,0.20662509375363164,0.2086142777782779,0.21130442009083134,0.21007486839299913,0.20979737812692278,0.2088391505062766,0.2102864791637147,0.21058033266879708,0.2102191037946118,0.21058299632537333,0.21234649907759212,0.21382842595768375,0.21428941248595895,0.2144577625707882,0.2142816396778439,0.21652951092685904,0.21785171032640277,0.21932010416469394,0.21904129720329396,0.21798855256963406,0.21720472166186053,0.215026491519291,0.21390226456792286,0.21453171304624089,0.21493671865452213,0.21756792531350022,0.21960610820297524,0.22154928339963106,0.22255328950208839,0.22190450676355858,0.2231139136961852,0.22403530777817604,0.2273083192193238,0.22997398569244942,0.23277520529586318,0.23086481849744114,0.23182526075797952,0.23441068962320047,0.2393785436459205,0.24037703116497128,0.2384926388626621,0.23876510986308358,0.23998727602790898,0.24180448948213615,0.24337871908183417,0.2440206861458248,0.2444676704074049,0.245289411780111,0.24635971344117225,0.24804879946208655,0.24913046173933026,0.25193187445108184,0.2532648510524518,0.2548930931308708,0.2546726581350293,0.2570594731416728,0.25615366620343666,0.2586980739591872,0.2591052282284419,0.26188341319390307,0.2616853787959944,0.2623895891966681,0.2617400729936349,0.2630982850993877,0.2648382741317706,0.26645835527847583,0.2666116739318956,0.26557803142120784,0.2657651894977917,0.2656854667139042,0.26657511605967193,0.2680095235500838,0.26977521039721597,0.27015642532164025,0.27116589809764224,0.2726485562661264,0.2730796930602214,0.2713442426986464,0.27021316411754903,0.2702231691860999,0.2708829740277603,0.27034419496394096,0.2704316579908125,0.26907948175752505,0.26889124919919954,0.26983645393386146,0.2711482509803419,0.2708869122106762,0.2712625626898283,0.27278924552206324,0.2750279778014158
394428,260,"Burlington, NC",msa,NC,,,,,,,,,,,,0.18485123342039098,0.1849869624680393,0.18844423485410797,0.18850208032221583,0.19120414161240748,0.18733269346676706,0.18645409711960007,0.18408454998730903,0.18441861702278692,0.18562123005523606,0.18639121677647597,0.18688174284119086,0.18557641664778626,0.18517901600603123,0.18481801139452267,0.18586391880046363,0.18486016933131158,0.18557794072360098,0.1838252316680131,0.18384406761799782,0.18249594989124937,0.1810132981347037,0.1817294832192969,0.18363240221116656,0.18478285988965376,0.18407845502382755,0.18172879387328686,0.18057618987537175,0.1799288826441432,0.18006443787333515,0.1828673009110733,0.18314975201120817,0.18271913825990485,0.18197661242714833,0.18173284343179993,0.18180256949320775,0.1828077127236722,0.18467747313569846,0.186837342179827,0.18762497589634625,0.18835860857200068,0.1888190365895719,0.18814424329396826,0.18884148171558893,0.1902152408050326,0.19187679794177093,0.19220431390871234,0.1916598414862563,0.19092536727973378,0.1901110677269503,0.18944081556149964,0.18891867772432147,0.18810441982246964,0.18737338188851965,0.18836009532876882,0.18660591116807423,0.18713997255783915,0.18972157749025956,0.19470153382980146,0.19928666752342727,0.2017142973751989,0.20472344049105498,0.20386082429437163,0.2055075114985228,0.2077731506528332,0.21188228033384804,0.21256997200713798,0.2136462023605414,0.2144589228891945,0.21632526324097567,0.21875657063852044,0.220622416747596,0.22274209164870115,0.22232541100943398,0.22636691868083164,0.2261430856167464,0.2266006146489227,0.22444932711312376,0.2259383055449786,0.2283825932959613,0.2287332723062692,0.22908087760549456,0.23053162644270928,0.23261750963877809,0.23311393321914983,0.23146467318854952,0.22894872351429474,0.22859042359284987,0.2286777699765002,0.2303106803613121,0.23006888325609776,0.23087876222653209,0.23147265921200014,0.23395071896904004,0.2332083889654164,0.23293410714553048,0.2312004546239398,0.23247252699431206,0.23381250352357685,0.23587406365261612,0.23654617909061149,0.2387403044450614,0.23684184117400384,0.23596753622786884,0.23621092467095461,0.23992575064201174,0.2418306022976431,0.24181207035691135,0.24052914160483635,0.24049737276633282,0.2412542646291114,0.2402807117714907,0.23991032291509143,0.23812010589499968,0.23991152943757604,0.2402349406493238,0.2402949844396232,0.23737092995411746,0.23722165496894657,0.23806219489026692,0.2404211779935354,0.24060810378548544,0.2402051791756416
395210,261,"Waterloo, IA",msa,IA,,,,,,,,,,,,,,,,,0.17338159338400197,0.17196551058082668,0.17340034320420517,0.17455682963065108,0.17500895036396888,0.17372819008985904,0.17468871665905444,0.17286125777133532,0.1741694941135665,0.1736169834109106,0.17640224240708846,0.17613478459248708,0.1756871385414591,0.17387783178823274,0.17328508853331867,0.17311797345905197,0.17388525011105277,0.1740526516772888,0.17250354731709527,0.17150726092324733,0.1702390322416243,0.17084531760222804,0.17032729683796777,0.16918630205543017,0.1681625634844341,0.16829488294190695,0.16869028089930743,0.16817008142673523,0.1673852630532118,0.16678515592764595,0.16701362038428988,0.1674469522521385,0.1678051601839989,0.16709113710304413,0.1657222119356777,0.16632336937379893,0.1665879325255964,0.16764106645533208,0.1676431462098447,0.16818865548161166,0.16821169904292546,0.16861362409981165,0.1689433975214805,0.16978488544079287,0.17040649159145074,0.1710411531017481,0.16810995639933557,0.16550820988890844,0.1634420352300649,0.1638378916585256,0.16467917534388113,0.16531700297481053,0.16654302760887818,0.1666209222131725,0.1667810648134505,0.1667689316433466,0.16769084294905506,0.1689530865375213,0.1698875387255527,0.17125313068296594,0.17263060393645877,0.17252646081647197,0.17249155699584334,0.17121004628069303,0.17228148528529538,0.1760286330213927,0.18046056045313583,0.18233345059362982,0.18240774890908135,0.18127252081197215,0.180447390185267,0.17896529396202504,0.17814718513194427,0.17587702210130896,0.1751251403123862,0.1759246029979808,0.17652969631154217,0.17524375954229982,0.17370692270639557,0.17388942318861292,0.17391319084372878,0.17428902067888066,0.17521039900993204,0.1765087065726835,0.17613472633159805,0.17735365795486913,0.17710513098639932,0.1788251215535546,0.17862679175369178,0.17886731587459995,0.17738779594329562,0.17516476627363278,0.17432140098772209,0.17346166161180773,0.17323337758798082,0.17286485995092335,0.17314644081365158,0.17221516295780329,0.1716620774545205,0.16868903308133454,0.16890806820152846,0.16852503971357066,0.1699825244654184,0.1693894722807034,0.16914563435340027,0.1692380432667894,0.1686380625654034,0.16802401685112073,0.16755291418695445,0.1674600287586286,0.16748136731330004,0.16820642692066437,0.16772716831261889,0.1678260232970758,0.16732150158015346,0.16832380872804859,0.1688242881697565,0.16908452464427579
394480,262,"Coeur d'Alene, ID",msa,ID,,,,,,,,,,,,,,,,,,,,,,,,,,0.2093294242154366,0.20838082282118664,0.2105206355276658,0.21092730862057843,0.21130660233662937,0.21119130713233736,0.2097732161709648,0.2105524675472619,0.21043874177151725,0.20955320287097748,0.20775877501886802,0.20719603025866926,0.20942577910467977,0.21125336179948676,0.21123556181851608,0.21205559967442647,0.210437096597989,0.21054974899610487,0.21118276322832882,0.21141563819691034,0.21289292887952319,0.213903853200032,0.21357860586615116,0.2130770241613414,0.21332826470887847,0.21251015764898343,0.21158836250750002,0.21071422185941555,0.21197861305630405,0.21244538250100767,0.21321111896364006,0.21417986074307188,0.2148465475558083,0.21601551298235822,0.21831490967990969,0.22037334884505452,0.22021257358857418,0.21550182522278324,0.21162686862608543,0.20912259997020277,0.20729259625610907,0.2105754635336284,0.21447620677733514,0.2199985827830627,0.22600008800600524,0.23101355792167608,0.23498715057277558,0.23529276616253392,0.2363361859315088,0.23913061745926065,0.24770987657311777,0.2564914920594609,0.2647127282812432,0.26582633908678377,0.2667274697284399,0.2696407445885951,0.27239520322434413,0.27645889265013884,0.27534981813934933,0.27637889556658074,0.278598907786757,0.28196587734329176,0.2832437240758619,0.28278910483551745,0.28050682037758473,0.2772766050264703,0.27344337250306017,0.27012086125788215,0.26758690275836206,0.26434568728231167,0.26122360376482184,0.2591289236055979,0.2570830177342552,0.25494918567762703,0.2503336483769063,0.24771997439923565,0.2461276831315384,0.24635638575272695,0.24584165393011234,0.24564961157792128,0.2459845455715223,0.2455766836415403,0.24590736262826807,0.24549613131543466,0.24431947519444594,0.24258647140754283,0.2415214043890915,0.2400652279960149,0.2377559778541096,0.2369279580286096,0.2368971081516091,0.23665632742325327,0.23504036100812406,0.23331545926768096,0.23219096259104466,0.2318992249028878,0.23127662779615643,0.2308963836684289,0.23119553105526802,0.23128383115515547,0.23215413274216049,0.23153645969552963,0.23074046630431283,0.22997821340310415,0.22991705877532684,0.23035695894981814,0.2299687080531672,0.22959380141368085,0.22982956613063402
394553,263,"East Stroudsburg, PA",msa,PA,0.19327254230314245,0.19390470664399495,0.19536836872520563,0.1959818659390964,0.19542782817382023,0.19521915506221002,0.194256514476007,0.19575841179464568,0.1955117725944103,0.1954814014810652,0.19575272977911307,0.19573787779828422,0.19623048923121425,0.19533126090799738,0.195553056729988,0.1950423716980085,0.1962493709436173,0.19712803928564196,0.19890152023060068,0.19893828312399153,0.199289394923594,0.19890364628046917,0.1980425946511186,0.19775595054057235,0.19770998753005087,0.1996498598573045,0.20003240024891697,0.19987626242917256,0.19896629077317307,0.1991351983518839,0.1987912443078172,0.1992786706611557,0.20169335627232127,0.2038598933936795,0.20251637507414144,0.20312911754687707,0.20407132535589456,0.20526404340362597,0.20533697813601248,0.2057516823317386,0.20780902664944825,0.2085929068599136,0.20865714838534963,0.2076518873199948,0.20658132545132338,0.20581193719187219,0.2074869033243109,0.2073123136754664,0.20670255045275365,0.20482545910942263,0.20505270332719502,0.2054616763724966,0.20472227055793318,0.204550943117796,0.20502797653070612,0.20617298555066543,0.20643484600143885,0.20672634131922243,0.20696465913958165,0.207871628278154,0.20895072833663925,0.21020194959222738,0.212478427005535,0.2107969607038504,0.20830330996215227,0.20716634073941595,0.20771449763677843,0.2080220261695684,0.2103823240020855,0.21607945368571074,0.21861189240406328,0.21782857982814305,0.217923042700291,0.21951894698846924,0.22053323428459232,0.22134872299815853,0.22357306187976786,0.22803218187311358,0.23035614301832497,0.23361132382069333,0.23320351987073246,0.23628235984685977,0.2390062085273102,0.24606847441027932,0.24800736605535112,0.24928866546077674,0.25114771654013596,0.25825053094406863,0.26408852637764835,0.2620823541591082,0.25987404764848565,0.25970425168320405,0.2665384051566526,0.2690686187436335,0.2717248489335112,0.27209309502701223,0.2743336720918129,0.27714640883317215,0.28092478258756076,0.2828177788860758,0.28338567276043436,0.28601482056674643,0.2894151652398718,0.29012646581750995,0.2915169751072728,0.2944188297189848,0.3004660793665261,0.3043478950893071,0.305961554169614,0.3067663741496658,0.30511188133269673,0.3022230976808539,0.3013975509631891,0.3020431233335855,0.3030022790026006,0.30101927015181035,0.3028779158701238,0.30099149466414044,0.30421492420130425,0.3024408830987892,0.3020772474329159,0.29916791052600467,0.2994514619923445,0.30031549175639527,0.30059862674485904,0.3007411226454671,0.3003934007034038,0.30301147156885183,0.3012426663052208,0.30243233191395247,0.29829750925930276,0.2993848741914554,0.2988181521871763,0.30044128394021496
395007,264,"Pueblo, CO",msa,CO,,,,0.19464639958166924,0.19411424537248573,0.19161447454877312,0.19313744667655808,0.19530389524905364,0.19886584663013845,0.19982064629319574,0.2006986854025289,0.2007036526082815,0.20109817772070665,0.20077723863407063,0.20072217347096785,0.20126195621799553,0.20344615935019586,0.2048370766796626,0.20551097067662996,0.20476143332573785,0.20563446591366463,0.20571761967205124,0.20507497225254143,0.20643407982382622,0.20536333257449182,0.20555092204609832,0.20447229148234683,0.20697801489025647,0.2062320170359419,0.2060623903414241,0.20359473451199742,0.20406443159231327,0.20303979559283675,0.2047826510842925,0.20462118819968575,0.20390338306113723,0.20377251395025742,0.20355404832751856,0.20708568629237084,0.2053767665975744,0.20550778064419328,0.20372308281673268,0.2058296259135276,0.20772773477309858,0.20868592952165962,0.20825257169643174,0.20852464518053976,0.2070545457396057,0.207958053643199,0.20858173968362134,0.20695389154315894,0.20748552586979727,0.20788807299199952,0.20960983528202295,0.20946576831363437,0.2084645666450555,0.20910701455863456,0.20981296663774615,0.21093793039640543,0.2126386749456515,0.21258639183200673,0.21257363128782222,0.212293678167626,0.21202211623070963,0.21306059654076615,0.21070417483111556,0.21091993167841414,0.21017728371834835,0.21579377003040337,0.21755167732208702,0.22137888777740766,0.2219148066271662,0.22257811835612262,0.22309863105122713,0.223375081500433,0.22549216700949395,0.22606026089683381,0.2262807426285734,0.22559033419778726,0.22798766869180165,0.23068083633302708,0.23439056233819383,0.23539684892920948,0.23446466067676724,0.23124187993092082,0.22980248921431448,0.23070890883106762,0.2319301253682208,0.23168807095662688,0.2303962233612564,0.2299051715914747,0.22803153257821487,0.22786301099248193,0.22770127799393536,0.23041357006616278,0.23160099179916585,0.23437573702009892,0.233684955238072,0.23400813102830192,0.23243830734068746,0.23387490432663335,0.23457244303412314,0.2339017359383132,0.23456196739333182,0.2358347389327954,0.23808343951599256,0.23695005001253863,0.23647885597099097,0.2373660663435451,0.23878114742839202,0.23811533327289253,0.2379979778848904,0.238812076485387,0.23913556476377223,0.23976176293544268,0.2396779697953672,0.23905075841049014,0.2387413885198222,0.23879976838913552,0.2383375059458861,0.23848417041720948,0.23931553557450216,0.23992770905048386,0.2408736333753632,0.23997946566439932,0.23992392063883136,0.2401503766683558,0.24051106335260578,0.24109660120970974,0.24099963199125368,0.24171753520544917,0.24272407206395227,0.2420486612049832,0.24124435725772217
394392,265,"Blacksburg, VA",msa,VA,,,,,,,,,,,,,,,,,,,,,,,,,,,,,,,,,,,,,,,,,,,0.24867033655733217,0.25266855787776815,0.2573409598984629,0.25572687662962507,0.25358967705187613,0.2534127148358918,0.24926110727778367,0.254521568254878,0.2578652782412777,0.2601985715968529,0.2638097431439501,0.2649819728511352,0.2658603941667391,0.2654784808353322,0.2662444865613664,0.27001769582161156,0.27462727811166987,0.27939742802750905,0.28995912101900034,0.29091119916773767,0.280261733143393,0.27248723901976296,0.2703127601307267,0.2683504981404879,0.2711349574002365,0.27532752461227694,0.2765312699359322,0.27926549999546724,0.279429123728883,0.27880178936536687,0.2758605892735216,0.27640901675625457,0.2789189528573809,0.27870934427711846,0.27870399473352747,0.2817363786904327,0.2831827079883347,0.28254851069564274,0.28013242409358036,0.27842609017852143,0.2821035649858077,0.2849685734658468,0.28656257496758064,0.2858274005350849,0.2825361972295728,0.2840593642488484,0.2831474768552493,0.2804003294045504,0.2768361043039587,0.27825933235680755,0.28092435287629736,0.2820862965894147,0.28133763604373174,0.2814283127443653,0.28241862775029647,0.28240103460836813,0.2843446942112564,0.28544712608219563,0.2890281996922695,0.2911017991428243,0.2914301822931562,0.28805502353649665,0.286232321605914,0.29029846984123425,0.29365205889762,0.29427219143230365,0.2924035671963879,0.2919401382672576,0.29383686065482617,0.29292435515306775,0.2960496778247175,0.29480741665900695,0.29692219007895837,0.29152687806561506,0.2934402447453642,0.29383789892474405,0.2964657402595606,0.29632815657147066,0.29646253604366546,0.2975157262345869,0.29654942116044475,0.29709664735082747,0.29395166118120797,0.2954777133826077,0.29558240305128824,0.3020131627677246,0.30196403092886814,0.30047888021228825,0.2978790821676331,0.2985697194681687,0.3002181321968487,0.3008328248788337
395215,266,"Wausau, WI",msa,WI,,,,,,,,,,,,,,,,,,,,,,,,,,,,,,,,,,,,,,,,,,,,,,,,,,,,,,,,,,,,,,,,,,,,,,,,,,,,,,,,,,,,,,0.13998473057758218,0.1428607781466084,0.14210659957519417,0.14019400378432184,0.1415161658473763,0.14221077885292974,0.14407756259444054,0.14259783779645277,0.14079748476858675,0.14025288102721167,0.1425735687860861,0.14508786110275668,0.1458363053561223,0.14421526831390585,0.1430522560495012,0.14184840649057795,0.1412868538008461,0.14125574037750396,0.14158210443105232,0.14173691875499436,0.14255236572018265,0.1420224875529284,0.1410288849043963,0.13741068929523462,0.13780543339583368,0.13877057755031796,0.1405443926627133,0.14096750408616557,0.14004965464413946,0.14067233670849,0.14157541648764335,0.1424671198227831,0.14170429994232842,0.13991721515938338,0.141219525335514,0.14309610171594309,0.1432029902871681,0.14276235873313795,0.14201381578415018,0.14249992455091529,0.14338107738218175,0.14307564489082963,0.14227524088509264,0.1422628900536127,0.1432441193057009,0.14539183052460378,0.14497191366865664,0.14520231334040648,0.14519878559682425
394731,267,"Kahului, HI",msa,HI,,,,,,,,,,,,,,,,,,,,,,,,,,,,,,,,,,,,,,,,,,,,,,,,,,,,,,,,,,,,,,,,,,,,,,,,0.34935861375928307,0.34701538383393327,0.3672387398717543,0.3796837988923801,0.3934436505119274,0.3998114192353411,0.4121767307187965,0.41251849587562744,0.41609566113667623,0.41566969643305557,0.41733951737228364,0.42608020214013137,0.43343471300599007,0.4336963552378998,0.4242851306298216,0.41999197321140486,0.42361872533696215,0.4184313396967417,0.4120302973261856,0.4051772860317902,0.4064243605988688,0.4076661577638742,0.40850277867301177,0.4183883945112904,0.42710488471866087,0.42772886582386055,0.4152791880766518,0.403880764392232,0.40211658570875225,0.40764574759718597,0.40900339173431466,0.41657380631007723,0.41795308625584193,0.4256763811464068,0.4316892239273475,0.4306696165502514,0.42453608105484736,0.42505764540202023,0.4392165214683677,0.4496371740462535,0.4488371694084604,0.44126879626781423,0.44162574584114017,0.43921997745017166,0.43682479321524176,0.4265523245411954,0.4208966823963642,0.4173893184989054,0.4225816029151328,0.4241703606293063,0.419532493032895,0.41633267719930855,0.41441194377075763,0.41537599145526566,0.4138967168101074,0.41171929799512685,0.41046235591650415,0.4119303001713338,0.41087017400765236,0.4092105179484364,0.4034963911528782,0.39887339910298947,0.3950597378084686
394720,268,"Janesville, WI",msa,WI,,,,,,,,,,,,,,,,,,,,,,,,,,,,,,,,,,,,,,,,,,,,,,,,,,,,,,,,,,,,,,,,,,,,,,,,,,,,,,,,,,,,,0.17246499641001453,0.17178889520219187,0.17088585460381783,0.17041243118010937,0.17168864631643435,0.17159208885205754,0.1725996736147202,0.17050246676939376,0.17155942920488376,0.17175204266645716,0.17365388220815914,0.1740787382704139,0.1742019695766689,0.17485693522290363,0.17654517417608853,0.1788096093643418,0.18105251944116288,0.1827900391211066,0.18347073914309697,0.18293453826336814,0.18311360901090995,0.18488755400551662,0.18577287337198398,0.18559479081198718,0.18388255211319024,0.1870498500406795,0.1876902729762549,0.18886922272896534,0.18715369196921577,0.18634731913028196,0.18827192431978046,0.19123079535202028,0.19379456552982102,0.19299776261758597,0.19331480856252842,0.19398405408285582,0.19723446146235799,0.19747679486634212,0.1978030961070517,0.19730843149628566,0.1987650860627276,0.20025577881797732,0.1999441818749121,0.19995963423590293,0.19955362484932035,0.20098995108547538,0.20174781389895716,0.20277308866996144,0.20229184924316534,0.20152546840360236
394393,270,"Bloomington, IN",msa,IN,0.24069608302654014,0.24069022502221032,0.2398239421985708,0.24116050607550046,0.2410110538684014,0.24210117956013796,,0.2405401397421695,0.2412181836168562,0.24045777920927613,0.2418712392616864,0.24066871655852368,0.23833787678463642,0.2365726814854192,0.23726706112074447,0.23840705918340535,0.23986891680330044,0.23714400834395974,0.23690322054082644,0.2375464119160998,0.23887566504011473,0.2388797557839185,0.2389291970320426,0.24004613612690515,0.24165349989008175,0.24251107158189916,0.24345907097997047,0.24339171083780978,0.24444540384787344,0.2440547517021021,0.24516720785244525,0.2437489471877533,0.2437747604226102,0.2435572890918819,0.24390803016831455,0.242755742544461,0.24153618469582439,0.24045277635198614,0.23943382815978279,0.23907183140866067,0.23830618750206842,0.23892833016334558,0.23797055362950317,0.2376817305650414,0.2373218898902127,0.23663061510024386,0.23585582822327547,0.23498517682386671,0.23387734255159115,0.23422559004356544,0.23353108638610431,0.23259634051341088,0.23153959534653984,0.23140141317026575,0.23142279612046152,0.23201830179808378,0.23265318925391743,0.23404729172936917,0.2351167718525492,0.23634608588714456,0.2375843437680823,0.23750728164638318,0.23642708970813822,0.23487444246732322,0.2336917837147812,0.2334110945116738,0.23279655097193686,0.23194366381718512,0.2335543189681103,0.23482335621650716,0.23610984146025343,0.23513162643590774,0.23349584889865435,0.23124995938531717,0.23042170488242206,0.22907495431444305,0.229765925219977,0.23092428086222397,0.23139151685370185,0.23438557344018285,0.2394468131620501,0.2465147925973944,0.2512994799366246,0.2488911332509776,0.24906387249630488,0.25116115900451147,0.25989300611735106,0.2649328352882051,0.26770553026040406,0.266555483099472,0.26960661260909974,0.27074120181341543,0.2694511221750773,0.2649941806209227,0.2615569397609786,0.26513409506296465,0.2642809309980372,0.26490778108157254,0.2592726760343676,0.2598299585153426,0.2576595113673514,0.25611941764014406,0.25349165305426563,0.251062600618633,0.2505606980133507,0.250321212833356,0.2511328965945993,0.25237831552596024,0.25330298278634367,0.2524941037644264,0.25084873837476035,0.2506618857832275,0.2510603795607242,0.25151450247658413,0.25081751168600974,0.24993771007354218,0.25050350135827176,0.250863633384918,0.25226273301392854,0.25028777605312047,0.25082830092205327,0.2510613055616316,0.25263382275675744,0.2509354315248495,0.25042288541230834,0.250728153412547,0.25166088103251033,0.25281997459349376,0.25254445380671053,0.25273237177161,0.25139837045112057,0.2509879899369617,0.24955884516961244,0.24878214648886407
394930,271,"Odessa, TX",msa,TX,,,,,,,,,,,,,,,,,,,,,,,,,,,,,,,,,,0.2479303969181788,0.25507742924100063,0.2605844879204119,0.2665362201888001,0.2682129983626653,0.27385110759517234,0.2797324224462168,0.2744371308012817,0.27627587362774314,0.27708247019076004,0.2900957218220684,0.2922185364132438,0.2957237888319933,0.29106251742634925,0.2913525880650129,0.2946238520415297,0.2930387843475737,0.29299559121449786,0.29038772929957646,0.29265256846986654,0.2946765712816187,0.29605511883919117,0.28730565211953507,0.28479649568333276,0.28101762460164603,0.28138142012363604,0.2795845595671775,0.27473124607405464,0.2745051920026758,0.2738160903811685,0.26681584984925477,0.2557019257271509,0.24436976966309945,0.24157835420496435,0.2404846684834567,0.2391564308464984,0.23547772228255318,0.23700628221665598,0.2331132758422257,0.2329827390468181,0.23169101583098567,0.2324990091597226,0.2338945499862332,0.23270684351939658,0.23158640327434138,0.22659326076516592,0.22610436746930693,0.2307038007680721,0.23758237695947912,0.24023269749975687,0.24126349374799533,0.23955832511002476,0.24013588781399609,0.24070438493122534,0.24428859921316234,0.2491361312261562,0.2530445886216555,0.25730514238803964,0.2585139351225613,0.2582869214869893,0.25784087956628726,0.2577575007478299,0.25726381018121003,0.2559096594907172,0.25452346253884706,0.251846870638124,0.2507727174940703,0.2506796084279275,0.25118373914224956,0.2514527502869954,0.25137334304508047,0.2513151890705222,0.24975496774792705,0.24905798731050666,0.2480375268352589,0.24835023336526743,0.2474832325207962,0.24833556795755563,0.2449036303479626,0.24213077807455466,0.23851783322444142,0.23830315471632638,0.23989990034027261,0.24094891797193652,0.24151261928078643,0.241337886386954,0.240149481652944,0.23975973776543588,0.2390123821004326,0.23871498910546904,0.23996768535978522,0.24005064250908578,0.24074433653440847,0.23900950909925237,0.2364412644224527,0.23471274734058648,0.2339151955003773,0.23318188222434194,0.23305092824138612,0.23219090986729124,0.23192109352460882
394710,272,"Jackson, MI",msa,MI,,,,,,,,,,,,,,,,,0.14315482570735022,0.1452174163490043,0.14539703068405713,0.14611482345443333,0.1464101700301108,0.1476058887571567,0.14978115656303853,0.14845833861893634,0.14926763340826943,0.14963332426334883,0.15974684571365871,0.1631268670049355,0.16412791801590637,0.15858869354609834,0.1597411008180401,0.1587848718065311,0.15858040731283354,0.1573111072298873,0.15972433292377775,0.1597321920468275,0.1591826510900273,0.15715792486836413,0.15325878945181576,0.15364552984788785,0.15437446180179615,0.1555075701423878,0.1549730723426291,0.15571937094308347,0.15483472601474887,0.15414556027478735,0.15288140350193288,0.15564620358620856,0.156926012123885,0.15774468026303104,0.1561630316603479,0.15498233401177697,0.15458971855740247,0.1564331238903562,0.15704076920638807,0.15759080700102598,0.15942453416984176,0.16147377785574887,0.1620600504638992,0.16145605395592663,0.1618138631616874,0.16287324005066053,0.16308851518085457,0.15976991758439707,0.15792221135934534,0.15868875193340864,0.16374721012255813,0.16402612438351202,0.16566437629296699,0.16279630724751132,0.16384069102533252,0.16320887344335278,0.1627524624763996,0.1641517416042324,0.16320217021660227,0.1671792759048619,0.17131076436772733,0.17408609792216087,0.17440436459957387,0.1750896485663867,0.17927971169137452,0.18045392386453213,0.18192142490985821,0.18033414261846242,0.18233040781662738,0.1795822657325236,0.18212871469282485,0.18399305846223818,0.1844605699438741,0.18291810294531913,0.1799490960352546,0.18184949874171652,0.18236083895610292,0.1851902940759837,0.18562993320423912,0.18735278558365326,0.19048581681208832,0.19463421634948727,0.19570019048613252,0.19248413187822547,0.19022230534321588,0.19478728456815783,0.19448085158678363,0.19274209779616375,0.18596345071116943,0.19092183110585573,0.1933208141311375,0.1962057774857322,0.19208361753875758,0.19165017950776367,0.19223943220448308,0.19274786493076257,0.19588722989244123,,0.19381797637854506,0.1931869703210006,0.2022210658476936,0.20043105088231844,0.20017212839553888,0.20118760918385756,0.20152879343110594,0.20309032413418787,0.20292541972397585,0.20465703931186596,0.20405293727324383,0.20711766062156506,0.20614050204674364,0.20771655745644935,0.20447781886654928,0.2033956453997145,0.20280055718950418,0.20044354026992237,0.20136750370229334,0.19935172680195304
395125,273,"State College, PA",msa,PA,,,,,,,,,,,,,,,,,,,,,,,,,,,,,,,,,,,,,,,,,,,,,,,,,,,0.23244598225898,0.23345240956288463,0.23534370971809743,0.23488061193068777,0.23378019238550202,0.23495368254603058,0.2332239912096503,0.2350232753536113,0.23424998434906275,0.23746705813258237,0.23604265796582907,0.23848884174558038,0.23667504431515382,0.2327642564424082,0.22776869819031595,0.22856815928923815,0.22777397462710322,,0.22293118732460301,0.22453623817629637,0.22731370565401016,0.22558831366713689,0.22450249091550417,0.2239467412924952,0.22783321474393553,0.2310096163805316,0.23345523128768897,0.23328705958932328,0.23243532859215277,0.23254777428477005,0.23783744742201224,0.2397092869948675,0.2420767691711369,0.24492698612322628,0.24616062679890896,0.24376662615921518,0.24059711180828783,0.24016297539252854,0.2416986558396475,0.2422020311296063,0.24281548144084925,0.2432057207288544,0.24122192674083867,0.23964105048777917,0.2373016979845283,0.23663114309776428,0.23744306802670267,0.23902930943165437,0.2405807636446368,0.24092871131235596,0.24126747417737107,0.24017415421863905,0.23850193840918535,0.23710527512320778,0.2369426159592503,0.2375279175601185,0.23944993408310597,0.2391792143702871,0.23728981294237866,0.23619418422410396,0.23396452705154935,0.23377131643756174,0.23280319863180368,0.23379001535391267,0.23290857258852096,0.2315190869875197,0.2291362372928099,0.2289740283721615,0.2284004352682873,0.22979653642241027,0.23028868086487292,0.23093691817875167,0.2320913040893906,0.23170592176683133,0.23156111903342358,0.23100677059679103,0.23209099596796431,0.23340496542272737,0.2352678906751633,0.23513490686841645,0.23482889126821163,0.2336707550335436,0.23415297216042114,0.2340787809250769
395079,274,"Sebastian, FL",msa,FL,0.22734913277568033,0.23247206027996967,0.23559919772777516,0.23660666356531,0.23799711080395572,0.23793231008207685,0.23919888672594855,0.24164913140763195,0.24213442654029493,0.2453038999263972,0.2504578771693601,0.2530106103908118,0.2523393549819628,0.24733999211709262,0.24750789993459232,0.2497692947843076,0.2518057885379739,0.251702214099085,0.25276684073060596,0.25476363481719755,0.25481797791829774,0.25172013930489023,0.2538164394030993,0.2556258579969636,0.2600347446866622,0.2601506965503652,0.26335661122304127,0.263365317845252,0.2615173713547838,0.259092030794087,0.25753349983923374,0.2587939858737161,0.2622168069929426,0.26353734870371737,0.26251224469431494,0.2642616065011364,0.26557883490504813,0.26781523503143095,0.2624339489191818,0.2604797573081239,0.261105124956424,0.2620544539804748,0.2647143429680527,0.25928533278076676,0.25597276643253725,0.2508561046787284,0.25131823042589896,0.24703581207615113,0.24527672604226253,0.24174545211074333,0.24253872323403694,0.2419323618025646,0.24046397181375734,0.24007498142340528,0.23800823723013198,0.24011496584959632,0.24138012430324923,0.24556644327945443,0.24576585480456148,0.24816148488337236,0.24843052321084877,0.25042769894436,0.2537444762404697,0.2546641596294127,0.2533771386224959,0.25251139953972485,0.25144117979551867,0.2554762014929882,0.2603359213760883,0.2661433378751977,0.2664230331589324,0.26363616629094555,0.26376274921250764,0.26386347010762795,0.26908482369564657,0.27309202032402247,0.2757594067667786,0.28037049522080204,0.28830551351130695,0.29264046300192903,0.29807665786312654,0.29885241373257715,0.31362265627857594,0.3242962760457002,0.3353335822088739,0.3363905599659702,0.3384436181486732,0.34117644674732767,0.3438315319750955,0.34686010880168683,0.3423779511844063,0.344963652039373,0.34164673080989144,0.3497678329649302,0.34510969760390015,0.33969052744158873,0.33387888310270764,0.33524912555474756,0.3359550349386732,0.3349160227547181,0.33675228635287,0.33322696862769613,0.33266920054825844,0.3288196404038317,0.3341995475337388,0.33172775888392664,0.3312877906623838,0.3276265532133901,0.324386481388297,0.3214866616684215,0.3207435916258561,0.3184898935413317,0.31581200049029834,0.31361995713225976,0.3140243494886404,0.31222416884167514,0.3120945442321692,0.3103007699619926,0.30926139758138566,0.31096553928204435,0.3117224717274816,0.3110379440307403,0.3094254202038452,0.3092287447969205,0.30797703356756106,0.30855340721025787,0.3069760023865091,0.30717964440574064,0.3031264234632266,0.30174986623179434,0.3005453772853939,0.29863346384104084,0.29767414516352964,0.2964630583557748
394814,275,"Madera, CA",msa,CA,,,,,,,,,,,,,,,,,,,,,,,,,,,,,,,,,,,,,,,,,,,,,,,,,,,,,,,,,,,,,,,,,,,,,,,,,,,,,,,,,,,,,,,,,0.34452592444244257,0.3504882567863751,0.35263407628796734,0.35589948644783415,0.35389137513450536,0.3538316199950746,0.35528413934509817,0.3620062099571776,0.3638301875197242,0.36812838051960134,0.365701196177404,0.3710004984251314,0.36419688856955146,0.3644998248456454,0.3610523113055997,0.3628373918259966,0.3644977562501834,0.36879499725567305,0.37485333084726213,0.38238587466560237,0.38256227749024146,0.3843866636599801,0.3784676778800414,0.37704575003417995,0.3762599968043676,0.37699021292744567,0.38041230602205467,0.3787141918816943,0.376277882187877,0.3713512626897221,0.3720004112579478,0.3714604919249068,0.3751745372745076,0.3717763568473286,0.3768516961988906,0.3750065937400477,0.377922739910683,0.3772707921324886,0.3767902620847029,0.37710791545304106,0.37878462287343034,0.38031822036783397,0.3766057429710712,0.37212484069609353,0.368047174899054,0.367731275485853
394523,276,"Decatur, AL",msa,AL,,,,,,,,,,,,,,,,,,,,,,,,,,,,,,,,,,,,,,,,,,,,,,,,,,,,,,,,,,,,,,,,,,,,,,,,,,,,,,,,,,,,,,,0.17016136092254458,0.17254529394872878,0.17536063267465093,0.17477442876748767,0.1734210650252595,0.17216325118193473,0.1733113547066293,0.17332821101490356,0.17396778016753583,0.17497149434089068,0.1769195051035328,0.17789088779325224,0.17723695878844925,0.17703256287704686,0.17608443716032907,0.1757364068559013,0.1769136734468677,0.17827616726658346,0.180094698537495,0.18146774178911323,0.18215050306594133,0.18292134744439445,0.18081656000577265,0.18164696093141938,0.1816165548352458,0.1819263780101527,0.18235218654082752,0.1821790450898,0.1834142391816603,0.18235677641707587,0.18302331193771892,0.18192375015003226,0.18262153823251165,0.18124563899026525,0.18326999684309248,0.18275995377161447,0.18334406314464619,0.1828937442935969,0.18261751924700362,0.18334831207817975,0.18239341560337552,0.18297005586851883,0.18183733676285882,0.18245108704735188,0.18176375519785623,0.1824067860524628,0.18172985064428915,0.18183362570422315
394453,277,"Chambersburg, PA",msa,PA,0.1471611384964885,0.14819234993515157,0.148076499447317,0.14908139509235496,,0.14986311889810108,0.14958711111188044,0.14955332934233942,0.14844654912262298,0.14837064568389718,0.14895254423207016,0.14850790818146653,0.1488104460676621,0.1467107246000431,0.14644149441121307,0.14492481215407815,0.14490032861821062,0.14541893441898845,0.14508378705210867,0.14465320731724016,0.14369350594997687,0.1444318719103167,0.1441878872212001,0.14545948517655916,0.1447790347057364,0.14524733865962267,0.14513058809012525,0.14524219524379872,0.14540918624124755,0.1444109605125045,0.14473469118289642,0.1455762696984274,0.1462840842641639,0.14573841555923264,0.14595202369134122,0.14574665139265955,0.146358682177185,0.14627138491103706,0.14584630659522638,0.14632197239002867,0.14625819077263666,0.14718230204736726,0.14706975112754792,0.1474894813221478,0.1481132177038299,0.1480299115102129,0.14816623770669043,0.14901842592051445,0.15009940496246152,0.15113366605137815,0.15248360440709577,0.15325711212313908,0.15412914892713203,0.15468977761886843,0.15559639573016545,0.15580893411056887,0.1560047484001138,0.15698158189396472,0.15760135501681308,0.1577875579255828,0.15776861301802106,0.1576507700137535,0.1589846747546717,0.15690834129807585,0.15464158225270322,0.15358628273899844,0.15450141993796648,0.15478273753063188,0.1567192228768603,0.15792139507039263,0.15901364045004435,0.15964565339509335,0.15789545531471297,0.15676500844300487,0.15931255804597283,0.1646831122330976,0.16963088094622508,0.16949434292086793,0.16571274847127312,0.16488352886213162,0.16484299813737374,0.16743097175856247,0.16843119169189325,0.16799750815089967,0.1686112855432509,0.1691657002712979,0.16564129181999446,0.16286523451859572,0.16046638938294125,0.16157239783842545,0.16342094809811877,0.16339997477205587,0.1645439392996755,0.16440526285500756,0.166162944179372,0.16653097636146988,0.16807967912392602,0.16891211123201405,0.1714992304830606,0.171910584437366,0.1724114922520596,0.17430341612429573,0.17469876559220132,0.1761737783742494,0.17607561735406355,0.17689407098398904,0.17746866944365844,0.1780519394697165,0.17876084574403922,0.17761432345627137,0.17801112059109164,0.17812030088993996,0.18012487658044024,0.17995207434776622,0.18162465767794425,0.18295860080730703,0.1833941711287495,0.18463257364077465,0.18491160381400504,0.18696127655475087,0.18554703616631196,0.18654158589428352,0.1864823909825589,0.18740808160780076,0.18675005140141362,0.1866707692775063,0.18585047538705546,0.18506765740131917,0.18558912638980662,0.18523283652610142,0.18531607058075747,0.18433323049395636,0.185370494181494,0.1855762344418405
395193,278,"Vineland, NJ",msa,NJ,,,,,,,,,,,,,,,,,,,,,,,,,,,,,,,,,,,,,,,,,,,,,,,,,,,,,,,,,,,,,,,,,,,,,,,,,,,,,,,,,,,,,,,,,,,,,,,,,,,,,,,,,,,0.26571466434060487,0.2647437879501914,0.26498875879887807,0.2606829483476683,0.2609682744041356,0.2607074936661452,0.2611420135402113,0.2638378511459338,0.2669485144411202,0.26720507067958155,0.2673522958204994,0.2679421843511194,0.271441006154488,0.2703784778119526,0.27084201641701006,0.27182612584621685,0.27384046891255215,0.2743074812812267,0.273768733044133,0.2726970123666127,0.2712713474054829,0.2700340571136121,0.2697797248595908,0.2703229217934574,0.2683981827711215,0.27113545942204104,0.2731963974967648,0.2773232974252017
394703,279,"Idaho Falls, ID",msa,ID,0.1574268248444438,0.1573906863206393,0.15728660147663878,0.1572816971978978,0.15521952559032362,0.1542442312015381,0.1534862728914479,0.1527063339639689,0.15455032864746335,0.155983671604932,0.15450666948083303,0.15468587102450757,0.15395297774157063,0.15516839675850014,0.1558059693889897,0.15623985623973063,0.1576456679992599,0.15801126203577107,0.15924263996320756,0.16076112303316192,0.15995599638996333,0.16001400832839396,0.1593381129433136,0.15980474485193802,0.15973225750509754,0.16145968819891648,0.16129792815188815,0.161637329940063,0.16081308184233997,0.1616647979374108,0.16180974954484095,0.16223932950768147,0.16452329379223182,0.1652773139635418,0.1676400748262264,0.16731165494448477,0.17008105493849798,0.16993505780853826,0.171204889128719,0.1707196193982288,0.17090926677944207,0.1708527886232312,0.17070512428361642,0.1715133626113621,0.17247706719348854,0.17355520246367365,0.17435074626180844,0.17390304474527507,0.17292772794690542,0.1707393506451268,0.17022014556568893,0.17071289760357128,0.1711938086815493,0.1714109826016854,0.1719043224954211,0.17161240929515437,0.17145323678664984,0.1719629487780454,0.17210753360659364,0.17373968186045355,0.17436763105753553,0.17675729971505658,0.17475442635056446,0.17391704422433968,0.1718367906475364,0.1729568421494023,0.17351224876542867,0.17634962219980063,0.17833184233677093,0.1822049411529739,0.1847920423145785,0.18407420517454076,0.18367558481149865,0.18530932499923375,0.19020384730260056,0.19261544852285134,0.1953241529158294,0.19633528376463447,0.1990051904724127,0.20120537202748542,0.2070736914025735,0.21133542402076286,0.21477660393459513,0.21579630897075056,0.21658637616404527,0.21601738902672563,0.21490872766000665,0.21652920974920087,0.21650557390596306,0.21678380080527543,0.21453960140223988,0.21364544610217914,0.2115384663027337,0.20988216109625932,0.2086051148070079,0.20808319731424868,0.20638067361376702,0.20557761725292276,0.20503806001745326,0.2040849707550204,0.204637926585947,0.20347095968408332,0.20405615720873546,0.20228662709096373,0.201710267918947,0.1999888385653165,0.19853900222471096,0.19707163527141827,0.19681494000216218,0.1962789997201859,0.19512751116213936,0.1929312233027012,0.1909088923897949,0.19024271514188942,0.1890370551778317,0.18902111329556662,0.18818494164128488,0.1880572848509674,0.1868414157074167,0.18509609317778097,0.18452453590933224,0.1840936734894401,0.18362324813616504,0.1836370889061431,0.18321772450276738,0.18278923734513675,0.18242652659699587,0.18197633013364448,0.18182356802949848,0.18163252817745787,0.1820704001370017,0.18271626968009222,0.18267586832201357,0.1825979140280119
394639,280,"Grand Junction, CO",msa,CO,0.2084372233349756,0.20923778536512502,0.2089453865449136,0.20950047443458714,0.21091889325072521,0.21161693394148037,0.21148607840359873,0.2108615485382915,0.2107417465457337,0.2111401443888971,0.21153729323940398,0.21138934700781484,0.2110945784907953,0.21125709359158273,0.21151180807940306,0.2114729945987012,0.210811529886379,0.21132943769012597,0.21305977054164185,0.21413330990239093,0.2158688705369738,0.21637310471791737,0.21661198201491494,0.2158899243537998,0.21741594231023187,0.21937930246206405,0.2218171956726348,0.22266584242738027,0.22486520809289662,0.22587568070924668,0.22619352354083613,0.22517708554482171,0.22380673912077026,0.22401753457782012,0.22501545546728607,0.22560878906373522,0.2246048656889398,0.22341912637366906,0.22396313816607585,0.22383430140041613,0.22353089231908457,0.22309444199140507,0.22343671425817316,0.22373938574712515,0.22301226282884873,0.2234819594215827,0.22370138767331738,0.22551598630905836,0.2246575320015379,0.22469006500428032,0.22373063040151042,0.2240697592265803,0.22397356249439773,0.22398859429205534,0.22346622074266623,0.22373336778380865,0.225131519360842,0.2251456232316001,0.2248825177845312,0.22307484741249253,0.22339737922723749,0.22302167502027667,0.21897728553578913,0.21607541044399622,0.21469100988054624,0.21705324893264463,0.21739271432516044,0.21730622333382132,0.21944862645014468,0.22368195959544435,0.22646503661939635,0.22630644939027728,0.2265121397771827,0.22663577629534776,0.22995559902290236,0.22892155736889466,0.2309975545007067,0.23123734800189807,0.2351976507486335,0.23722981031266246,0.24286317220141113,0.24504927812375607,0.25155942991015784,0.25445760492008596,0.25541156589036934,0.25693632890960216,0.2584462004365946,0.26615088673641457,0.2660617928223914,0.26726099168415046,0.26416061676469643,0.2650371593191896,0.2629284436083529,0.26327611226111225,0.26256388593055674,0.26251398406191273,0.26225236694346665,0.25995290183085734,0.2588107579549602,0.2575850408408238,0.2584660941178198,0.25602166829166195,0.25490930816316115,0.25315552135236935,0.25379368151511617,0.255897537345354,0.255073333052572,0.25404755126523004,0.2519716087899588,0.2537829051529244,0.2559489040728256,0.256785140309759,0.2569629056855435,0.2564519019473876,0.2573561495203778,0.25676559645832775,0.2569880530705191,0.2562115106628404,0.2569143442327736,0.25697489751883634,0.2582629188061748,0.2573484134001146,0.25626670271866636,0.2551687268085539,0.2548887258724218,0.25622813454695714,0.25649813226057966,0.25747817672773127,0.2574104163269092,0.25705663232748144,0.2570017423526406,0.2573495492495642,0.2577335124408359,0.2583374776301679
394563,281,"Elizabethtown, KY",msa,KY,,,,,,,,,,,,,,,,,,,,,,,,,,,,,,,,,,,,,,,,,,,,,,,,,,,,,,,,,,,,,,,,,,,,,,,,,,,,,,,,,,,,,0.18942753736717188,0.19163543238500588,0.19010099993645915,0.18790965610581797,0.18682757737444702,0.18772330704109838,0.18967454572985348,0.19113060242366864,0.1958820232661929,0.19754681787053413,0.1973481363342742,0.1985188340358527,0.19944234571659405,0.20214899093848793,0.20193721668904507,0.20303978341763282,0.20649726790562584,0.2083709195583276,0.20827832383193623,0.20807788957826023,0.20786442016778534,0.20973207911193475,0.21171768080740125,0.2127903848682124,0.21190127096642714,0.2095539569855952,0.21137577998025261,0.212200022561318,0.21152115143716782,0.20816892834172415,0.20798413309140407,0.20770782728218679,0.20743467908450938,0.2058474797443034,0.20780587603034176,0.20659067087465185,0.2060811084171277,0.2045115477437343,0.20342128871565315,0.20253466706236997,0.2014769075136266,0.20279908698609425,0.20247984307504868,0.20249862134201707,0.202337252696893,0.20287656631657855,0.20106701621374679,0.20163845287204693,0.2025264873848046,0.2045899921874928
394917,282,"Niles, MI",msa,MI,,,,,,,,,,,,,,,,,,,,,,,,,,,,,,,,,,,,,,,,,0.19640172661473376,,0.19172467804614046,0.18938380621749448,0.1898846665674584,0.19171434010544539,0.1904080841172504,0.19233433500919522,0.19111925326395823,0.19135620295100597,0.19018534036502807,0.18800080783981685,0.18793048515593563,0.1873218594479775,0.18965984423899432,0.1885047482311473,0.1892618886630938,0.1894586073465104,0.1920555583983409,0.19240262542717454,0.19542150798642316,0.19673581302438556,0.19847522971680392,0.19530519802531712,0.19058261855935826,0.18826687456923408,0.18657989400853323,0.18730614426560882,0.18759211745168025,0.1883920592758314,0.1894120299633816,0.18853995774688093,0.18743628323341888,0.18524022235660154,,0.19046207341943797,0.19315904545070478,0.19095595007659097,0.19021658270594716,0.1898421156022357,0.19560293861534625,0.1992284077679509,0.20074059762962013,0.2018099666717935,0.20091371861700932,0.2014788165866798,0.20133063951262525,0.20183361552281276,0.2038727963700604,0.20687260500149698,0.20854063515416102,0.21015410748858904,0.2069988723704131,0.20693341902337303,0.20629049236210134,0.20592894919855412,0.20638421076517635,0.2079129886669048,0.20542818292414255,0.20420923304447552,0.20347739761941153,0.20369190548476535,0.20293528929834131,0.1996285429020833,0.2000804868960813,0.20244948555946943,0.20448630722868683,0.20298276379514837,0.20092285094036766,0.20078254474783622,0.20188242089688632,0.203940117166991,0.20296407511919962,0.2023018106062432,0.2020158663981941,0.2014992058219435,0.2033603627971373,0.20181778982435186,0.2017390228163717,0.20376453086395735,0.20597365790088584,0.20571732906087295,0.20617918946230757,0.2050852307661309,0.2057428238865575,0.20582858859818629,0.20629333899667376,0.2081599670231075,0.20754963004002602,0.20812813632613963,0.2077987811055958,0.2071867972797665,0.2066288024010211,0.20673939922863577
394873,283,"Monroe, MI",msa,MI,,,,,,,,,,,,,,,,,,,,,,,,,,,,,,,,,,,,,,,,,,,,,,,,,,,,,,,,,,,,,,,,,,,,,,,,,,,,,,,0.17095760291100534,0.17347032765693277,0.1778336169761355,0.18331479984469204,0.18919960615084705,0.1891267833217193,0.19110853374139117,0.19454494254778454,0.1956197897710244,0.19429543492841514,0.19560250381519828,0.19356074049200708,0.19295255621493887,0.19081002345850748,0.18960231542031306,0.1886996356791351,0.1873777039376802,0.18673105519886538,0.18335892315542435,0.1822959011993172,0.18150395496862406,0.184593445126694,0.18246422563034184,0.18128205599742322,0.18092019212164587,0.1830085381961107,0.18451374835103923,0.18472180602372365,0.18474313053543154,0.18545171679762362,0.1881736686811688,0.188340048994941,0.18834494198852578,0.1858809510702139,0.18572468006893025,0.1885730018936408,0.1893453619083678,0.18987837128283383,0.18786618944402395,0.1897478640933642,0.1880775224893938,0.18716819826624867,0.18666382018077063,0.1881155433561096,0.18800936823672723,0.18809677282328852,0.1884482610264074,0.18670818853379623,0.18600222391980012,0.18454318727403227,0.1853545786152694,0.18381752447541494,0.18492899784658093,0.18493486343041243,0.18394304847406492,0.18212145141497332
395066,284,"Santa Fe, NM",msa,NM,,,,,,,,,,,,,,0.2149177496590392,0.21285030792834628,0.20521445498623775,0.20095760876701035,0.19820147253642498,0.20730676572627205,0.20720618404782756,0.21249924039384238,0.21248011554051977,0.21637219836950894,0.21472978417639282,0.2178502648330467,0.21654341127125257,0.22366840677979996,0.22390683166721728,0.22424764706454137,0.22309441723223042,0.2225840015562056,0.22321824202183096,0.22674995380398655,0.22845482117511554,0.2312562212610054,0.22856921417940673,0.22619860376683218,0.22727228996414228,0.23020924603104062,0.23365304728354883,0.23489613755989902,0.23609984770319228,0.23578957952676402,0.23680415552112144,0.23641960151701147,0.2400483381845827,0.24343209328278512,0.25019846288343345,0.2528724977620459,0.25182363406207753,0.24972055093970158,0.25189993013214257,0.25520901262088874,0.2586711594632789,0.2605119767213338,0.2629480480395749,0.26499294505522997,0.2661225043898224,0.2659967558909213,0.2667166945592433,0.26952708332233993,0.2740092620964839,0.26945946091762596,0.26378484026827526,0.2572244942234994,0.25538204497559147,0.2520997851878555,0.25247682602255556,0.25139007034932,0.2584341885664419,0.2616131465936413,0.26343885816375456,0.2603212223286112,0.25820520505092903,0.259660418242394,0.2617447871986941,0.26569561013732523,0.2664419215623347,0.2711466395335383,0.27390578745844774,0.28103114414767466,0.2814741542879433,0.2883142754878419,0.2879941549257373,0.29014528106506376,0.2873810234208506,0.28707844669910876,0.2879848421321659,0.285477173322345,0.2827964508271061,0.2773154063486949,0.27515224451386794,0.27393786241356705,0.27406193919142,0.27152449358615854,0.2717706211999592,0.27069002054066404,0.2704754888708895,0.26984548777802464,0.27217496767449256,0.2751975026796085,0.2755692977019483,0.27135259651737936,0.2681119850276934,0.2651684402969599,0.26715414375797286,0.26713630274216027,0.26667149164962617,0.2635252579461771,0.2629388003686868,0.26160779344132906,0.2582340619490776,0.2560495563920236,0.25576153259484785,0.25945637253159837,0.2574935904788922,0.2565846229741677,0.25189827528624115,0.2526719401460425,0.2503984486911085,0.2513640723843645,0.2497755966971612,0.24902677559182237,0.2481274114556873,0.24663235392980976,0.24508981544591776,0.24293525987400488,0.24397825028737263,0.24448045737363683,0.24560051733275248,0.2438958215212834,0.2440785165892642,0.2437608087352603,0.24419494119010535
394314,286,"Alexandria, LA",msa,LA,,,,,,,,,,,,,,,,,,,,,,,,,,,,,,,,,,,,,,,,,,,,,,,,,,,,,,,,,,,,,,,,,,,,,,,,,,,,,,,,,,,,,,,,,,,,,,,,,,,,,0.19991919227260896,0.2008588174670246,0.2004230521696773,0.20181187662085232,0.20212840349418645,0.20056709908817666,0.1993837076342,0.20088504438128754,0.20137371896612224,0.20196767449385095,0.20292885175000527,0.20115123265785725,0.20390138535053676,0.2014555256182902,0.20470615795630806,0.20300347659060558,0.20496491541492948,0.20400747185235024,0.20503381969327772,0.20369544678938895,0.20260025505506402,0.20652778278264222,0.20767511963898144,0.20869175507029772,0.2065123820447255,0.20769551861473706,0.20620377131879553,0.20766634485150123,0.20728427488386686,0.20937974676886537,0.2094475365625,0.2102615864462513,0.21116476826122219,0.20921627067289564
395163,287,"Traverse City, MI",msa,MI,,,,,,,,,,,,,,,,,,,,,,,,,,,,,,,,,,,,,,,,,,,,,,,,,,,,,,,,,,,,,,,,,,,,,,,,,,,,,,,,,,,,,,,,0.24750775301426328,0.24369248281977823,0.24421084982649605,0.2410180993867732,0.23863021591559183,0.24463462433332742,0.24731275775109024,0.2516558483744637,0.2521797095254243,0.24614611658005392,0.24533566772864276,0.2457039944980249,0.25693558544887857,0.26236649647415167,0.26356870012304556,0.2608621866028446,0.2612026258021216,0.2591027641199858,0.2595941004684638,0.2576176805982359,0.25981838782445726,0.26305638134476833,0.26753135409493733,0.26672631263682417,0.26237414095958483,0.25827785980309864,0.25690047876532923,0.25659006674663504,0.2556249966838437,0.2573397919866788,0.25870010473908606,0.2591111268695466,0.25813533261272464,0.2571087435858819,0.2557472516279329,0.2571744611959532,0.2564369495459455,0.25829388201511877,0.2595035059424834,0.2624240568913564,0.2645428284190352,0.2646574685030105,0.2644806789824912,0.2657723434825531,0.2668188360618614,0.26902760902887146,0.2701373098602693
394359,288,"Bangor, ME",msa,ME,,,,,,,,,,,,,,,,,,,,,,,,,,,,,,,,,,,,0.2301305213686679,0.23272503737040326,0.23467116887958972,0.2360627870795643,0.23668999201879337,0.23559500363796226,0.23522978983462955,0.23397063567899384,0.23545540686592265,0.23497303858510282,0.23550046300022365,0.2348499685209378,0.23542517327701998,0.23564979342119502,0.23732322913270767,0.2357856553512873,0.23686161217603366,0.23754967769919846,0.2387548169467833,0.23956069567612168,0.24010051224693227,0.2427071009952138,0.24416641123891206,0.24760876743693108,0.25000855864671534,0.2514119757844049,0.250814234617176,0.2429554565511031,0.24007303621656145,0.23671208848436362,0.23729483789547026,0.23841066407371156,0.23828291013402594,0.23961818441538038,0.24186970928969537,0.24233095775133506,0.24250213164882875,0.2396779040137604,0.2420757067917116,0.24438919125530903,0.2463393228253268,0.2472405888128249,0.24698573878159719,0.24902912279134543,0.25087817040896493,0.2534407044511042,0.25398250605266176,0.25690452755306387,0.25710014132844095,0.25900865202981393,0.2545550506509789,0.2537208632656529,0.25175833572487183,0.2556274365904078,0.25447412946338727,0.25384209536905467,0.2517080601891385,0.25537778548266354,0.25783088618223493,0.259591334459104,0.25566605762279876,0.25392548578181934,0.25456511856699304,0.2557572218416756,0.25813291918202363,0.25781446649124073,0.26187842911810233,0.2601797698159446,0.25946157053358193,0.2558785905993883,0.25885203456295847,0.2587346453236919,0.2631993972868865,0.26357259476934,0.2672045704835292,0.2674228927312517,0.26492372931402525,0.26153104721102116,0.2588640934132035,0.26087162579599515,0.26443199785198496,0.2654689093260462,0.265414069737573,0.2651525446244141,0.2670355528950023,0.26544008937643476,0.26369028701917346,0.26363029169931923,0.26519613329921604,0.26755612674324264,0.26819589467399346,0.26773935687432804,0.2659960760260767,0.26738784619963035,0.26687493436035337,0.267911028163598,0.2655480357445399,0.2670180190857835,0.2668400867467322
394685,289,"Homosassa Springs, FL",msa,FL,,,,,,,,,,,,,,,,0.2543406666310699,,0.25916508861831805,0.2600341222250797,0.2605530411508395,0.26399400540625556,0.26984303721831804,0.275927103344738,0.277740629950816,0.2778066959386878,0.2787865025159386,0.28424733405102215,0.28689645009160625,0.2899162459996839,0.2888368930289598,0.29227824516986656,0.2934959393658465,0.2948530594272007,0.2928157773434254,0.28824839998729196,0.2873408254917946,0.2883682807119665,0.29063764624095273,0.28964217253048347,0.28781189420116765,0.2872395391037432,0.28588912274233874,0.28261131787779714,0.28030319152572536,0.28135987263384277,0.2841888379004809,0.2842608635135339,0.2821654792306227,0.2798822059842624,0.28175648653500734,0.2817589300885784,0.28338049855949815,0.28284838924626554,0.2846963491812165,0.2862972195493919,0.28825782258441945,0.2874356199851774,0.28633445801404894,0.2886480802351797,0.29168530611633603,0.29441343094366723,0.29302886710838677,0.2881541232526526,0.28491522955131493,0.27830485295666846,0.27809398170951566,0.2809187200638109,0.28444401173654543,0.2902002068873585,0.2953925438166477,0.3015425551815906,0.30122441877488826,0.3076177306814383,0.30870647195715684,0.3149210482676033,0.3195384917556482,0.3265808921967751,0.32855869413024963,,0.3318173792554785,0.33767520126382256,0.3484672142027495,0.3551221904353101,0.3618133576686583,0.36094111268822804,0.35937700228383085,0.3594728832533195,0.36165262265520637,0.36564846558183917,0.3690142131684859,0.3711278865364758,0.3694491710072329,0.36628081885403085,0.3611116696497446,0.3572682620060639,0.35727179185288627,0.35796970655123034,0.36206103327927397,0.35905918949256754,0.3570389152088244,0.3558527694068063,0.35560595079301927,0.3551665810935432,0.35345179687751027,0.3546041282472173,0.3545587447675195,0.35539120518610634,0.3500993707687974,0.3476929285407966,0.3433696654781752,0.34343034658651755,0.34343051449997974,0.3418114639175226,0.34004203445591025,0.33863393029645356,0.33652258244724764,0.3363729107030691,0.33538490957678435,0.33370645218118955,0.33505701431720325,0.3346646842818867,0.336706174767625,0.3361755116501908,0.3346153977191358,0.33336078324522816,0.33221094318938266,0.33108156316114545,0.33130466075487963,0.3291668648494488,0.3282247484953755,0.3270450309535161,0.32522236642158625,0.3236783353963252,0.3204191578362917
394662,290,"Hanford, CA",msa,CA,,,,,,,,,,,,,,,,,,,,,,,,,,,,,,,,,,,,,,,,,,,,,,,,,,,,,,,,,,,,,,,,,,,,,,,,,,,,,,,,,,,,,,,,,0.27502373534464597,0.2777840513190083,0.2804512505223308,0.2828809681504684,0.28481846004557027,0.284378754222311,0.28574638799645846,0.2830474748324465,0.28537387400163144,0.2826518216686754,0.28171197404025144,0.28019517109132674,0.27995615748603564,0.2797344466773949,0.2765382726660886,0.276229847069085,0.27526032869340494,0.2745975201274505,0.27364410077813867,0.2707977203326861,0.2695122969687773,0.26871822927584726,0.2696434694106342,0.27130762384907303,0.27094096518616867,0.27212143746268397,0.2698199897817621,0.27000087223862945,0.2663754821376861,0.26549373348960265,0.26240387220941824,0.26330230554080225,0.2625213725363331,0.2669714362332849,0.2661117256858181,0.26499337431733283,0.2648894914126354,0.2632165150628523,0.26532720038149177,0.264430213972269,0.2667808920104058,0.2673555197190956,0.2694336182002914,0.26979344313096265,0.2704791549504339,0.26771119565871665
394723,291,"Jefferson City, MO",msa,MO,,,,,,,,,,,,,,,,,,,,,,,,,,,,,,,,,,,,,,,,,,,,,,,,,,,,,,,,,,,,,,,,,,,,,,,,,,,,,,,,,,,,,,,,,,,,,,,,,,,0.13644991146867538,,0.13557421706788553,0.13339301935925238,0.13514912090681316,0.13461128145532253,0.1334230287396802,0.13540115007513528,0.1365043585982636,0.13837795028555547,0.13823055627151434,0.13829096091986082,0.13796496421274065,0.13873038220959197,0.140903974644087,0.14297745795334324,0.14577753124363949,0.1461915677796541,0.1467929768218118,0.14564795036421407,0.14674450650580306,0.14783357071414394,0.14853206615873438,0.14811352322408367,0.14759521564475112,0.1483495538609231,0.14776727685177152,0.14837438333239394,0.14755264795167267,0.14915594398155388,0.1511760666280151,0.1528398516856723,0.1537123398882214,0.15447235006077317,0.15627991336486666,0.1586736642181467
394598,292,"Florence, AL",msa,AL,,,,,,,,,,,,,,,,,,,,,,,,,,,,,,,,,,,,,,,,,,,,,,,,,,,,,,,,,,,,,,,,,,,,,,,,0.17624184486334646,0.1769365740157636,0.18122450657700004,0.17988799083742005,0.18145110975273676,0.18196885304203794,0.18613557118267227,0.18827809411070826,0.18984404722814122,0.18820317177210216,0.19325949502705886,0.19718416510912468,0.1990110541505215,0.19508673634877616,0.19454868721028049,0.19417945486803398,0.19699604692266603,0.1952872407990846,0.1963801187300928,0.1944092893790641,0.19337910644438464,0.19628457704731386,0.1943323184200033,0.1965191737661555,0.1941258815054821,0.19682106939311045,0.1959970906611875,0.19582488139674883,0.19555147744286394,0.19802974648493257,0.19823113850797117,0.19712686039369487,0.19644750139222583,0.1963693202341183,0.1970172745461366,0.19319977200031932,0.1930299739931444,0.1929855251459568,0.19274432290334606,0.19280493168340945,0.19118182615117915,0.1910966635839486,0.19014082079728067,0.19014857220745693,0.19118587318044303,0.19210463042056508,0.19203937105039756,0.1955756130443012,0.19557943331054217,0.1948541183380483,0.192142500145223,0.1920432962301578,0.19246696140704814,0.19140807059859316,0.19174230194942982,0.19260646682351526,0.19238195279296424,0.19157449867391566,0.19195225678348182,0.19087193591268709,0.19159240611159745,0.19233678587991052,0.19529167454425778
394537,293,"Dothan, AL",msa,AL,,,,,,,,,,,,,,,,,,,,,,,,,,,,,,,,,,,,,,,,,,,,,,,,,,,,,,,,,,,,,,,,,,,,,,,,,,,,,,,,,,,,,,,,,,,,,,,,0.21603137580565326,0.21529276372709003,0.21276569093758516,0.21320895803337095,,0.20558696501443657,0.20384894935732872,0.20529985707967027,0.20619442480658917,0.21151070029561053,0.21420878551814249,0.217727989820668,0.2151610709337015,0.2147997438133935,0.2090733327002036,0.21087881718653648,0.21067097976088522,0.21768676463059033,0.2142859702817442,0.2129577763372189,0.21444759902915553,0.21742438587073012,0.21911821530381412,0.21856504067985227,0.21858510661078379,0.21802354803986823,0.21676842985122421,0.2149559791688061,0.2165389940449679,0.21479301949862722,0.21904729448101806,0.2201671261161717,0.21971118012970411,0.21685420722064228,0.2154986355296801,0.2152927270614737,0.21717314754970618,0.21956889592002649,0.22530592609184003
394306,295,"Albany, GA",msa,GA,,,,,,,,,,,,,,,,,,,,,,,,,0.18059118126385612,0.17912811674683649,0.17800164435262839,0.17876407534229974,0.17853462880800003,0.17869494365218264,0.1779930351664731,0.17789750479269836,0.17633419623212254,0.1749925875364785,0.17458588336211608,0.17704515724162015,0.17832926499098453,0.17844743755330061,0.1777303201688342,0.17769422527915535,0.17789744085007517,0.17826871644281572,0.17895749854725898,0.17992427427756966,0.18008523731944528,0.18133257463611113,0.18045062545513738,0.1787722480937256,0.1775773867790316,0.17782526305574148,0.17922597558848632,0.17895166754333044,0.17898015986369864,0.17900715914355783,0.1796653340252425,0.17996696765163364,0.18192120915308285,0.1830112797328111,0.18488207257665545,0.1857172346851512,0.1868142272716867,0.1874500526368076,0.18943707572587554,0.18917998180043719,0.18910825317125093,0.18966884748308926,0.18994962158330828,0.1919400518397913,0.1951327500417981,0.19680030734486958,0.19557352695979358,0.19231948297550958,0.19175482530679136,0.19303557751891953,0.19685166328905052,0.19935570859176988,0.20195043506947255,0.20178552626122456,0.20248340472581788,0.202921094127414,0.20251965827096585,0.20640896667143274,0.20936649842869692,0.2143603139544621,0.21301175284172283,0.21339167361950434,0.2107178956596421,0.21152796480652922,0.21119875507602956,0.2122657705938976,0.21131425683834265,0.21009181822336873,0.21118453550169924,0.2108735535502314,0.2104192730860413,0.2080078378316318,0.20788132645088347,0.20788689841841312,0.20972469576410682,0.20992017387906325,0.20947263254031923,0.20875670605592156,0.20765565633114974,0.20838022365947145,0.2088328097726638,0.20989376643703347,0.2117898829709,0.2114525151588612,0.21202129360231345,0.2087916133019805,0.20764212469747795,0.20512936073056087,0.20450517843342036,0.20326957998773676,0.20332662553452494,0.20462611465619981,0.20497171095785388,0.20407348913059187,0.2005230713406918,0.1987529888816391,0.19867822757102616,0.199942880436414,0.19980801215829677,0.2007616954033579,0.2009075963548938,0.20169077706258706,0.20210505330315895,0.20087162627350663,0.20022701229547915,0.20048865363705218,0.20248273821585916,0.20456915500331213,0.20522314036208394,0.2066193052551474
395102,297,"Sioux City, IA",msa,IA,,,,,,,,,,,,,,,,,,,,,,,,,,,,,,,,,,,,,,,,,,,,,,,,,,,,,,,,,,,,,,,,,,,,,,,,,,,,,,,,,,,,,,,,,,,,,,,,0.16234489465809948,0.15905865644496264,0.15705350661187278,0.15903863423239092,0.16000690165648565,0.16422242259631836,0.1645098807968533,0.16460908758923234,0.1634224663144479,0.16377922560985586,0.16168512099090074,0.15860926231310585,0.15825981768055228,0.1595920991740683,0.159768786162712,0.15767958043623198,0.15709723436659384,0.1555392250141711,0.15504631872528446,0.15623245841674369,0.15593143414823604,0.15755017487948164,0.15541573334338304,0.15632961480074642,0.1567117185146615,0.15759063797771264,0.15716924827836326,0.15764617687053706,0.15714574866067535,0.15634415094451234,0.15644599750411442,0.15552453145108702,0.15606345663170826,0.15465413291031382,0.1565395638628985,0.15669302628716636,0.15640638301198356,0.1555256979181578,0.1558996406453197
395223,298,"Wichita Falls, TX",msa,TX,0.18379332771098747,0.18314496321691895,0.1851252029011632,0.1860683630125265,0.1883346567207706,0.1884822685561732,0.18997020673837467,0.1895544654165856,0.19037829500217734,0.1882574661997223,0.1853422024252848,0.18468757178810527,0.1856428656929912,0.18709697262001834,0.1874515843220468,0.18733649810199138,0.18786984225799264,0.18876235302551625,0.18874278534914019,0.19089052521856584,0.19124655167077495,0.1921328399253428,0.19065015411651065,0.18991771252140022,0.1900281206065879,0.1917518351921092,0.19162532909380098,0.1908858861403469,0.18943922984166622,0.18787219706109057,0.1875798433337039,0.1871982658338787,0.18711712766967517,0.18893323046380728,0.1907161208280041,0.19224944912410882,0.19114380874508188,0.18936911001266502,0.18926725412511688,0.18851144198927633,0.187284559650194,0.18643352055884205,0.18595260364667396,0.18658150882408947,0.18669761548065195,0.1869795617699916,0.18700587019270346,0.18595023367291688,0.18391996810028302,0.1826350457395637,0.18229016723214375,0.18276521327247605,0.1837898710304404,0.18474051629642044,0.18503197086482234,0.1842215311681797,0.18407031358688228,0.18299800126467702,0.18275215659687216,0.18376969501000698,0.18664927732513006,0.18889471433266483,0.18807665015717245,0.18718154483248392,0.18640257049213105,0.18569660602773394,0.1865156380469781,0.18776283356469356,0.19089017383927523,0.1925016200561572,0.196764022698921,0.19666514629230272,0.19884972055704486,0.19676800660900445,0.19711244398168595,0.19817107780844348,0.2000553164739284,0.20466032611938045,0.2044006927940352,0.20511016329304727,0.20671356192019189,0.21139021795790766,0.2134752587749518,0.21331384224953498,0.214020299993374,0.21669866411156258,0.21728829372151418,0.21709528699427785,0.21820390397147518,0.21834908600474487,0.21763733706222757,0.21798989661452098,0.21849982442878008,0.21858014880221688,0.21645108237132227,0.215239434658514,0.21355606387159876,0.21359561669377042,0.2149463582824437,0.21700503801799842,0.21466564447875816,0.21352589738228775,0.21423956477513448,0.21410175641166207,0.21430585288188925,0.21436237333616817,0.21558402767865667,0.21558908116694706,0.2137272933797718,0.21225563265690756,0.21096025772572033,0.20942483222574818,0.20903147349667398,0.20938282665189048,0.20990688738652635,0.21080005210696695,0.20966261472205483,0.20847101957144204,0.2082766568227716,0.20851948737867876,0.21037410520851563,0.2085336875723597,0.20837508956493378,0.20816348161609838,0.20885515070515406,0.2086836729525095,0.20787868550739216,0.20704802095165986,0.2078777714723459,0.208920027527815,0.2091868552505847,0.2093879321947086,0.20957642803423246,0.21207732007516195
395152,299,"Texarkana, TX",msa,TX,,,,,,,,,,,,,,,,,,,,,,,,,,,,,,,,,,,,,,,,,,,,,,,,,,,,,,,,,,,,,,,,,,,,,,,,,,,,,,,,,,,0.21735636758200894,0.21709695626112926,0.22485300614241766,0.22308756957071624,0.22628479027345558,0.22839160681928644,0.22922637008533167,0.23080838965430228,0.2277720765792281,0.22913633205956324,0.2313958515636098,0.2317803583919257,0.2311232884270317,0.23090087980517363,0.23081523148591826,0.2323224480088909,0.2313963321974762,0.23513981277473603,0.23681130364106434,0.23631020948356013,0.23329779835178346,0.23217828630659618,0.23088710948153343,0.23749554497373146,0.2349686149653141,0.23562599938451415,0.22813907360607585,0.2281391788846994,0.2244756483307397,0.22279320744268702,0.22159632238050955,0.22206453103479132,0.22192561858466509,0.22044179050867208,0.2183567574148372,0.21783763625080552,0.21714200352588447,0.21612617987097177,0.2168627998771209,0.2193530047974361,0.2213836908361673,0.22017287012778755,0.2196968756688407,0.21869601719195284,0.2199123530627555,0.22057340683054863,0.2219443100825292,0.2191601997517204,0.22043194672537575,0.22027892361817342,0.22237683983292655,0.21979083295600402
395182,300,"Valdosta, GA",msa,GA,,,,,,,,,,,,,,,,,,,,,,,,,,,,,,,,,,,,,,,,,,,,,,,,,,,,,,,,,,,,,,,,0.24621533126349046,0.24413541819116796,0.24464233433372914,0.2427718916897601,0.24514970966218722,0.24721881626330008,0.25123845385592264,0.2483265913717814,0.24815380447095703,0.24651069276004217,0.24794061472393186,0.24670231447173116,0.24595597508397832,0.24773254788915025,0.24717304762947034,0.24943538668667425,0.2531664233807059,0.2616694928975628,0.2709195009752201,0.27953267725387126,0.2811547520716435,0.28019258259071733,0.28045783829009746,0.28322274335969383,0.2864850381322614,0.2857177187717879,0.28582383306523385,0.28451131389751017,0.2828619170465086,0.27684671925074184,0.26849909306897296,0.265203301959167,0.26471687246563996,0.2627449897174232,0.26033870413667176,0.26097758529239956,0.26123685057852036,0.26154018546514024,0.258579114392672,0.2586156627704552,0.25576411725304354,0.2572102717259069,0.2582897029167384,0.2581840133211927,0.2566835612671733,0.2577561400929579,0.2585102122932107,0.2572003662193618,0.25558780446166424,0.25502587896501155,0.2566054053278265,0.2564992659890668,0.2563154738910511,0.2545865611223157,0.25443188555480273,0.2546266695188368,0.2559660372410419,0.2575797629114038,0.25818920437680326,0.2584782046456124,0.25890112229857065,0.2591054505703156,0.25929207469411364,0.2595206245423025,0.2610701805402161,0.26233825546882034,0.26290609067144205,0.26275012003137993,0.2618942601114794,0.2607310398966541,0.2604843678636159
394800,301,"Logan, UT",msa,UT,,,,,,,,,,,,,,,,,,,,,,,,,,,,,,,,,,,,,,,,,,,,,,,,,,,,,,,,,,,,,,,,,,,,,,,,,,,,,,,,,,,,,,0.1742063227720666,0.17412046211053508,0.1751997801388621,0.18484895260436962,0.18541142227879584,0.1864182511481927,0.18585866499002743,0.18498924182236898,0.18269624032488951,0.1835657508569343,0.18805504389539465,0.19051296111607213,0.18775639283803305,0.18302969984617815,0.17939302024394557,0.17932353385656968,0.17832519898111326,0.17845157621633553,0.17962753150629274,0.1798186197187475,0.17985959862262565,0.18019567583364796,0.18198483733015727,0.1826028902129873,0.18356299991756644,0.18426262953081224,0.18482593248311044,0.1831388428388888,0.1837655589347838,0.1833337241074487,0.18498554231827005,0.1856821137734716,0.18742354965336253,0.18635764289799314,0.1837618079928456,0.18380778644647336,0.18283099783646925,0.18448652493946585,0.1854096695410812,0.1850455633550281,0.1851503985955489,0.1855378559425063,0.18423177706618207,0.1841156158114653,0.1835812424481404,0.18438511280949912,0.18503603585900488,0.18477416632484306,0.1863646935183088
394595,302,"Flagstaff, AZ",msa,AZ,,,,,,,,,,,,,,,,,,,,,,,,,,,,,,,,,,,,,,0.2867489520145156,0.2937897597736368,0.3005613301397393,0.2981278952212803,0.29785583872259397,0.3016257569520689,0.30320078293117636,0.3036044178918494,0.3027317359850639,0.3048944842085974,0.30492920150765673,0.3043959640624446,0.3030646086125948,0.302028638108197,0.2990191844364876,0.30116170494440336,0.30003786693061957,0.3003312360998159,0.30135898621304236,0.3039033365133339,0.3068057145284987,0.31083517904282076,0.3159870795663059,0.3220331769774971,0.3224245538116683,0.3143418497127187,0.31003397276232436,0.30906796299739553,0.3114409972579289,0.31407007526761727,0.3129084579483066,0.3129180848828401,0.31637243862767334,0.31578021567247394,0.3183843317658968,0.31839811636699666,0.3241156623558661,0.33041211056419634,0.33578131422971724,0.33920282882913877,0.33997330145400373,0.3388231951143336,0.3418311172698158,0.34977466395047824,0.3604335379215042,0.36952954082530215,0.3726156099979855,0.37725881858646293,0.3749529400965022,0.3713429607555459,0.3680252246275736,0.3660486817035644,0.364310521661527,0.36345603214924876,0.3639461303205866,0.36964274850110795,0.3694192350514604,0.3698426332318617,0.36278445356174766,0.3582104508106127,0.3570941850974587,0.35934692477701813,0.36104611603164866,0.3603284442195954,0.3607589452073494,0.3611350882295432,0.36162951934309745,0.35748380920518585,0.353880065024187,0.3540177488566066,0.35293216825507384,0.35152610125623146,0.34838616229854164,0.3490350888354108,0.3503687438271147,0.3492796209436928,0.3473801299579395,0.34367677497366683,0.34048757902981586,0.34003892421508375,0.33974627735538226,0.3400432684476262,0.3405355809555066,0.34170298815558514,0.34217232373656775,0.33946506973468327,0.33632974112612657,0.3358527409761261,0.3357074042339375,0.3368399763808008,0.3373332664360036,0.33770791134614647,0.3388568836610988,0.3377429410179735,0.33801372764292337,0.3376858603049796,0.3383153423461438
395036,303,"Rocky Mount, NC",msa,NC,,,,,,,,,,,,,,,,,,,,,,,,,,,,,,,,,,,,,,,,,,,,,,,,,,,,,,,,,,,,,,,,,,,,,,,,,,,,,,,,,,,,,,0.2152536963771511,0.2152745124820957,0.21694375102583457,0.21422658802127192,0.21491124269576178,0.2176525321731958,0.22088692642015584,0.2217042445812262,0.2231480623192564,0.2236729728703373,,0.22957755300903146,0.23044792622261115,0.22881472973999362,0.23200500165150326,0.23411134559068908,0.23395669926129697,0.23136634062564676,0.23073293016788748,0.2318195815315044,0.23624651176885786,0.23900735289335817,0.23616063122747682,0.23810426932045753,0.24119571771154444,0.24555956956013109,0.2427759976109229,0.24285854511854907,0.24331937424502953,0.24847433253995888,0.2489288118714607,0.250470253408375,0.24866118204502463,0.24654196145394464,0.24653376546150024,0.24785543029698012,0.24930025215946242,0.24853751569457969,0.2502586603904314,0.25120449223164937,0.2519000747010464,0.24966224218582267,0.24990804750020248,0.2492340133284074,0.2492204079874571,0.25014302973272473,0.2507373585895431,0.24902824098046372,0.24642850636654656
394515,305,"Dalton, GA",msa,GA,,,,,,,,,,,,,,,,,,,,,,,,,,,,,,,,,,,,,,,,,,,,,,,,,,,,,,,,,,,,,,,,,,,,,,,,,,,,,,,,,,,,,,,,,,,,,,,,,,,,,,,,,,,0.2528001573497601,0.24843354974376472,0.24974491644738384,0.24803154236211372,0.25142354648456117,0.2521234188202065,0.25045857288089546,0.2521634230094772,0.25299696539521577,0.25482715489814584,0.254087363056126,0.25666840336213514,0.2521668041861995,0.25489133493802313,0.25124864129333796,0.25151622165123455,0.24970562250104417,0.24927456369686427,0.24885142124725138,0.2480511515231465,0.2486831494276478,0.2507246301124835,0.2499039476623373,0.24869459273037842,0.24565240650536807,0.24502988997682992,0.24690944293388192,0.25097202983069766
394783,306,"Lebanon, PA",msa,PA,,,,,,,,,,,,,,,,,,,,,,,,,,,,,,,,,,,,,,,,,,,,,,,,,,,,,,,,,,,,,,,,,,,,,,,,,0.17427041772980628,0.1761464631711167,0.1765457662647147,0.17897880124731338,0.18221995063397575,0.18162015206086507,0.18139433015722406,0.181650499681904,0.18565238200988793,0.1894465308951464,0.19233119684943048,0.1888623110277849,0.1869906906720057,0.18470939149716956,0.1849792678065852,0.1860694243821373,0.18768830094509442,0.1884989123874435,0.18711189556504676,0.18659715036685073,0.18757507098002513,0.18781838572547319,0.19008216577495568,0.19342742291268478,0.19730378653814845,0.19829537873548883,0.20139050767800004,0.20229285928209936,0.20127048256935176,0.20187072581906226,0.20538761953558837,0.2079713449965875,0.20669122595415154,0.2049634197870253,0.20572327435944598,0.20831041917746929,0.21060893272075198,0.2140400432878618,0.21417205595926114,0.21592297271597455,0.21714702789610843,0.21638786346409372,0.2142227183640694,0.21375767721806765,0.2174418398834453,0.22238604588542848,0.22378467920785647,0.22433692650666356,0.22252918704384086,0.22203356287029774,0.22202144836192741,0.22143518549499766,0.2220403665893437,0.22382145547231141,0.22561770279230497,0.22625239215930054,0.22514311767913264,0.22338357708135356,0.22258142739603584,0.22135262555712182,0.2212760669917999,0.22019527072175804
394880,307,"Morristown, TN",msa,TN,,,,,,,,,,,,,,,,,,,,,,,,,,,,,,,,,,,,,,,,,,,,,,,,,,,,,,,,,,,,,,,,,,,,,,,,,,,,,,,,,,,,,,,,,,,,,,,0.26951721078884433,0.2653852823165452,0.26699880709435514,0.2712817394047868,0.2798802634244163,0.2782940604911958,0.27488054579789356,0.2708005380797836,0.26861096017084884,0.2722304738876028,0.27166580743415053,0.27594734998568204,0.2751894365297983,0.27934070236389813,0.2824522501904549,0.28438730358338965,0.2788069227836091,0.2769455888424368,0.27440385530375494,0.27942677701678864,0.2776697614392928,0.2802482700657173,0.27786907326620264,0.2760809030887766,0.2752993470911047,0.2714190572561165,0.27307422591099173,0.27329418350186646,0.2746272840471743,0.2767613766236487,0.2789990452867165,0.27736602256447096,0.27976606216093125,0.27533841577727464,0.27689543845496906,0.27592641215988806,0.2769229943909819,0.27828690102128556,0.2749293596533029,0.27277950228209985
395232,308,"Winchester, VA",msa,VA,0.21447755576469738,0.21525628595048155,0.2152807510158556,0.21472811186014246,0.21298352920049785,0.21208789604371267,0.21150895452970234,0.21328481344424222,0.21019555084237782,0.2074206029009186,0.20531348444181705,0.20651091462555296,0.20477535033985106,0.20223665943225042,0.19974009980317387,0.19944291830263466,0.1998684927784925,0.20044108812092654,0.20097393387264795,0.20031196964715914,0.20035847834414128,0.2013975975921967,0.20160938228257436,0.2002833093973884,0.2003439725180768,0.201173103356861,0.20248858051400023,0.202224563123235,0.203578440095736,0.20423000378738,0.20463820049843862,0.20447186674846907,0.20360508946186912,0.20220725269452816,0.2008112413001009,0.2000348122805165,0.20070868871681072,0.20029543490655458,0.19977485822664878,0.19749943481012308,0.1951433859184711,0.1935599294693818,0.19320922383175745,0.1923213265451822,0.1927843685935886,0.19337231844600408,0.19441078666522846,0.19561547241397967,0.19498042353766554,0.19382287142707147,0.19377051187194427,0.19531148574227594,0.19617866092846092,0.19695695984279066,0.1969774810080375,0.19790257866468888,0.19855155449409545,0.1992522717565353,0.19976168553781934,0.20000234050586235,0.20079911445458998,0.2022263886173693,0.20029367879169854,0.20129933263660552,0.1995589305645852,0.1995322542639907,0.19981008970567735,0.20126059043841454,0.20277501382900603,0.2052339711261931,0.2044402041619129,0.20509300447860232,0.20516088617758274,0.2066335165487256,0.2082095371105708,0.2059222901535652,0.20919187840189446,0.21066188958397739,0.21457836126712668,0.21488568438821573,0.2198236185598487,0.22426083652749437,0.22777003202170912,0.22812693277985668,0.22783705269258558,0.22804238572003913,0.22838523208321163,0.2309795784235811,0.23158746827620538,0.23204703206871377,0.23039518116550003,0.22923158830027182,0.22961543203642243,0.2309202309746073,0.23277988864600946,0.23234206640492563,0.23277990167420484,0.23276102759569042,0.2334596273311021,0.23297518316619226,0.23285898440457836,0.2337990951187492,0.2339149941351536,0.23575808197384684,0.23458120338448782,0.2345644920165325,0.2360166853875246,0.2382693522982761,0.24185476930380737,0.242405694306755,0.24577203694510807,0.2475132141833565,0.25031901766147174,0.25088203924844993,0.2514011571241927,0.2503018628067479,0.25064532022769337,0.2518301077882605,0.2519709525885888,0.2535801094419397,0.25164557815315863,0.2522076377867184,0.25063187696391115,0.2504894477868929,0.24959130034810814,0.2500294441865332,0.251229710142636,0.25265779782834735,0.2537721879068305,0.25340517594163564,0.2529314836843692,0.2514563499502945,0.2520605874742297,0.2523733799132639
395221,309,"Wheeling, WV",msa,OH,,,,,,,,,,,,,,,,,,,,,,,,,,,,,,,,,,,,,,,,,0.17470057045214166,0.1698081556107109,0.16898859196457058,0.1705053199009115,0.17142265900541154,0.17331912064086316,0.1755252887167081,0.17576370285762172,0.17262109554196528,0.17093119981861843,0.1685546414448997,0.1658189703245047,0.16598874938623798,0.1664015665661335,0.1676217148983382,0.16759657135474226,0.1673290575505476,0.16832810831538106,0.16981358842308558,0.17307838974713963,0.17401139468956628,0.17357231533542428,0.16891034147051887,0.1659169574663913,0.16487381814807428,0.16343797961718348,0.16371848255875115,0.1637836826046994,0.16486910429974286,0.16540485784499467,0.16426928744668992,0.16295850433299675,0.16262853793248255,0.16527006625015678,0.16594387704898755,0.16881314086073476,0.16650836209415826,0.16615668548210125,0.16269890752414015,0.16402117591954246,0.16506490533580095,0.1679434812042088,0.17028474166743354,0.1701325119227563,0.1679655619595582,0.16370719403776396,0.16304821800565733,0.16244956275006475,0.1628517260606356,0.16168267364684785,0.1621832102251058,0.16234937332496166,0.16360707261697244,0.16442341775430128,0.16507136291948465,0.166118918141711,0.16758596124467964,0.16779234107349933,0.16798761036900017,0.16703513140721318,0.16929297628885479,0.1685080232188171,0.16886899129527064,0.1674840034206222,0.1694480744935252,0.16902020741863122,0.17199971874879605,0.174274374596766,0.17645864529182378,0.17805988136018416,0.17749590720676317,0.17953854651222256,0.17994196891863184,0.18295748256794922,0.1825370907653136,0.18332387701757136,0.18017157406767553,0.18427577613169382,0.18372510816505858,0.18426552630740278,0.17943212458124644,0.18196463920615633,0.18363635827965633,0.18378002233330218,0.18346410556270398,0.18294179509153308,0.18414877126486884,0.1852247112106543,0.187226648035606,0.1848867705569672,0.18445985078829927,0.1834214668985734,0.18672220402891848,0.1850509424418734
394879,310,"Morgantown, WV",msa,WV,,,,,,,,,,,,,,,,,,,0.2293160892419875,0.22588818144408673,0.22925325844771863,0.23055290434013878,0.23475974308115047,0.24053512742046146,0.24207239748892018,0.2405623153093924,0.23543865575226436,0.23345021872799968,0.23362244895397802,0.23270615107063078,0.23310674448486812,0.22882688175290888,0.22758603805846478,0.22757649354480242,0.22964333648349938,0.23311333145489335,0.2311923616607963,0.22981231772331015,0.22643321303165506,0.22601505823166496,0.22596893398225054,0.22497670068529735,0.22272334606571706,0.22319480379536102,0.22525768781204858,0.22738886791011442,0.2253762857305604,0.22152991296696167,0.21750229486288472,0.2176862967264044,0.21894800126207575,0.21861855900838606,0.2182887611530974,0.21934373043721853,0.2206870001739028,0.22223173818579195,0.22133809828983533,0.22046342407043368,0.2212981227762813,0.22300637728077316,0.22797828695031044,0.2296509072317776,0.22271662114935964,0.21817802355710114,0.21449591744272228,0.21530828309375583,0.21827727121779852,0.21963812688187614,0.22076007854323834,0.22334621041248895,0.22101159046404148,0.22365447897623425,0.22323615620461318,0.2275006769828596,0.2280375371400791,0.23068133982815117,0.23325446877025718,0.232132700398303,0.22758675440627865,0.22466265421250822,0.22697287119935752,0.2330627604912068,0.2389064190232288,0.23816622509678356,0.23913763678077904,0.23764930640018508,0.2399406858520517,0.23817307262589993,0.238444418556995,0.238447754074664,0.239120589125012,0.2398093193323846,0.24199311979245833,0.2421577256181018,0.24244101415951405,0.24101871724615181,0.23892058205439443,0.24065202003443634,0.2387308440604435,0.24034947574367135,0.23951946392270773,0.23955573208330058,0.23959105457257415,0.23879705242887916,0.23816089376687827,0.23530077373000655,0.23358872139998013,0.231699059139347,0.2310597019000992,0.22733223312260445,0.22531570592197075,0.22277079258706262,0.22152373295051941,0.22222201906429628,0.22133689810393015,0.22185356629081976,0.22056529462247243,0.22100071581277553,0.22133847181416344,0.22225573348704059,0.22244656335903007,0.22120638203940954,0.22169342598844485,0.22163773605405326,0.22144581111613146,0.22006464332489833,0.21995142986334057,0.21913354095187088,0.21945751472502223,0.21979452473683575,0.21969385009476503,0.2196268790471998,0.2197636565999958,0.2217934703900347
394756,311,"La Crosse, WI",msa,WI,,,,,,,,,,,,,,,,,,,,,,,,,,,,,,,,,,,,,,,,,,,,,,,,,,,,,,,,,,,,,,,,,,,,,,,,,,,,,,,,,,,,0.1772589937267485,0.1720677671217202,0.17324720141815916,0.17572876557195646,0.17990119364626292,0.1800191911279599,0.17872267798058078,0.17999244282585938,0.18106305764581165,0.18272972038479712,0.18140303716263464,0.18122309381546597,0.18245059916078626,0.18462290530653055,0.18577629596994708,0.18395215852890354,0.18349406003251129,0.1835768015682122,0.18412221546687638,0.18310485411665306,0.1829256441628566,0.18301799128366816,0.18379283964687196,0.18265495515375424,0.18071956301566897,0.18068557876507518,0.18005699528004204,0.18104597060994676,0.18079116478491153,0.1801166656836915,0.1803474789061688,0.18003369329434762,0.181175867480122,0.18115296728761604,0.1811071249029807,0.18185122914000387,0.18198542681635627,0.1825145770782624,0.180511348205155,0.17992622105674289,0.17924786798288803,0.17936817009983283,0.17899165612654117,0.17932999987895773,0.1781957445904468,0.17789073956352874,0.17772352747984507,0.17763516943492802,0.17803381612321897,0.17737541718747762,0.17884956282123082
394900,312,"Napa, CA",msa,CA,,,,,,,,,,,,,,,,0.3017593436691751,0.2992537654938854,0.29994304713088593,0.30306596447033174,0.30398404374020677,0.30163532704894497,0.29863053649769833,0.29893149976126837,0.3010339736748317,0.3016739453360187,0.3039070930540162,0.3020975215186283,0.30170565302826885,0.30016653650316855,0.3004121948149411,0.29892884529933933,0.29684480636273236,0.2931506661894973,0.2961772737695041,0.29980072254508683,0.3050013553369703,0.3037767206832815,0.3014728683444605,0.29758525922224294,0.2977824791590342,0.2974996525406261,0.2988801664279769,0.2976002974858053,0.29806361214169536,0.29783580116091796,0.2969751718270776,0.29361403553370874,0.29357664830371577,0.29227919712552247,0.2953200056400026,0.298797425113024,0.29887138120396084,0.29938939277044974,0.29812264537282657,0.29914645534606943,0.2994513204177801,0.30170777003944227,0.3015305892946846,0.30214705966587707,0.2990157837010157,0.2998771837745751,0.29715792348030823,0.30474108610715955,0.3007210958068374,0.2994848600676817,0.2962942514026564,0.2946998047856333,0.29276911629697755,0.2966521058863791,0.30306799346058033,0.3069303825797779,0.3065961895558382,0.30164951606904994,0.29849798246531356,0.2971696781199602,0.2980686800185192,0.3021856896407178,0.3030236275489246,0.3062208595591065,0.30906538571194037,0.31231900282150427,0.31384855811078877,0.3154447684134631,0.31620981656255176,0.31746249411105143,0.31645752096487567,0.3184510022857628,0.3228605904279308,0.3253029786830284,0.32545919144506447,0.3244532339200872,0.32062399397620506,0.3169464083451431,0.311305990140519,0.3088610423134715,0.3065350929556511,0.3040122325327328,0.3029513955713751,0.3008574963141116,0.30052784359510154,0.29552032053630567,0.2917853813410908,0.28527161943725265,0.28368652832286817,0.283108606290017,0.28401752448527534,0.2815881957883846,0.2794307817323906,0.2784612331636841,0.27893032291107495,0.2775186831917041,0.2747189056794209,0.273738250556005,0.27231175180290823,0.2719445259337524,0.27041863437528696,0.26832641610678387,0.2663607717149348,0.26511895304048283,0.2637484610161992,0.26378766160476136,0.2631361589032376,0.2618044824633662,0.2601166010125219,0.2592808857379216,0.25890660112150055,0.25901538928358525,0.2582160456165828,0.25753825841943256,0.25639243156988234,0.25548040963795704,0.2542705857187679,0.25209595570118337,0.24957353401416119
395013,313,"Rapid City, SD",msa,SD,,,,,,,,,,,,,,,,,,,,,,,,,,,,,,,,,0.18421811576563998,0.1851606872455531,0.1848970992695085,0.1870434646369554,0.18529672543375042,0.18575322334789296,0.18301606604719287,0.18482035695459761,0.1825506649541782,0.18360259901986026,0.18281405787363197,0.18525794318247585,0.18583372181519267,0.185565855136512,0.18456997185265173,0.18199430841345296,0.18216440057286168,0.18069580316498546,0.18059445604540272,0.17779937816185606,0.17871427448693508,0.17870040715104105,0.18012947808361482,0.17856406357119942,0.18030714704320897,0.18144873997866506,0.18321939124957376,0.18478534968061258,0.1864399190151242,0.1885326512461617,0.18386451642945184,0.18196891655689462,0.18052548614672936,0.18139648516832968,0.18178362616303534,0.18282062672356125,0.18314829551872042,0.1820987925011994,0.1846493651205473,0.18399839525987133,0.18714437137680148,0.1866628869216946,0.1882858602649368,0.18772216871851877,0.1874878271670167,0.1868346139823182,0.18976763080904782,0.19108522643941056,0.1940977572802362,0.19718097013567362,0.20018080132060861,0.20304913674745942,0.2047257651674017,0.2068378995902323,0.2094653610116537,0.21167206332229435,0.21327854823283346,0.21586841615440835,0.21398542804403017,0.21458367029538633,0.21368101828233105,0.21491361165073122,0.21132821791148204,0.20973965448033727,0.20668991764914013,0.20627684929422252,0.2041983503284003,0.20304344961927845,0.20390283571573392,0.20179368465060113,0.2007444274790455,0.19883869179975142,0.20018478144685567,0.2006550629629973,0.20191898740306494,0.2009833044534919,0.19990588258483022,0.19875284070156174,0.1969925893569153,0.1971477757590139,0.19644421424060968,0.1970892186526792,0.1966539417843155,0.19585746055869352,0.1940572163916319,0.19227025082322052,0.19205552758323852,0.19215735229731362,0.19248774805046423,0.1917752339470986,0.1926832421427352,0.19186004674420654,0.1908433038051488,0.1898305166328745,0.18978150186061168,0.19004760519186806,0.19020544891629187,0.19045279599551732,0.1899592542115699,0.18957240286143384,0.1899082008704397,0.19059831560413246
395139,314,"Sumter, SC",msa,SC,,,,0.2408986014543256,0.23956616590120403,0.23533065042515156,0.23055964282155308,0.22782864525320234,0.22727327572550338,0.22718628272337651,0.22847611150490194,0.23061048450366003,0.23178088671511582,0.2314043536824042,0.22958401569585254,0.2282412073311753,0.2279909077219281,0.22791279606253023,0.22774504593880932,0.22785196563443677,0.2287315191779464,0.22805400552556737,0.22790930160837514,0.22701385656790196,0.22870705607918385,0.22859819435213263,0.2290663871504526,0.22911007615376672,0.23001098575839404,0.23077085574052345,0.2286683010201266,0.22812743748726677,0.22657155244590305,0.22718653192685218,0.22621987804430987,0.22547108174709865,0.2238845345024807,0.22199529209260604,0.22250098144230185,0.22262815825418342,0.2226032236600863,0.2216667748879622,0.22234018941303238,0.22443544263441945,0.22610535427449424,0.2274596963287784,0.22609216656577377,0.22608805284881017,0.2264659716123575,0.22867540622847524,0.22834032545162797,0.22845990010271108,0.22833343391037605,0.2293577277390027,0.2306303794295058,0.2299263757412526,0.23055072488611736,0.2308137820342843,0.23388533151570756,0.23615594783472144,0.23814243813529823,0.23878385761061785,0.2374410631410184,0.23601990121579638,0.23450007639729323,0.23519774065387095,0.23668410399313508,0.23778576903293477,0.23790348164748618,0.24036112755279987,0.24254557692571743,0.244078322035677,0.2418575031170475,0.24064219564243064,0.2391600227057572,0.24141291953152857,0.24172629228826706,0.24305567915761994,0.24258675007465438,0.24229693114021775,0.24630988424366843,0.2513233950725068,0.2540096665327796,0.25180993020429254,0.25356081551652315,0.2544425261836529,0.25814454710912965,0.254574184626821,0.25555427280623716,0.2543307452091336,0.25369152159946157,0.2550776580626651,0.25654501775282174,0.25618920432358644,0.2570931270517009,0.2587273214055703,0.25983516888044556,0.26089636662611443,0.2606307504018048,0.2647351288882165,0.2667883326263043,0.2672335992025721,0.27005518856120475,0.26971824732874017,0.27082757277168834,0.2712641669529978,0.27271769349677116,0.27372266129083556,0.27346740931490837,0.2730939082656317,0.27265238174824075,0.27317419105096896,0.2725494340688299,0.2750609172535443,0.2751796144651231,0.27812975476183344,0.27882510426434426,0.2829871669354995,0.28113962279146504,0.28137426427385753,0.2809468665982081,0.28196749169952656,0.28270200030309106,0.28181544182856905,0.28203089198495207,0.28147700200518716,0.2815843289668743,0.2806422430395466,0.2810296193748179,0.2795217344459699,0.2817094568880078,0.28210701689248885,0.28319786620729176,0.2832812459076501
395117,316,"Springfield, OH",msa,OH,,,,,,,,,,,,,,,,,,,,,,,,,,,,,,,,,,,,,,,,,,,,,,,,,,,,,,,,,,,,,,,,,,,,,,,,,,,,,,,,,,,,,,,,,0.15974493665470413,0.16199279173543574,0.16797815580843076,0.16786787454879618,0.16750297779342652,0.16725962751765897,,0.17265255812889177,0.1705367386436925,0.1698647449049466,0.171300715151685,0.17392443487946155,,0.17422645353273608,0.17098407508815494,0.17226167976668202,0.17393048883714712,0.18216248513617525,0.1803531747023442,0.18119162960882443,0.17751454494696745,0.18110419431066388,0.18027445920184912,0.18202735658596542,0.1780132348096417,0.1792447536232259,0.1827110364299316,0.18569834208977476,0.18977894432709635,0.18418773129365323,0.18699708304097362,0.18447855987483616,0.18858293625171757,0.18549637035485242,0.18626123359996208,0.18550273523532704,0.18845588360139065,0.18961598605209481,0.18885437164398225,0.18755233187362308,0.18559326591855932,0.1877832696958034,0.1881254714224099,0.19118016780347274,0.19230945775591737,0.19530998733918328
394668,317,"Harrisonburg, VA",msa,VA,0.20067899922649696,0.2017213403555062,0.20137333037139754,0.19833228884164306,0.19922986818786903,0.2001666681168837,0.2066835671564737,0.20675046497556726,0.2083885588169197,0.20509144890246908,0.20564297569796122,0.2038269371191464,0.2060799527537442,0.20507021435619224,0.20638174983653118,0.2068926561579062,0.2076327106796868,0.20808940448020216,0.20590644811287936,0.20594658713853256,0.20838079011242888,0.21028722013647208,0.21505226933345392,0.21406020619040045,0.2164859960141709,0.21648913590522306,0.21653996128237207,0.21349115085300324,0.21364974306712203,0.21598733881424373,0.21986059028697585,0.22101358283758177,0.21842919623283183,0.21674573298730163,0.210384884710617,0.21313026695283893,0.21185423902492426,0.2140725389090748,0.21315405821275504,0.2157761607284652,0.21741312833481036,0.21567274437873515,0.21315348745422497,0.21162334173660563,0.21337656537289781,0.2169420258656886,0.219874565950082,0.21693035491718282,0.21354063928155012,0.21299162368580005,0.21345880367676207,0.21293002451704468,0.2116177462420381,0.2119175812546356,0.21250348589686677,0.21341874001026653,0.2132038237026196,0.21155791875516103,0.2119533786690286,0.213754073621267,0.2171334571742574,0.21721840656470887,0.21182381841148573,0.2115675893340382,0.20915529945628003,0.21089729485293998,0.21048588295949755,0.21101439582859427,0.2119159361747631,0.2143775435717521,0.2245844147689326,0.2260838487169602,0.22570359653583902,0.21709268566385143,0.21773499731440094,0.21451322290873281,0.217078393030133,0.21665115340819496,0.2206315236337241,0.22023250894541638,0.22297836721313674,0.22205918170139044,0.21831566952849368,0.21958243489363646,0.22147544132204539,0.22667454705962356,0.22585894161721345,0.22941694720297914,0.23065114915579712,0.2313231197748534,0.22927457757204228,0.23081499950311432,0.2340488260444588,0.23603963191275654,0.2380152943099336,0.23440422108040782,0.23495062542311196,0.23732811543133298,0.24026336727051717,0.24201051856542538,0.2396576921338881,0.24114664459774365,0.24005100122637268,0.2402731355271413,0.2372453671958145,0.23827537309199906,0.23498473021653962,0.23804301033566796,0.23727368555252237,0.23951598403219407,0.23971053618769803,0.2416200528436595,0.24400888573607485,0.24406491389710636,0.2445929178652593,0.2452908202738052,0.24617227795113958,0.2479017457551499,0.2467159450841267,0.24849105618296913,0.2490322820888731,0.249946475309884,0.2496320926546755,0.24771732698180107,0.24777736514148951,0.24838020837681254,0.250299267762145,0.25076829463744443,0.2522020609038535,0.25127266330756337,0.2547140402173248,0.2536402959676469,0.2545217402473634,0.2531061632650623
394368,318,"Battle Creek, MI",msa,MI,,,,,,,,,,,,,,,,,,,,,,,,,,,,,,,,,,,,,,,,,,,,,,,,,,,,,,,,,,,,,,,,,,,,,,,,,,,,,,,,,,,,,,,,0.21320835503685204,,0.2119037341130421,0.206777684600097,0.20591780221565087,0.2027064187149357,0.20306149807958798,0.2027397438959408,0.20361483247986328,0.20402351430777554,0.20400863209204975,0.20262182352261754,0.2018833950486736,0.20032963160149075,0.20137355871211368,0.20105579285011296,0.19898187101485276,0.19691965989831642,0.19617076978819778,0.19768531094663477,0.19778540966747468,0.19950428780881,0.1986635541316602,0.1999184837921464,0.19830346799389237,0.1968933765163719,0.19463310027976796,0.19413981233718752,0.19516347302762993,0.19572211013555413,0.196300873726028,0.1967777713292151,0.1982364473981841,0.19757780448095588,0.19687834871344517,0.19622099025169795,0.19688148940796862,0.19833375261868913,0.19947647010054223,0.2007794657268582,0.20085770038756218,0.20191108370179914,0.20174290389145996,0.20073047565269458,0.19938931770204602,0.19918235017859065,0.20026273671293404
395094,319,"Sherman, TX",msa,TX,,,,,,,,,,,,,,,,,,,,,,,,,,,,,,,,,,,,,,,,,,,,,,,,,,,,,0.2302353915136263,0.23003861882890278,0.2271057892283043,0.22760057506181175,0.2280579946486327,0.2284627795201211,0.22599442606087644,0.22452861722737918,0.22368165408870314,0.2232696845098593,0.21939845635320335,0.21726602015607976,0.2163612975964212,0.2176223102962012,0.21710943297866064,0.21833648827925314,0.2228809476267079,0.2248667563624785,0.22597418802693284,0.22596195987957762,0.2273835464495643,0.22875864064107332,0.23035336716274693,0.2305771990164202,0.23223886858980305,0.23392923112384653,0.23662923936989574,0.2341790628025046,0.2334002412428836,0.23647247776270586,0.24189146353240623,0.24274530621907534,0.24307167783362732,0.24471475698719253,0.2463031254004008,0.2469368650871351,0.24449075472088824,0.24328975048687912,0.24292724068114496,0.24515174323418418,0.24811216752826454,0.2486481574183703,0.24796879820572337,0.24617271990744555,0.24357468276386476,0.24200987713979183,0.2413918171141621,0.24249791629466153,0.24442163996100214,0.2445631662328071,0.24490403288119458,0.24575084499203698,0.24638758011055564,0.2446329373349167,0.24118493125396095,0.2422486758637422,0.24225827822944865,0.2420022994936602,0.24088720000157418,0.23992259352367623,0.238781084918341,0.2379833895624547,0.23655868059623794,0.2388129670973916,0.23542033243619406,0.23690674607142478,0.23633788504373243,0.23774268500779544,0.23661439290718125,0.23508235955661622,0.2347377749658668,0.23355330988863113,0.23258452211029776,0.23196619764524415,0.2314851894597005,0.22769622834865094,0.228188992621623,0.2264639922735603,0.22697231809177537,0.22408433676971243,0.22364680407313473,0.22332433347327904
394821,320,"Manhattan, KS",msa,KS,0.21420886805801767,0.2142558420512709,0.21347419949934124,0.21253349959726286,0.2118693606338358,0.21137658342649826,0.21127190142800129,0.21112723489907675,0.21070509852244385,0.2104762743946402,0.20820824725586795,0.20733465527345166,0.20554104157160527,0.20548171513169594,0.20417064062670315,0.20392625082676705,0.20339786990274797,0.20333259640163973,0.20318677762598758,0.2035566675149772,0.20353217372487198,0.20237801868994917,0.20149808600462127,0.1991311017563394,0.1992951135065865,0.19913724400025296,0.20146176556141634,0.2012175210735837,0.20091830595124738,0.19945596034867402,0.19922054087087954,0.19887999869636627,0.19866609536746702,0.19805280853503027,0.19688891107262102,0.1977394980990644,0.19736453384864855,0.19792291396748188,0.1963373997661819,0.19604107407269422,0.19540354787123845,0.1948883647919122,0.1934873961602818,0.19248632412507563,0.19155151993231306,0.19200382935288773,0.19195615048680745,0.1915550856333535,0.1898643417008036,0.18850082162572326,0.1876831378149698,0.18687662096305752,0.18639726503525933,0.18636741467678747,0.18646828367324275,0.1862266220841836,0.18595240350422612,0.18499893930934583,0.1846409065297603,0.1839976279633357,0.18440280415828864,0.18397217875659408,0.18408155070436397,0.18168875164273934,0.18084752012016436,0.18000569001953814,0.18023249649619494,0.17957624543829276,0.1810422404276568,0.1821282324985379,0.18264433965952184,0.18160897302617696,0.18105802738649948,0.18158041574281814,0.18316830358106131,0.1844029926907765,0.18486071711216218,0.18469133722459574,0.1839404510673029,0.18433368944875625,0.18532423879755577,0.18688056730404362,0.18791634286523745,0.18772361600737547,0.18698374401842902,0.1865797651747849,0.18614452172780455,0.18625593637977814,0.18545212492716603,0.18386103496013453,0.18260746715139206,0.1827802634812943,0.18309351731884146,0.18296303775638198,0.18108976919641864,0.18046277620521275,0.17958072604933578,0.17966315038091082,0.1791102876554111,0.17949281949560641,0.17982046374951902,0.18062679612668922,0.18028674551964818,0.17864238776950583,0.17653636498492153,0.17596018824514573,0.17634173514141147,0.1761351699585657,0.17506607133860327,0.17382790736346354,0.1728498058163252,0.17199532023968564,0.17108149682673196,0.17002360761943663,0.1699012529389536,0.170119678750361,0.171807692380724,0.17136752471495934,0.1716300040896032,0.17120118402248077,0.17238090498495076,0.17308247632932328,0.1737363007229976,0.1737425257364716,0.1740775709784164,0.17473612858086174,0.17521744274615345,0.17575472823152113,0.17555002481054646,0.17640391217316082,0.17662335804904136,0.17750412641583244,0.17771403384855378,0.17822768146558976
394442,321,"Carbondale, IL",msa,IL,,,,,,,,,,,,,,,,,,,,,,,,,,,,,,,,,,0.1667075522599476,0.16479854270368607,0.1663341063485475,0.16702732882148338,0.168946971212759,0.16755085419447382,0.1665505150048888,0.16718369834089183,0.168161287350902,0.1692001524805316,0.16930286864333266,0.16748573859862528,0.16487762446161927,0.16494082547069724,0.1636466316848752,0.16381657840235445,0.1612697628000308,0.15996664256514329,0.15893090772476834,0.15768830159871508,0.15714817055047572,0.15673794124631893,0.1556611664223495,0.15629626594747817,0.15743302085960725,0.15841785694739446,0.15896956208579663,0.15836132059942679,0.15918522507623353,0.1576783243158779,0.1587585386121896,0.15884746862060126,0.16057113281741428,0.15978160907848324,0.15890049723455474,0.15753498968728508,0.15942622316733687,0.16167421472596985,0.16255413121299042,0.15894883811240992,0.1566951715682477,0.15737786033975623,0.15929403542915405,0.16033443329442698,0.16001479956785955,0.16092226614804184,0.160323022537671,0.1604176781846319,0.16026086712184187,0.16025901154695957,0.15969529765922683,0.16493167243353737,0.16783162604798446,0.16918564929755706,0.16491975093289118,0.1632554336387202,0.16167114761372914,0.15870175172352777,0.16029389325627272,0.16481815318313542,0.16832967200187313,0.17002001231615171,0.16924016826473243,0.16827568594651984,0.167029031476506,0.16777143330330788,0.16941138267823572,0.1712864040924418,0.17224111903502132,0.1750620685541543,0.17528099905585975,0.17554779637163045,0.17563643032765847,0.1761926710536085,0.1772634678566887,0.17532057867912582,0.17591937484313214,0.17549132721469402,0.1769998518609162,0.1758935983682775,0.17734237462123456,0.17795537108075607,0.17895366674771918,0.17709909528434487,0.17645244811329097,0.17733928611776348,0.17972508653090422,0.18086191715304728,0.17904016950049573,0.17933581552453046,0.17874690026586898,0.17957449430082584,0.17914615838142925,0.17875043639382854,0.1784113351855872,0.17959979934622203,0.18025567733535294,0.17992187519381772,0.17878042973780947,0.17963610813255515,0.18165192579713174
394727,322,"Johnstown, PA",msa,PA,,,,,,,,,,,,,,,,,,,,,,,,,,,,,,,,,,,,,,,,0.13551544338289256,0.1356182292029591,0.13370681686583905,0.13181109063210023,0.13205239224560736,0.13206802076104346,0.13453618539586518,0.13192580323054365,0.13161554392783215,0.1308792653348654,0.13330051795770084,0.13290203665890457,0.13416637528010558,0.13351713827823497,0.13533327088295322,0.13775911681217992,0.13882435609799224,0.13838325299776993,0.13711405170227614,0.13870254703986867,0.1406113853332841,0.14182850522214924,0.14112603376297525,0.13783150767727387,0.1370707120012314,0.13492425477876596,0.13492023373366838,0.13262525800656022,0.13242170162755879,0.13378941942148692,0.13661611409681448,0.14059261682698665,0.13766773139742733,0.13576161018174648,0.13529192676332621,0.1381794630083195,0.1409242814149038,0.14031385985457714,0.14097445737215952,0.1398316035945828,0.14140536741250162,0.14205569791539754,0.14312063543904924,0.14219308929286442,0.1425590473887053,0.14379099405350546,0.14366413113632007,0.14442241400629097,0.14351673450054356,0.14551596510325648,0.14420830082388794,0.14541001490723054,0.14314958150525656,0.14407678804621063,0.143528235257918,0.14341317196900236,0.14447118895672617,0.14452883108802417,0.1467698082349369,0.14401158352432086,0.14321418714501055,0.14322215825546775,0.14339115375472533,0.14247605100964908,0.14242012702089388,0.14258182885805176,0.14471403279350212,0.14481918914176295,0.14379006823177462,0.14157665777593206,0.13933225086997628,0.140309741769918,0.1400782883088125,0.14095836095279593,0.14213526496144588,0.14282688619258813,0.14235898971015132,0.14068350207569144,0.14168137347469525,0.14268137601478315,0.1427166937054037,0.14248013582988936,0.14187605879449552,0.14203724202926032,0.14255514436311814,0.14147857649940512,0.14088437886438804,0.14081627256996318,0.14186777271217954,0.14332998955936938,0.14223722738437308,0.14215238756732498,0.14312332676365364,0.14536895164973787,0.14769749077885766
394728,323,"Jonesboro, AR",msa,AR,,,,,,,,,,,,,,,0.25839793313938564,0.25950887890849317,0.2609425751603369,0.25761168822084685,0.25821501944743874,0.25779144318495123,0.2590028558510674,0.25719158064825715,0.25799985940209286,0.2553114287509208,0.2546770196175128,0.2504668282890758,0.25201259881267346,0.25106222637376585,0.2516647347444447,0.2493043089437093,0.2493443068930049,0.24934269513602536,0.2511938018930333,0.2519078847644058,0.24923630323137896,0.24851106085160027,0.24769263181655818,0.24975778068163967,0.24868498889150023,0.2478615214387593,0.24660990791941478,0.24788646489085397,0.2484678593678583,0.24838405148376225,0.24720544058830238,0.24730882438306495,0.24821094110061281,0.2489192302649786,0.2491643742545107,0.25005367357557806,0.25020097578190004,0.25109486805845427,0.25156645517712917,0.25275862064223775,0.25285110935643146,0.2536589994712034,0.2536139411698098,0.2535003910985816,0.2540264071421116,0.25496477515716837,0.2561006366962824,0.2554670787607742,0.2543347476267143,0.24898790695832998,0.24692295808807005,0.2455438334138865,0.2447533570263177,0.2438178206221058,0.243785209111579,0.24624495927471216,0.24738125084440366,0.24702255981959806,0.24147367217865806,0.24167041287062102,0.24277832503105828,0.24685885029020477,0.24595543995299546,0.2449237936742876,0.2431344761050637,0.2440498048920875,0.24688941724683747,0.2502363092702529,0.25137938761546114,0.25051257399063886,0.25061112042209605,0.2477931427797284,0.24643769497364315,0.24446209136133484,0.24661336300952777,0.24552530104711592,0.24742294662842368,0.24640365268694486,0.2469763406758719,0.24625074800317223,0.24618394965624954,0.24601329038737418,0.2457729163371573,0.2482853441342611,0.24803205183300217,0.24759001993075472,0.24477356616425938,0.24720229310937633,0.247950413130905,0.24897294103159429,0.2506057027246351,0.2532093103111421,0.25767278409406547,0.2598244782498153,0.262081834698816,0.2638592786955978,0.26703090334700985,0.26978552055915106,0.2723522967656379,0.27299435661268306,0.274144855156637,0.2742055614611762,0.27592357770985804,0.27694337672398145,0.2791272489775252,0.27901160054863894,0.28030497281834665,0.2788024951490728,0.2784521817073765,0.27850881738750927,0.2792041835572515,0.2792815670371097,0.2791944782313383,0.2803751462550714,0.28018122691500347,0.28035582291777883,0.2784797256321917,0.2789214443412404,0.27785470229177783,0.27860514827595023
394390,324,"Bismarck, ND",msa,ND,,,,,,,,,,,,,,,,,,,,,,,,,,,,,,,0.15016855828603165,0.15014174331609195,0.15206646569192736,0.15354638597375536,0.15338512201382865,0.15613269589587334,0.15485735393314742,0.15681378731227746,0.15405853442215497,0.15304370540884984,0.15151012785530388,0.15191262643093043,0.1528952865257071,0.15454877743021886,0.15499813884856917,0.15328609929817982,0.15093127168930792,0.1492138320424238,0.15004765480053972,0.1509897227642153,0.15198521044864635,0.15228398231971227,0.15373677889561949,0.15540031554295497,0.15529894079237527,0.15433518358290155,0.15417405368172665,0.1562555193622986,0.15931679064285986,0.16173380058127976,0.1636551075293955,0.16449181043852887,0.16092103304018535,0.16059975896183817,0.1610494339525506,0.1596975388913979,0.16077413359481071,0.16100267859498105,0.16339076287912221,0.16210643010189027,0.16075794762421253,0.15944358395026087,0.159203595417256,0.16032900395094982,0.16170456836282954,0.1610626868714457,0.15868522386857511,0.1555924110445679,0.15253504614164928,0.15376649913303128,0.15640901810347244,0.16086933387725222,0.16249530134299695,0.16326619651555382,0.16233400839460937,0.16071284517872955,0.15643335097304073,0.1559760824953009,0.15757536483504203,0.15824726542785178,0.15709852713479802,0.15273856583066034,0.15157958603749502,0.1506389485605963,0.15088168414160463,0.1524269930798841,0.1535132930094006,0.15507082854585721,0.15563705877478848,0.15516246621321886,0.1541480976458523,0.1538275025058232,0.15656126883862861,0.1576226797294491,0.1564182031815777,0.15651068323749126,0.15671357298943078,0.15678441792780493,0.15550292874879545,0.15555099417880067,0.15692194058575656,0.15751250483830329,0.15809332255755554,0.15891032914695727,0.15874298655805413,0.16013060068128704,0.16156143376071003,0.16070242840630508,0.1619629526326723,0.16036328054209353,0.16272954588865532,0.1609071925142356,0.1610007325104942,0.16154634780959057,0.16210574377188386,0.1624453548503189,0.1625133412019536,0.1627961488294629,0.16359519070595419,0.16551526662483457,0.16571097090900058,0.16810448857664212,0.16876185072697997,0.172105370501718
394661,325,"Hammond, LA",msa,LA,,,,,,,,,,,,,,,,,,,,,,,,,,,,,,,,,,,,,,,,,,,,,,,,,,,,,,,,,,,,,,,,,,,,,,,,,,,,,,,,,,0.25666743769034517,0.2634302053813706,0.27173339595989127,0.27248038138169683,0.2749063559535935,0.271648838789251,0.27153016927337037,0.27203501849442663,0.27453394505741413,0.2739039365861248,0.27377677169756837,0.27049986332914694,0.27070881276651826,0.27007253601811404,0.2686766477050209,0.2672744048780357,0.2655363906246673,0.26605447441616503,0.26710246802497456,0.2682378343762034,0.26899812343521934,0.26881212764838436,0.26913653869306836,0.2705327122579404,0.2689584265440732,0.26750860883836547,0.2650783246620013,0.26608046913888267,0.26564672344933443,0.2645232924626645,0.26447451636607616,0.26446947988660796,0.2641957320951372,0.26415993199291976,0.26457546952264716,0.264723074244288,0.2639583735349485,0.26532237844649137,0.26715021092223723,0.26879701467988754,0.2697418201444387,0.2706095992502815,0.26971430063101504,0.2686496722019461,0.26789421829905213,0.2679456840503594,0.26732684824197833,0.2673814656723864,0.2687267669932832,0.2683705458981995,0.2677644872436333,0.26541834298940303,0.26418742010846935
394983,326,"Pittsfield, MA",msa,MA,,,,,,,,,,,,,,,,,,,,,,,,,,,,,,,,,,,,,,,,,,,,,,,,,,,,,,,,,,,,,,,,,,,,,,,,,,,0.20505765843960486,0.20839470819055217,0.21114056309289247,0.21264279266281735,0.21286761665370518,0.21640743820470898,0.21717697240153402,0.21647181525252543,0.217749240235525,0.21689191015765585,,0.2137485422489061,0.21579257248703917,0.21833932904390999,0.21564426390854985,0.21622061880260945,0.21660759742101945,0.22262887603232803,0.22275979906321922,0.22097602786819212,0.21887735502627137,0.22042657464187823,0.22761308281435014,0.23039357339064534,0.2333706065616887,0.23111695936088944,0.2313485115417623,0.2305100156705579,0.22833367162172669,0.22536522938576964,0.22533790248418395,0.22997174299040196,0.23111432221510422,0.23363290704234022,0.23136531031104665,0.23271273295462935,0.2321309822662053,0.2288592502832674,0.22974552098918186,0.22888183866067283,0.2324583573322828,0.2289071558552971,0.2288249336343041,0.2262194320876782,0.22658881310517848,0.22930754969298578,0.2300393464645351,0.23118523860104653,0.23047045530255317,0.2337485708151848,0.23387757611162485,0.23573532047614051,0.23485250033942828,0.23824205356481695,0.23857982862130805,0.23884224646794652,0.23835905042072136,0.23456418294056267,0.23333461492553856,0.23084887665945386
394890,327,"Mount Vernon, WA",msa,WA,,,,,,,,,,,,,,,,,,,,,,,,,,,,,,,,,,,,,,,,,0.24206649137789488,0.2432789360379974,0.24510319907811084,0.24384083865021622,0.24373780690252536,0.2436794006024223,0.2451237006345216,0.24216083970216512,0.23966622891557154,0.2389864865615809,0.23966146068807553,0.2392121362074201,0.23836049690204464,0.23795440908960291,0.23680481773431158,0.23912514625801298,0.24141330184239376,0.24451020785969982,0.2452352279712071,0.24715042531544124,0.24837923742205056,0.24991190547414452,0.25242913605612205,0.2506197877299555,0.25179999514647733,0.2535602417209485,0.2572892686271739,0.2596794926151823,0.26105528523783683,0.26007153073539485,0.2608189095821255,0.25758906577032786,0.25784685993239614,0.25609862672884176,0.26084284853797374,0.2668311676841844,0.2707908582484833,0.2703602151046877,0.2696844212550755,0.2695633063330854,0.273835990138047,0.27865674096726345,0.2840189598763463,,0.289877555898524,0.29103586492194344,0.287457987541786,0.2854325286074903,0.28492630286156717,0.28499449429966656,0.2847437780515532,0.2813763877841666,0.28187977410112414,0.283301028322473,0.2858412098227252,0.2822237025612682,0.2805473511239823,0.27927958861636903,0.2803380618787454,0.2789111536606729,0.27932728404163215,0.2793931200029441,0.2790597977068723,0.27799563413536976,0.2762254730098188,0.2777322693167867,0.2776021287241701,0.2779164926934738,0.27925384296334677,0.28036771888519235,0.28112202682579773,0.2801193618498616,0.27784907911136814,0.2757803680301741,0.27406965926623134,0.2752765491502858,0.27423616578710946,0.27344888367562215,0.2726417249794365,0.27259865438536446,0.2711236099853782,0.2681005766241549,0.2664395478327442,0.2666897576545523,0.2669153742041132,0.26759502257265166,0.2683340912563417,0.26776764320670676,0.26858445487996996,0.26763034801257923,0.2672855741841904,0.26715403118836123,0.26793149338450656,0.26996893798795984
395153,329,"The Villages, FL",msa,FL,,,,,,,,,,,,,,,,,,,,,,,,,,,,,,,,,,,,,,,,,,,,,,,,,,,,,,,,,,,,,,,,,,,,,,,,,,,,,,,,,,,,,0.24120255928657103,0.24516232546307704,0.250134119662205,0.2552229559370343,0.2541341312976103,0.2590091672341699,0.25941427390118227,0.26195889647999504,0.2643275206107276,0.2650786934755042,0.27099059211815324,0.2713477752192396,0.2683021314765434,0.2648377071071066,0.26462335906258005,0.2666796562561438,0.2698055793763796,0.2690212403202756,0.2688033674974782,0.26726606152767846,0.26891506497607254,0.27054685685127255,0.2721884274105812,0.27322363155421525,0.27681274450484494,0.2793335318906296,0.28191770942485045,0.27997736029632403,0.2792388099156442,0.27749876912842614,0.2769282520437593,0.27579408647097814,0.27504512271103204,0.2755146735712746,0.27360826711691516,0.2761376020993381,0.27226652222497133,0.2690710375117027,0.2657220697310671,0.26424971946154585,0.2626580213777902,0.2627461204990567,0.2626518156050833,0.2627875142547199,0.2612696542676265,0.25908635764281684,0.2577412795727322,0.25463865643119415,0.2546822850204734,0.25475954070018486
394307,330,"Albany, OR",msa,OR,,,,,,,,,,,,,,,,,,,,,,,,,,,,,,,,,,,,,,,,,,,,,,,,,,,,,,,,,,,,,,,,,,,,,,,,,,0.21198554441862502,0.21273834150708712,,0.21925588489030678,0.2193541069992293,0.2230501540140726,0.22323403666446567,0.22921175851154782,0.22988137601059905,0.236065766588847,0.23594906248553096,0.24015389598082212,0.24177147265131918,0.24697616333740172,0.2506219117068109,0.24977163652282086,0.251928044381255,0.2518922824139798,0.25389720181606346,0.25269228202217775,0.25386907319397556,0.25280336077732407,0.24983954346542095,0.24692909327570653,0.2480926504688377,0.24593251729339366,0.24499710783208628,0.2426461510224233,0.24082047278740085,0.23746711634041648,0.23547453899843254,0.23556225747232115,0.2368504681650415,0.23533789242257705,0.23560079315945578,0.23413971470509098,0.2339066499570506,0.2324413736242973,0.23146515385592925,0.23112090789463482,0.22963913940594252,0.22954498556809227,0.22912195603746752,0.22935020745877266,0.22840353518115755,0.2265358282828478,0.22583340025445017,0.2257962660835076,0.22609990264922472,0.22619242275194792,0.2255351909249191,0.22562191852429841,0.22580046666135653,0.225849886962135,0.22530324459907908,0.22436750192277477,0.22352901808056685,0.22471943931792096,0.22430808602901758,0.22441478105754642,0.22306606178815727
394633,331,"Glens Falls, NY",msa,NY,,,,,,,,,,,,,,,,,,,,,,,,,,,,,,,,,,,,,,,,,,,,,,,,,,,,,,,,,,,,,,,,,,,,,,,,,,,,,,,,,,,,,,,,,,,,,,,,,,,,,,,,,,,,,,,,,,,,,,,0.22314253957669017,0.22323121630690793,0.2284335639622215,0.23043381900690313,0.2300010893814429,0.23186779933010623,0.23412095628348698,0.23517025089593566,0.23325405791237094,0.23145102301669523,0.23533125163699634,0.2367558100684582,0.2368825244308404,0.23395611478617484,0.23304840602701418,0.23205217702127498
394780,332,"Lawton, OK",msa,OK,0.17218959081553006,0.17172087227887817,0.17293175474905925,0.1727091553625576,0.17206888803006715,0.1709506542665727,0.1698441248497579,0.17007885741343642,0.16985216967540703,0.16925905363407104,0.16842583223120233,0.16780783854691012,0.16719364371426848,0.16650793986661108,0.16546738664826457,0.16538470492093285,0.16683301798438968,0.16796248142476675,0.16984973529549613,0.16920780867990884,0.1685170472751676,0.16751418409168684,0.1670541894683507,0.16732188445041482,0.16761187480727383,0.16751387440492888,0.16702345785155456,0.16603106486107705,0.16485951631142634,0.16428125017467007,0.1636740391230909,0.16342999981698197,0.1637117927165897,0.16514048591003472,0.16581384495946216,0.16649644165056784,0.16588631325334455,0.16696159871266353,0.16771124557352826,0.16852015738623127,0.16771194176103227,0.16774535844748503,0.16758197762263172,0.16895905145303805,0.16963074022831495,0.1696729231373092,0.1697454264860714,0.16896006392928176,0.16867002255806002,0.16712702545507802,0.1668234847769319,0.1665977411843786,0.16746539178989406,0.16781271556674418,0.16826375780798478,0.16801531887267784,0.16910839046679615,0.1703939879727011,0.1718940968791682,0.1734187067924137,0.1751679272863869,0.17697447323510923,0.17587128515160577,0.17421036240217405,0.17291323237498513,0.17329532910756212,0.1752519900316618,0.17655451977276063,0.1797612155313898,0.18347825448684113,0.185770857415088,0.18684840040385706,0.18687596867661166,0.18560548834634474,0.18489576502428384,0.1833133735961448,0.18592779891652758,0.18643204344111858,0.1890784793815662,0.1900230852935773,0.1924567729941958,0.19546494548991603,0.1995781353441201,0.20047746527120758,0.2003261808722141,0.2051650000200705,0.21182554020957775,0.21934472128529942,0.2201084866663728,0.2217688106620674,0.21777559669541988,0.21710016936797816,0.21462457023517298,0.21413849176934951,0.21220137406407247,0.21418270713319312,0.21494811571315584,0.21365443125452616,0.21123926626593598,0.21074025613610914,0.21023385264946048,0.2091522322076815,0.20780974257699505,0.2076058002810335,0.20929251093053236,0.20987507057948943,0.2094964810538813,0.20568453373483261,0.20567437781496528,0.205885557440923,0.20446217023946858,0.2032396170594849,0.20291858402169533,0.2040430200938928,0.2048801120030104,0.20388882266259184,0.2034172744481673,0.2024044360620037,0.20256946702208156,0.20201151053460986,0.20196481370670166,0.2016112418977854,0.20217560891958927,0.20160993773842853,0.20146722854437174,0.2003704917831339,0.20049888167714477,0.20091502358642063,0.20055782315310464,0.2007355836739741,0.20061606636591853,0.20169678578910957,0.20141409584042888,0.20151450003409238
394474,334,"Cleveland, TN",msa,TN,,,,,,,,,,,,,,,,,,,,,,,,,,,,,,,,,,,,,,,,,,,,,,,,,,,,,,,,,,,,,,,,,,,,,,,0.22620697000327933,0.2244396249621653,0.22123923502943563,0.21941018955254746,0.2210560436694551,0.22570247008480634,,0.23135067435000456,0.23133067299916618,0.23145646267068606,0.23521831592896777,0.23768939870500855,0.23974304764617244,0.23781703064300003,0.24058013380129864,0.24309631527052541,0.24606594759736153,0.24489669607158798,0.2464777222415831,0.2467960324247705,0.24705865096001003,0.24493975200044152,0.24249961472325932,0.24335967749734572,0.24669367383380303,0.24945025839092183,0.24700840330314505,0.24538033582132232,0.2448414128486177,0.24627239953609056,0.24330308017562655,0.24132970457174346,0.2385876360874685,0.23920823911346387,0.237581425991263,0.2366940034958708,0.23374980478911897,0.23214144977591494,0.23050432914051092,0.22810013472906246,0.22616239680416134,0.22273322380272215,0.2216672091577703,0.2211645762931265,0.22299227364669985,0.2226724312465099,0.22266837978479612,0.2204592686261205,0.22179353750234215,0.22165166060418423,0.22190595752875247,0.2206486924192668,0.22012443475305749,0.22034155480742232,0.22021290946219024,0.219765633478356,0.21793687089191086,0.21663500580569547,0.21639495162869468,0.21691074450821488,0.2151757542201386,0.21382960316153535,0.21318002303119216,0.21378284283064322
395098,335,"Sierra Vista, AZ",msa,AZ,,,,,,,,,,,,,,,,,,,,,,,,,,,,,,,,,,,,,,,,,,,,,,,,,,,,,,,,,,,,,,,,,,,,,,,,,,,,,,,,,,,,0.2642730252554562,0.25826418154457426,0.258494560204641,0.26497145692367163,0.2717727276171763,0.2674466741809295,0.26300826335859717,0.26127484381645943,0.2692264180430665,0.2662045151157129,0.26454151736618337,0.25812342217163614,0.26534551949322505,0.27067072221686966,0.27433765767428203,0.2680271021327375,0.265884124637541,0.26474645359651405,0.2642830242822559,0.2612214774731112,0.2600886336719138,0.2615591460263397,0.26040114945044396,0.25971226232387434,0.259190623785643,0.2606863512867596,0.2604290944198081,0.25965984777620715,0.2583342293917678,0.25605546828851355,0.25697068925266214,0.25729823963843623,0.2587461762335559,0.254982886607974,0.255000630352229,0.2540288510623325,0.2535913018528651,0.25305912052877977,0.2525892529345577,0.25445429166054634,0.25467384638622814,0.2568083144474376,0.25624359790052414,0.25675280234357933,0.2540518148235789,0.25599218993485334,0.25601724407622545,0.2571584547025111,0.2554367626192571,0.25338200830150326,0.25217196640811224
394325,336,"Ames, IA",msa,IA,,,,,,,,,,,,,,,,,,,,,,,,,,,,,,,,,,0.16713866262888685,0.16655720701695997,0.16884384923530163,0.1650147981249451,0.16363637623474891,0.16139768550525893,0.16067583309014438,0.15948392173086054,0.16058012029770735,0.16102640572788865,0.16156964642108418,0.15883714375282687,0.15758712395000937,0.15629424749251275,0.15660098618462526,0.15803601191130748,0.1582114667612875,0.15771748416133255,0.15917581364771458,0.15891065948951255,0.15928962189114232,0.1604229584218596,0.16109549330920286,0.16359254088216257,0.162398500157838,0.16209824371085316,0.1606622707706823,0.16057210025959606,0.161086388002398,0.159100983594565,0.1568071905917947,0.15349898260480332,0.1531087525529779,0.15302706645922443,0.15432812651330216,0.15709171530115207,0.16030924012984307,0.1613643497461463,0.16119274947201392,0.1601633793416467,0.1598511682785187,0.15801893126283612,0.1574773223467739,0.1580585054318391,0.15788481647057215,0.15893087108050402,0.1592436525595236,0.16033430041998117,0.1613455966278732,0.16220985833192714,0.1618871212546726,0.16117318838449632,0.16079872266642184,0.16146839879278382,0.16189848288304204,0.16234295504578727,0.1612916791511809,0.15959155634403827,0.15812031341114902,0.15664556538401958,0.1560057907690698,0.15613981762208048,0.15747594526059266,0.1581865064644132,0.15871595069551975,0.1595241433715888,0.15966451561030431,0.15937752752728243,0.1591743967468517,0.15837148082066002,0.1582296053666836,0.16096116089417445,0.163292373660156,0.16520675043997213,0.16555432111444,0.16626835878101145,0.166705727684637,0.16614307117064742,0.16688839785902265,0.16656249424560834,0.16696541240429882,0.16786216401966542,0.16933484725584907,0.16921027665062435,0.16880362841674515,0.1685000323225894,0.16783166463429436,0.16805503704140162,0.1679515313671323,0.16842993511406765,0.16821420752485652,0.16893255619015773,0.16922900760449508,0.16949384031533177,0.16900226878625052,0.16858816119763192,0.16848538943648966,0.1683327774495924,0.1688231740252039,0.16858173985616393,0.16874540982138425
394824,337,"Mansfield, OH",msa,OH,,,,,,,,,,,,,,,,,,,,,,,,,,,,,,,,,,,,,,,,,,,,,,,,,,,,,,,,,,,,,,,,,,,,,,,,,,,,,,,,,,,,,,,,,,,,,,,,,,,,,0.15037745561126564,0.14972437245519743,0.14822488251786098,0.14804512076546578,0.1474494200554143,0.14855061805427608,0.15020714054956297,0.14984929741075056,0.14867543873915742,0.14853124551983007,0.14865848003535037,0.1499316629555229,0.14798279553225005,0.14687307354913268,0.14822067117669757,0.1494494190838204,0.15000298607965543,0.14724423721243368,0.14643702380873722,0.14451467366267637,0.14525459005546412,0.14540574497019862,0.1466827638016037,0.1462042994687537,0.14823661212950656,0.14989340923729885,0.14961590121523474,0.14847857844735146,0.14763347672819338,0.14885900916077463,0.1490436758863687,0.1497346948984228,0.14956368800288813,0.14888937730116802
395128,338,"Staunton, VA",msa,VA,,,,,,,,,,,,,,,,,,,,,,,,,,,,,,,,,,,,,,,0.1908877350597076,0.18991731916545412,0.18711882334370755,0.18679950502361478,0.18948502391256206,0.19110227008512812,0.18945959685850328,0.1864954317593347,0.18540690271614366,0.18736272420572017,0.18835538089898785,0.18844598484511146,0.18885589600484706,0.1903077832259291,0.19320357074820216,0.1943823077077579,0.19211568266637527,0.19078099152244773,0.19042665725472058,0.192503881169795,0.1934901633808506,0.19263637978348344,0.19273808403664772,0.19114675605803505,0.19421445636015322,0.1925357125410021,0.19263787065273186,0.1907912052350931,0.19031136258242323,0.19404235745047188,0.2000926812539899,0.20245897692856077,0.20326767644120897,0.19947114110703848,0.1986694274787907,0.19841474055863445,0.20044214592295637,0.20148719834275405,0.20125116536364776,0.20168100587507895,0.20535871711483478,0.20549702036969017,0.20394929650859409,0.20204692838247726,0.20548698263661533,0.2074001583735295,0.20851642594023184,0.20988096988301286,0.20942118561000897,0.21045620968669096,0.2087429021544042,0.20995079942285574,0.2073370488967274,0.20630953453017825,0.20650477153948246,0.20822127492628237,0.20687595989224036,0.20667904493833977,0.20460031874489798,0.20374159836331693,0.203962540795227,0.20494961263969957,0.2084287409650984,0.20883281468806114,0.21033348051283932,0.20935374666499185,0.20954763535056908,0.20911017023949424,0.21042500440722836,0.21140148832034425,0.2137067149584799,0.21398652691136422,0.21345890102453713,0.21413390725921508,0.21264695401902964,0.21217361523049583,0.20987600718765642,0.21292667993237985,0.21381603008890737,0.21341103351406387,0.21134515565723969,0.2119076183822896,0.2115373946891666,0.21305525945643766,0.21370048285311474,0.21268576768786754,0.2126742611656765,0.2131219623717708,0.21509425709357732,0.21390793137651135,0.21364006801096888,0.21428120615867935,0.21576079329634892,0.21520653367739728,0.21517217996752072,0.21439203376145735
394321,340,"Altoona, PA",msa,PA,,,,,,,,,,,,,,,,,,,,,,,,,,,,,,,,,,,,,,,,,,,,,,,,,,,,,,,,,,,,,,,,,,,,,,,,,,,,,,,,,,,,,,,,,,,,,,,,,,,0.16780931039726574,0.16618048228132284,0.16453038401555023,0.16496038593298795,0.1640618914443651,0.16275695022537212,0.15990426371956823,0.15894843102465311,0.15900853920973937,0.1599509210506032,0.16116394022873756,0.16012357742468408,0.15945968641648092,0.15536360953370684,0.15553371395143795,0.15680786059067264,0.15805862435691034,0.15855095577192088,0.15589554039361975,0.15649782091891265,0.15386024858662692,0.1560692379896699,0.15367513422493947,0.15513032902825702,0.15528499087175576,0.15857738445865083,0.15825958615629124,0.15700195479919618,0.1565429178694595,0.1570820772586599,0.1599879418616392,0.1596991609153658,0.16132688070334472,0.15931935967425767,0.16066811254244018,0.15978075154206908
394905,341,"New Bern, NC",msa,NC,,,,,,,,,,,,,,,,,,,,,,,,,,,,,,,,,,,,,,,,,,,,,,,,,,,,,,,,,,,,,,,,,,,,,,,,,,,,,0.22778283644074668,0.22470331187727347,0.22395965548017568,0.22370546785044407,0.22874765021158178,0.23421417082701942,0.2358621709644791,0.23577927065241033,0.23466576679222412,0.23523137252536716,0.23621775669694073,0.2359966202884843,0.24028237088453172,0.24379222176283324,0.24865111532204415,0.2521290521427029,0.2534198285238781,0.2529543659005159,0.2531968075297378,0.25398111593118583,0.25591992968321275,0.25373693368710937,0.25211196134548436,0.25232530146626353,0.2544862380508678,0.25761272536769264,0.258490866417184,0.25890335124143193,0.2592936452074356,0.25961163280403554,0.2625547929961391,0.2612742777325757,0.26117757998701707,0.26270920609259,0.2660309800757348,0.2668135987734912,0.2653348806780904,0.2656410053869924,0.2646976798329377,0.2654130070456148,0.26460872816897235,0.266793633534441,0.26695009589347707,0.27118401541301984,0.27036998081422503,0.2713797401913205,0.2705869113990618,0.2710623532779491,0.271431817714278,0.27065640650652484,0.2716191123402864,0.27179807196164124,0.27354206774740947,0.27330752235399597,0.2732189347259899,0.2718456663457136,0.27286153378374617,0.27244087626073576
394588,342,"Farmington, NM",msa,NM,,,,,,,,,,,,,,,,,,,,,,,,,,,,,,,,,,,,,,,,,,,,,,,,,,,,,,,,,,,,,,,,,,,,,,,,,,,,,,,,,,,,,,,,,,,,,,,,,,,,0.23443279113856638,0.23821542968830708,0.2357554476285282,0.23781206463701832,0.23934978989204617,0.24162289018384178,0.24381644318869858,0.24175256211276772,0.23982456333085805,0.23605694542834302,0.23276416363356053,0.23060253252862487,0.23175175155855057,0.2297362004298588,0.22757663709678475,0.22827144997495755,0.22679861629052378,0.2278830997005368,0.2253501645800461,0.22326970266952123,0.2239623665086309,0.22811805969751273,0.23166962591652115,0.23081443594143647,0.23057113208073327,0.23049394369243245,0.23349927467447526,0.2318801002074921,0.23149243069392123,0.2301816903760829,0.23072454166722955,0.2331999022164026,0.23261573664797586,0.23195691776977279,0.23127553799218384
395120,343,"St. Joseph, MO",msa,MO,,,,,,,,,,,,,,,,,,,,,,,,,,,,,,,,,,,,,,,,,,,,,,,,,,,,,,,,,,,,,,,,,,,,,,,,,,,,,,,,0.13740442871953487,0.1408114469902635,0.14129243285404072,0.1438893463101924,0.14069620023694349,0.141587005536576,0.1406627796407363,0.14218648379076712,0.1416574489490421,0.1409427815921177,0.14158292202272382,0.14085790518776176,0.1440651632701932,0.14400942375055736,0.14566169338067686,0.14358634589841188,0.14423644424482496,0.14370410362915598,0.14592151352914814,0.1457510406030268,0.1452547308287673,0.1443723057647884,0.14577723990926011,0.1468339270727357,0.14543002743699351,0.14476226481090157,0.14400043098672097,0.1447822196078775,0.1469841822126808,0.14856793430002624,0.14791096437787532,0.14668458999704093,0.14715762693807277,0.1471669418399828,0.1480520088290483,0.14935704526977628,0.15034102936087126,0.15004522999263012,0.15077563568767344,0.1516632836343311,0.15168344422029936,0.15037725354656395,0.15118733193129022,0.15263518824936315,0.15324970121148934,0.15442080444551565,0.15371991766242768,0.15313545002832457,0.15319235220222324,0.15453691821045595,0.15490238268683712,0.1550413265921993,0.15466130991642996,0.1558831886965845,0.15604109265812374
395054,344,"San Angelo, TX",msa,TX,,,,,,,,,,,,,,,,,,,,,,,,,0.23032472642411292,0.23006266951864626,0.22700404137598834,0.22654045015267285,0.22787933797206414,0.22615254439052984,0.22686811296977025,0.22671735464716813,0.22427927066557787,0.22611882058664065,0.226304125729559,0.22908470033909106,0.22824692791442217,0.22621299639251477,0.22358807406671244,0.2235851518114101,0.22376758278104364,0.2260823311804508,0.225367242826379,0.22498597038261903,0.22490050780666831,0.22455931833836393,0.22580472396025697,0.22451924354947514,0.22510483143355758,0.22441936707276036,0.2273689939907951,0.22809940682623603,0.22827447253284486,0.22761951064823327,0.22735380013879533,0.22716881424348792,0.22722002946512443,0.2253148833068771,0.2235330005204419,0.22261786017293725,0.2230287827419117,0.22429384584100673,0.22092744812949197,0.21858570701238408,0.2150260556435607,0.21576493603596583,0.21632645319329735,0.21820792523965404,0.22138021066355076,0.22162461839727246,0.2217664322584434,0.22009875852479027,0.2213122037684796,0.22178346436879248,0.2251491929035475,0.22629978036034884,0.22664341708718622,0.224718575691996,0.2249138032987879,0.22531445178367113,0.22744089436695114,0.23250618146402882,0.23725325538153316,0.23908874972832717,0.23849755693948804,0.23846238640486445,0.23797542056063367,0.2399877482483947,0.24095710307322277,0.24246722944503635,0.24097236466474792,0.24033402586569547,0.2396809951180351,0.23719011022236194,0.2354650255350002,0.23299723941455153,0.23164268266880556,0.2280241360203995,0.2277816567798521,0.22562355179080631,0.2256123719168617,0.22212618529231332,0.22063130533470304,0.2196020558491111,0.21957254576283897,0.2202246788113726,0.21777528948385183,0.21607530803549493,0.2133993107642594,0.21440174430502887,0.21459091876224515,0.21422989053122443,0.21309221408693638,0.2128768068312131,0.21251923005604284,0.21183245945560203,0.2099544707240746,0.20845047512815298,0.20812776823041576,0.20863785636123233,0.2103299137552973,0.21062358387893088,0.20966737637875604,0.20959501214150317,0.2094215067739783,0.21014134587380737,0.2106371740651166,0.21111929165058355,0.21233020627503602,0.213295398156554,0.21467566902098123,0.21515736495772272,0.21556529840735353,0.2158497989810165
395218,345,"Wenatchee, WA",msa,WA,,,,,,,,,,,,,,,,,,,,,,,,,,,,,,,,,,,,,,,,,,,,,,,,,,,,,,,,,,,,,,,,,,,,,,,,,,,0.26241439984926096,0.26066637982255225,0.2617130292092879,0.26203313755310986,0.2637027047809491,0.26544820548441417,0.2663362038257579,0.2719337397019923,0.273575378828685,0.27601885051871605,0.27430106085386213,0.2758810460313395,0.2771875973064224,0.2795350929238612,0.2796349679727462,0.27914304012572644,0.27659274316244736,0.27526697298576985,0.27411243250050626,0.27186080484542813,0.2704715232660331,0.268144085381559,0.2689132933278721,0.26785352796942613,0.26623727645921474,0.26281708715671187,0.25972099505717505,0.25851572876723317,0.2590410077326217,0.25903313446423915,0.26013585368867276,0.2592465589500022,0.2606766041543659,0.26315632118130294,0.26537200009674516,0.2670772769498876,0.2676636786713366,0.2691499683735575,0.2717677775043602,0.2732423762220461,0.274746878657278,0.27375990391923105,0.2727851763753711,0.27250603730065254,0.2730824793017779,0.2718428591052045,0.2710231445536583,0.2696628340318591,0.2691443919415557,0.26851433897100513,0.2672570119346732,0.2663752469032842,0.2649551542880767,0.26529276314133093,0.26508854777579444,0.26531136666971245,0.26363280861181465,0.2626372987502476,0.2612621820987747,0.2606967529222937
394949,346,"Owensboro, KY",msa,KY,,,,,,,,,,,,,,,,,,,,,,,,,,,,,,,,,,,,,,,,,,,,,,,,,,,,,,,,,,,,,,,,,,,,,,,,,,,,,,,,,,,,,,,,,,,,,,,,,,0.2075551420163219,0.20859656591651374,0.20932967295022623,0.21383616606046202,0.2150780781925644,0.21182809925846477,0.20981821339045756,0.2099438959088712,0.21226765097396505,0.21491876949995675,0.2165336757598426,0.2157437425542497,0.21374863926635204,0.21294589830934832,0.21118514212093045,0.21208222982036493,0.2132787571762002,0.21591241316112278,0.21878144590541887,0.21689550911380837,0.21608512091726242,0.2139789334370762,0.2180579538382698,0.21898351859454385,0.22336350551532952,0.22413278804101786,0.2264314299312431,0.22525225565526882,0.22515145933877082,0.2252437349179824,0.2245077689624776,0.22711076160141916,0.2283598054460648,0.2304211188769059,0.2277375647697547,0.22795406279919445,0.22625440997480953
394778,349,"Lawrence, KS",msa,KS,,,,,,,,,,,,,,,,,,,,,,,,0.19437574602849206,0.19087353778312324,0.19018790498235963,0.18809596895814407,0.18990927939341626,0.19010655982345823,0.19014188302191762,0.19022048887728107,0.19000191886735637,0.19170389944112057,0.19075746506853852,0.19152836809231036,0.19044927105852957,0.1910131564799015,0.1899974688660582,0.1900889164538183,0.18955864995885105,0.1895227859295049,0.1895528831695997,0.18728829027983024,0.18713413270737034,0.18716539009767866,0.1879737748091639,0.18640387130003772,0.18530751044107507,0.18434428137507428,0.18437006266618902,0.18406292750380285,0.18320247754584787,0.18255523531915413,0.1823395598428194,0.18361803581897002,0.18369015538344236,0.18402743420577125,0.1838874775161728,0.18497683475989893,0.18568763354538584,0.18728281404911512,0.18814010075474763,0.19043537171058786,0.1893841218597169,0.18865489260976076,0.18871902069430802,0.1888558021274725,0.1885720355317535,0.18898358313438335,0.19014554850832546,0.19138119946387433,0.1891295875062083,0.1883750153065498,0.18828482212284964,0.19031528541835163,0.19063357841214476,0.1916714156508183,0.19340994989100674,0.19543141161230143,0.1960665134850146,0.19855496122041286,0.2011498495846031,0.20426768977191617,0.20675188834702113,0.20742028856766745,0.20862906725161487,0.2080632939417961,0.20923869909460172,0.21128486548366876,0.2108548468034728,0.20907212046123333,0.2085011872237588,0.20907484450717181,0.20995911350413143,0.20913472085778967,0.2096041973881559,0.2098984146542746,0.21046717559571423,0.21135823065991607,0.21247818045348915,0.2136122575212112,0.21348735078538822,0.21467948858282931,0.2157527256371062,0.2158616652078007,0.21371782930289496,0.21224327012567035,0.2115512975372943,0.21336189549027887,0.21402996114993333,0.21605190375281771,0.21503754593803828,0.21476487264634592,0.21474754610886196,0.21649068096076907,0.21564924292029053,0.2139096467779213,0.21272952141532467,0.2155910159448026,0.21753302806431976,0.2182524240420635,0.21761705482555224,0.21675681480920156,0.21771911358217932,0.21795771086740473,0.21911948057733477,0.2185796749978227,0.21980397353541975,0.22181435097991983,0.2243769753456548,0.22375607009382834,0.2232660114503952,0.22309724057140387,0.2244740958384554
394635,350,"Goldsboro, NC",msa,NC,,,,,,,,,,,,,,,,,,,,,,,,,,,,,,,,,,,,,,,,,,,,,,,,,,,,,,,,,,,,,,,,,,,,,,,,,,,,,,,,,,,,,,,,,,,,,,,,,0.26979439218482204,0.26840894545816,0.26660155732974616,0.2665190963154571,0.26572063407880053,0.26760039652544654,0.2673654033840583,0.26802331423656606,0.2657822722228649,0.2643542346772523,0.264787453171678,0.2676392745358709,0.2682169513541935,0.26696070747145545,0.2658438999573539,0.2679693341450768,0.26997061128622796,0.269001507414564,0.2668825893564916,0.26694391622836267,0.2690471682666413,0.269254812841661,0.2684441602274648,0.2671917444030347,0.2684025486883895,0.273053659271856,0.27498157357128683,0.27404774327538944,0.2717655965432969,0.271914359951955,0.27281897483551215,0.2732481589197802,0.27231331149370236,0.27325572704174056,0.2732218154682666,0.27156896503465533,0.26836179955445255,0.26416734370126166
395213,351,"Watertown, NY",msa,NY,,,,,,,,,,,,,,,,,,,,,,,,,,,,,,,,,,,,,,,,,,,,,,,,,,,,,,,,,,,,,,,,,,,,,,,,,,,,,,,,,,,,,,,0.22145717367526846,0.22166935223720624,0.21829413939437334,0.21727388210573792,0.21856612298093747,0.2196252121062017,0.21904584235628116,0.21435648452037842,0.21575608970938243,0.21625353664547078,0.2184640926901559,0.2143431231419551,0.21143313260954322,0.2113925219878018,0.2130677522310633,0.21256188716769245,0.21085132755753067,0.208995303034608,0.20777960636843032,0.20604274920235272,0.20250064632258266,0.20381992226960552,0.20589728000145446,0.20661434397796435,0.2061195788229356,0.20584010381820764,0.207283336579514,0.20543521053740305,0.20300954079606962,0.2015150440464856,0.20142977811232293,0.20173593782546523,0.2009731432168696,0.1987676623447178,0.19683506741944778,0.19921511186352187,0.1996768333405022,0.19907288584293853,0.1971318145382866,0.19826842724780433,0.2000442751170445,0.2012823324880266,0.20162941563633704,0.20260509550574063,0.20428830389492358,0.2051215864318091,0.20566073470282525,0.20452480859218136
395089,352,"Sheboygan, WI",msa,WI,,,,,,,,,,,,,,,,,,,,,,,,,,,,,,,,,,,,,,,,,,,,,,,,,,,,,,,,,,,,,,,,,,,,,,,,,,,,,,,,,,,,,,,,,,,0.13015640084007263,,0.13328665457038338,0.13522070652293722,0.136706482726252,0.13540842180332946,0.13806691980958563,0.13974923255325253,0.14065224143591604,0.1410470565680489,0.1377624740884317,0.13814174465641374,0.13689602381367835,0.14329813768941152,0.14438526859795747,0.1449437102817584,0.14325370212461233,0.1423733244294404,0.14405319542941777,0.14353699998975644,0.1440780274771094,0.14407046200092588,0.1460736187095643,0.14673421919530358,0.14665323703839356,0.14392516672304165,0.14187669532430439,0.14337040510187368,0.14785507150002597,0.1513733579080515,0.14979568525247505,0.1472568898468286,0.14731580043099382,0.14781776802871377,0.14844283475268671,0.14876409349219435,0.15064644210950254,0.15083363263341534,0.15254302280159765,0.1520708877828641,0.150405237303959,0.14971408400077327,0.15086712636846739,0.15402060508749915
395217,353,"Weirton, WV",msa,OH,,,,,,,,,,,,,,,,,,,,,,,,,,,,,,,,,,,,,,,,,,,,,,,,,,,,,,,,,,,,,,,,,,,,,,,,,,,,,,,,,,,,,,,,,,0.1664073022957525,0.16231989276017075,0.16067637344186472,0.15747270838066607,0.1581337179659641,0.1565932697530857,0.15974906032747574,0.15944097228117746,0.1602075803668682,0.15620382340757713,0.1529654744159272,0.1526247840424099,0.15081178551241628,0.1515328934921734,0.15185354289941386,0.15579752758060514,0.15862443776480611,0.1575662080754857,0.15632304170337308,0.1564953622323527,0.15778955054720978,0.15677005684646847,0.15655148210141948,0.15686636308304136,0.15719775806833666,0.15542991344504112,0.1537308824091026,0.15376510697749268,0.15394247193648442,0.15315263553844227,0.15524291616760685,0.15374557430962751,0.15421532488144152,0.15538248855996858,0.15612983071251246,0.155250446696368,0.15560297664199613,0.15741452944886725,0.15892696784231863,0.15780734546348227,0.15633534205179103,0.15768748966146337,0.15619695740253395,0.15735077733596053,0.1563029833011507
394867,354,"Missoula, MT",msa,MT,0.2043168236967497,0.2056899572022109,0.2083678780210363,0.20916207829353684,0.2104803388975103,0.20927668054612003,0.20922283361762609,0.20959939434935762,0.21002314965510896,0.21046337672383408,0.2104247391738969,0.20938975850702532,0.20735528345185925,0.205688914220073,0.2051379471492709,0.20474653802779522,0.2037187038027059,0.20322543537364945,0.2035108472930544,0.2037362736412152,0.20263200450790067,0.20247308457872257,0.20172253317579075,0.20294720343384037,0.20221485193058106,0.20128178976375696,0.19903690834379115,0.19811293467275207,0.19766776089525706,0.1971079491787658,0.1961972671718914,0.19476576057846673,0.1945095667853638,0.19387995273677522,0.19460019231686224,0.19358349504574474,0.19301514801087247,0.1934156109992332,0.19318786544467403,0.1925704885143316,0.18998490915406727,0.1897482132975795,0.1892372482072617,0.189114423904199,0.18751842109206324,0.18670025263849765,0.18586085704306785,0.1863383578010981,0.18813290762648915,0.18663606091012153,0.18664012484079423,0.18622768719511867,0.1871691279375879,0.18678493884411412,0.18663362250443274,0.18648527452420796,0.18780478298892483,0.18863685806534117,0.1889901777332331,0.18891464301619285,0.18797844939435573,0.18870843674126098,0.18827032886121395,0.18710638396371868,0.1834819164394635,0.1831307717686108,0.18439099011493956,0.18743409309774212,0.19551919945466764,0.19900988506031658,0.20245172971192604,0.19951748852444093,0.20234138020035486,0.20337706609703748,0.20606990931510263,0.20966638658676448,0.21343802544289217,0.22040276027143196,0.22404478022840468,0.22523818001882862,0.2242618734571761,0.22448388867784813,0.22884517276477298,0.231921465524243,0.2356674353270498,0.23667840503472476,0.2366091979767132,0.23468820414796593,0.23417496088473894,0.23135804002784027,0.22913814035145846,0.2285611289719213,0.22964880980210595,0.23339266461071428,0.23418539002664435,0.23628681912013907,0.233566480973043,0.2299692876374946,0.22788902143330458,0.2288953436993094,0.23121054719969475,0.23113519987378103,0.23107325896113964,0.22996750690341294,0.22898019727039517,0.22791590817440147,0.22761183700234897,0.22646821866428815,0.224010326441681,0.22405037387794793,0.22523488770624178,0.22504297265930387,0.22455027022011748,0.22379152855206902,0.22450123208335335,0.22510294707108816,0.22464187985377607,0.22433418003311917,0.22304360652565897,0.22212325330555469,0.22286633676667209,0.22445539218861324,0.22380591754128037,0.22302310089102614,0.22167143841439857,0.22220156804836483,0.2216845815809465,0.22152699956729335,0.2222069188831805,0.22234649784625155,0.22330284771924183,0.22393171638812867,0.22511324388337664,0.22475283864694648
394407,356,"Bozeman, MT",msa,MT,,,,,,,,,,,,,,,,,,,,,,,,,,,,,,,,,,,,,,,,,,,,,,,,,,,,,,,,,,,,,,,,,,,,,,,,,,0.2639952410321525,0.2647783694003641,0.2673807120695697,0.2705825591202171,0.2724909694973336,0.27387723551670334,0.2756761681471053,0.2806462597623148,0.2900498173736199,0.2933277137118703,0.2960475773545385,0.2913580801730099,0.29056424281902893,0.2889699299955584,0.2897357821722936,0.28904243661116275,0.28935188797177047,0.2918060825353196,0.29172899021308474,0.29052146621146885,0.28518319522054214,0.2803395424350911,0.2735232398193442,0.27133495310636935,0.2722042750295549,0.2749412442879724,0.27269012234807827,0.2711935280192566,0.26778267276037354,0.2643679274909507,0.260271262747228,0.2586053817621281,0.25690751500237996,0.25454178871150124,0.2528659580950956,0.25066974322386554,0.2503789022531256,0.2504009979979144,0.24975955167755598,0.24781396815630102,0.24548420541558127,0.2447070640428772,0.24687861832409191,0.24647623938407745,0.24582736462681032,0.24184296693833907,0.24012768333370427,0.240148064110895,0.23887592863260376,0.23487158270388256,0.23288918127927474,0.23185227877645365,0.23207848326976663,0.2309788708244511,0.2284761271125336,0.22732884734512024,0.22689953660658038,0.22905892272868758,0.2294439075503046,0.22896955135769345,0.2281146825774786
394333,357,"Anniston, AL",msa,AL,,,,,,,,,,,,,,,,,,,,,,,,,,,,,,,,,,,,,,,,,,,,,,,,,,,,,,,,,,,,,,,,,,,,,,,,,,,,,,,,,,,,,,,,,,,,,,,,,,,,0.19501746591562422,0.19226664648288302,0.1908049864484509,0.1914700452173696,0.19111339987856352,0.19255924148025597,0.19654578600854883,0.19702434119234552,0.1979069687887731,0.1980600925732878,0.19778816589568204,0.1977525993123461,0.19758784404169008,0.19863148127962343,0.2007637219254023,0.2005930920440947,0.20126193336239626,0.20101951910882424,0.2014485357907002,0.20208803615887375,0.20411288985126616,0.2041981679677615,0.20162934858017142,0.20204691757581375,0.20354664654613525,0.20388769410107252,0.20175837662107973,0.2021703206145136,0.2024206683429293,0.2023958746918869,0.2008964143319125,0.20069516451796054,0.19992536921846368,0.1995019828971645,0.20044393197473226
394374,358,"Beckley, WV",msa,WV,,,,,,,,,,,,,,,,,,,,,,,,,,,,,,,,,,,,,,,,,,,,,,,,,,,,,,,,,,,,,,,,,,,,,,,,,,,,,,,,,,,,,,,,,,,,,,,,,,,,,,,,,,,,,,0.20018011865718094,0.20749283293939752,0.2087701830951571,0.2134789046976747,0.21389591819973583,0.2234202973736713,0.22152029238264376,0.2255491384639681,0.2210766221701156,0.22241704773606197,0.21846935859856914,0.22192431506543153,0.22477913388388984,0.22615443031291008,,0.2259383192895699,0.22807535622489195,0.22613962523457443,0.22815025550287266,0.22697313908713596,0.22924475953711898,0.23032232795309865,0.236106877312125,0.23502365640513098,0.23387649429356483
395225,359,"Williamsport, PA",msa,PA,,,,,,,,,,,,,,,,,,,,,,,,,,,,,,,,,,,,,,,,,,,,,,,,,,,,,,,,,,,,,,,,,,,,,,,,,,,,,,,,,,,,,,,,,,,,,,,,,,,,,0.1832495481914809,0.1842333091700127,0.18441812074178587,0.18133334552414102,0.18426122627943403,0.18470982767091176,0.18478165992572246,0.18481427722014715,0.1865280266835225,0.18623338710335344,0.18679847495080262,0.18781314647392075,0.18876190222238995,0.18987990613650327,0.1923185514205718,0.19375791016379615,0.194466915456759,0.19290176579059973,0.19256292310069326,0.19330329449844183,0.1975081535329793,0.19875753612082483,0.19888268916543744,0.1963214957952056,0.19333271596722693,0.19364056487381126,0.19353185017579022,0.19522469330001174,0.19472499687681263,0.19643655160177179,0.19801443214531403,0.19917000954053304,0.1973223031717432,0.19798841465762582
394423,360,"Brunswick, GA",msa,GA,,,,,,,,,,,,,,,,,,,,,,,,,,,,,,,,,,,,,,,,,,,,,,,,,,,,,,,,,,,,,,,,,,,,,,,,,,,,,,,,,,,,0.2981621170251495,0.29260036194053335,0.28997822046510663,0.2924292231918338,0.2933944542424674,0.29602707632216757,0.29518351974498713,0.29988391293403405,0.2975636726762134,0.2960869445858103,0.2923426674310921,0.29322557364517965,0.29535183879790416,0.29248943257733234,0.29312171562073847,0.29217483995030896,0.2924496458882438,0.28720033946487195,0.2851751308806193,0.2862683011602061,0.2859367334973834,0.2859464030546346,0.28107827974012034,0.2819192213918298,0.2823525937133827,0.28492965630110123,0.28373981992823805,0.281573394647182,0.2795620721579233,0.28057612663872994,0.2786807432732561,0.27598579602790513,0.2740003953400911,0.2747062449844424,0.27762964691528963,0.2766660141259246,0.2738237163591124,0.2752341642943514,0.27684470624289104,0.27716267841883163,0.2767066362689282,0.27616846749304597,0.2775273368632566,0.277315886355323,0.2780741133950748,0.2768798972646504,0.2763554288072449,0.27543843850050587,0.2758402511272477,0.27286244568093704,0.2706020498475787
395173,361,"Twin Falls, ID",msa,ID,,,,,,,,,,,,,,,,,,,,,,,,,,,,,,,,,,,,,,,,,,,,,,,,,,,,,,,,,,,,,,,,,,,,,,,,,,,,,,,,,,,,,,,,,0.28789343179337784,0.2846246513245947,0.2859358779631991,0.2841385126302043,0.2804107684875633,0.27681933523499924,0.2716861839632698,0.2715033055420714,0.2722696308265193,0.2721223586718772,0.2729839333673439,0.26945269684271367,0.2683949936232283,0.26510194245339275,0.26504946732786283,0.2647799958084969,0.26604491049820544,0.2616696753865594,0.26120093874592226,0.2588258994034661,0.25986600398486,0.2567448967662649,0.25306787266000264,0.24920010271160556,0.24813678104358186,0.24933215310652523,0.24864755649086975,0.2456330831491981,0.24344275411390845,0.24271936469011104,0.2412536004130559,0.241034451195592,0.24001160849900482,0.24066021052011893,0.24033589532142652,0.24208820726642286,0.2412646374258448,0.2404532977498145,0.23905834486253588,0.23988735762982427,0.2398425984224956,0.2411637173489655,0.24148322666636848,0.2408582516781972,0.23987518373687794,0.23950760479286975
753872,361,"California, MD",msa,MD,0.15924442919091528,0.1601594313785354,0.16015532079475223,0.1581107398803125,0.15828016145015472,0.15804421498819404,0.15930942470535567,0.1589000859166525,0.15931203105781488,0.16063905244629292,0.16137657303677225,0.16146665260935839,0.16113435994092765,0.1614644818017823,0.16304759547707015,0.1641286183338671,0.1645931212720821,0.16458094014966268,0.1647437045374708,0.16562940327249948,0.1658724605370822,0.16532034199400672,0.16483593106091166,0.1645207611970619,0.16421902921847376,0.1640687697992225,0.16400376290552512,0.16536883148208087,0.1655207028403967,0.16503592376965773,0.16420246171338698,0.1635558099282448,0.1629356797810463,0.16250582818929898,0.16377705049846566,0.16415692549252928,0.1663199050027099,0.16605970069219309,0.16624491379132017,0.1643337612139679,0.16423067973994102,0.1642279364248626,0.16368583609437065,0.1633494090506419,0.16321861133849916,0.16299400585752463,0.16224155695677547,0.1615296724197329,0.15845056286287573,0.15628171791433915,0.15508954164658306,0.15486493018741376,0.1540911362115705,0.1538932854192928,0.15426074766485712,0.1543409147948835,0.15439464264311978,0.15463191731504505,0.15467147379974863,0.15554081592477556,0.15753079960557395,0.15989163774315684,0.16133015460036487,0.1586618936186718,0.15573060745536793,0.15406027298352618,0.1531275974310118,0.15226458074744287,0.15136923597073165,0.15036861399607002,0.15204881469724993,0.1523259693791369,0.15355183096124939,0.15207159746270016,0.1537275098431105,0.15559863677387414,0.1576484894743371,0.1588092073592558,0.15857595394964466,0.16071983378458318,0.16305105917241608,0.1686777820352832,0.1707126708962237,0.17205832018870648,0.16910203074607535,0.168399437395949,0.16682487160245182,0.16775371326771968,0.16774901668447983,0.16837460366341833,0.17013161805517446,0.17050635237978248,0.17352491230684045,0.17271456049577155,0.17314358264676977,0.1730264283027991,0.17506346675973591,0.17770948262816968,0.17948303616828415,0.18046989096553723,0.18244903657724384,0.18486719330015047,0.18745533447601848,0.18995199776818025,0.1908207885978114,0.19386250267207217,0.19517998332533,0.1976777442528777,0.1983870120463515,0.19955852056010548,0.20096315467018844,0.20075225177036157,0.2025106926114918,0.20135902044738735,0.20179471560606327,0.1991027401545525,0.19888470082170218,0.19945312096399243,0.20071758249948338,0.20340529428139165,0.2044745540630404,0.20507901858901478,0.20511133901560755,0.20607445351180237,0.20515822440724227,0.20630665031173367,0.20592224735194434,0.20815074781937182,0.20874362016835069,0.2082725263971452,0.2078341592295922,0.2057610756003829,0.20441746883040585,0.2028415390424862
394893,364,"Muncie, IN",msa,IN,,,,,,,,,,,,,,,,,,,,,,,,,,,,,,0.15631237782251264,0.15942044389151777,0.16112211985308209,0.16337108105257214,0.16281617644754273,0.16313208464116657,0.16354792312568028,0.16333685354841193,0.16272277530771023,0.16018105709628055,0.16132410440747944,0.16050866099802802,0.16074531034397166,0.1607084628236983,0.16248619036476172,0.16454164343004393,0.16452101365541416,0.1642076447200986,0.16545177409482226,0.16559832966183516,0.16557235125023828,0.16765706658795582,0.16845142021047085,0.1691929741900677,0.1696652629556075,0.16873965974792876,0.16641879036954332,0.16477391015835713,0.16527440261721132,0.16538115905891626,0.16403790965100343,0.16360448177090808,0.1636442616405003,0.16374935089914916,0.16084491302048948,0.1605117353765921,0.1609770032742389,0.16449256060064835,0.16545770980021007,0.16670442987002118,0.16599341149567406,0.1677956045174885,0.16726453835141036,0.16920558858998924,0.16739330961722426,0.16906975742616004,0.17005232975995924,0.1695945051739143,0.17080437758453107,0.16953085802479073,0.16995005871844823,0.1740828830623181,0.1793703468754781,0.18382673433588032,0.18125691048534653,0.17637928726922164,0.17643628233230377,0.17615585178316193,0.17958008069238454,0.17956879444601878,0.18131292565522875,0.17915162340096757,0.1806942465355017,0.17905428219645053,0.17946660894967909,0.1787625061223311,0.18104726070739896,0.18405962877382204,0.18585545570241108,0.18691550818309494,0.18513139902206108,0.1834857990824345,0.1826666162096241,0.1864345037191507,0.18780751722069136,0.18949335176083365,0.1883873401862684,0.18869975205241749,0.18961610757635614,0.1914289501230506,0.19327189458645494,0.19460244935913323,0.1936803614748848,0.19426712522731449,0.1957020719505697,0.19858894248690734,0.19984040646953402,0.2007703948311723,0.2024035975949852,0.204796682552382,0.20668346872290258,0.20673265020646447,0.2061566955361212,0.20591034668534416,0.20798070541838934,0.20968003084546966,0.21045772137522256,0.20864687774654198,0.20858658854950765,0.20953308720497543,0.2108842821183984,0.21113784375791647,0.21076890334463166,0.21052480750652225,0.21079168969459605
394857,365,"Michigan City, IN",msa,IN,,,,,,,,,,,,,,,,,,,,,,,,,,,,,,,,,,,,,,,,,,,,,,,,,,,,,,,,,,,,,,,,,,,,,,,,,,,,,,,,,,,,,0.18085282732525224,0.1789842345676655,0.17662728987727572,0.17620473250160476,0.17723150995549297,0.18176693873492558,0.18418951936581418,0.18650389134693782,0.18590756534796327,0.18749725159977226,0.18959764886448366,0.19191813588737558,0.1910587193828457,,0.18974025118390844,0.1912228234907987,0.1909311432458203,0.19067845340243544,0.19227119094588052,0.1932957296133768,0.19539234916456621,0.19376739741703408,0.1913901758467025,0.1906908095201792,0.19490274649099376,0.19667179740740331,0.1980112911440519,0.19768735996640843,0.19756431665441965,0.19724305579304877,0.19748284803462132,0.20042529006801493,0.2006428706095192,0.20248974600175074,0.20091953086299078,0.20140493095996156,0.20025143247526317,0.2043520180584403,0.20582030013460859,0.20643548261255246,0.2074273917028149,0.2082633865608377,0.20812006301186556,0.20618622104075213,0.20640797966612046,0.2066686401032968,0.20966670128761075,0.2100230078527442,0.20933506280027303,0.20538862997726567
394788,367,"Lewiston, ME",msa,ME,,,,,,,,,,,,,,,,,,,,,,,,,,,,,,,,,,,,,,,,,,,,,,,,,,,,,,,,,,,,,,,,,,,,,,,,,,,,,,,,,,,,,,,,,,,,,,,0.2371603145070112,0.23832910424931167,0.2347948309359757,0.2367905419198916,0.23768600498817405,0.24227384799388324,0.2412271829852183,0.24064328147655284,0.23629210768601422,0.23716879632730797,0.24095416818520743,0.2451044346745237,0.24659379071040738,,0.23942169037478855,0.24014252597155739,0.2440420416470232,0.24418809000230138,0.246384879335399,0.2448818350277936,0.24559258967761965,0.2468333018691653,0.2474898181527912,0.24763600961354693,0.24661990557324354,0.24668685904837687,0.24900535547572938,0.25362937152748105,0.2517384064184681,0.2503441516556285,0.24918748827399784,0.25166390943783756,0.25381829729763405,0.2534696141692842,0.2521511645487745,0.25064510258149664,0.25139224499427987,0.25424892339987326,0.25353474580045776,0.2490707965797954
394804,368,"Longview, WA",msa,WA,,,,,,,,,,,,,,,,,,,,,,,,,,,,,,,,,,,,,,,,,,,,,,,,,,,,,,,,,,,,,,,,,,,,,,,,,,,,,,,,,,,,,,0.2092511882506524,0.21021694024921,0.21135325572013017,0.214609529200884,0.21839323159829624,0.21914312508570657,0.2183191111265531,0.21718273466226623,0.21479909269720635,0.21605845698361026,0.21336385509409186,0.21249498023600524,0.21294065933290612,0.21209665317121226,0.2102040813001724,0.20869259995399198,0.20879198897949952,0.20953620664695574,0.208259831711475,0.20774157526938508,0.20748140518874944,0.20751305288446262,0.2073608603517032,0.20468992014754173,0.2040748000207975,0.20253179741274022,0.20429591932943558,0.20301665239064978,0.20314792449244706,0.2013451975485281,0.20044818545889587,0.20123454816339598,0.20481562222507144,0.207878806630639,0.20718172581382321,0.2075634600179105,0.20560367133086027,0.2065719514478807,0.20537534146790076,0.20596341549922215,0.20515006731445154,0.20606585331852453,0.2074265457648301,0.20728024401870063,0.2051157535723405,0.2026574859725696,0.20356097432187986,0.2045770651446578,0.20621346487180806
394734,370,"Kankakee, IL",msa,IL,,,,,,,,,,,,,,,,,,,,,,,,,,,,,,,,,,,,,,,,,,,,,,,,,,,,,,,,,,,,,,,,,,,,,,,,,,,0.19448910836449912,0.19684654323403267,0.19914089461072954,0.19865678538433945,0.19967699563135863,0.1972495664780821,0.19728861285510735,0.1968443029566041,0.19686589645654934,0.19717643679018132,0.19860169658024962,0.19969154116114865,0.2039133590532294,0.20422024821461568,0.2057827270619035,0.2036779126945013,0.20433685295562823,0.2045735013520508,0.204345432997056,0.20489719268697482,0.206284737508032,0.20627645993493024,0.20510521152645078,0.20436651597809902,0.20219045642439684,0.20287097890007685,0.20045066942887443,0.20113950421902116,0.20027746334649757,0.20173446942818626,0.20242248366532636,0.20273917155432206,0.20193581318964035,0.20343929619818005,0.2027644942484166,0.2032271678991804,0.20036986962679154,0.20092941234169118,0.20169861001874334,0.20296500712841356,0.2030451882353919,0.2002661874524149,0.19977475554809654,0.2005325766450149,0.20481438292891027,0.20335776735816788,0.2045546843428756,0.20193033841396052,0.20436588722929727,0.2035140769817867,0.20372751046442325,0.20315482622579314,0.20366192646446138,0.2053376710678586,0.20567035604129166,0.20504003618435615,0.20202792497306973,0.20253234492294778,0.20258053404472487,0.20486635427524374
394709,376,"Ithaca, NY",msa,NY,,,,,,,,,,,,,,,,,,,,,,,,,,,,,,,,,,,,,,,,,,,,,,,,,0.2856376658971648,0.28226127004591023,0.28408089461244257,0.276865591174569,0.2696229167712063,0.2702754217273425,0.2765832519932667,0.28099489355751794,0.2831519359332346,0.27718085536056586,0.2788754077561787,0.27458407945459723,0.27755322250288367,0.2800380635070829,0.2873414940710175,0.28433446338996005,0.27547307894897216,0.2752159520562892,0.27338683064131547,0.27496670139691776,0.27694069188325715,0.27804138841859494,0.2803493975124982,0.27180899897310834,0.26550252038283606,0.2558223124684195,0.2583951023753025,0.258658866096055,0.2662916228471245,0.26499075872619143,0.26689315195306695,0.2689023133584107,0.2712385170133893,0.27943847047259407,0.27986737904356,0.2873101727300627,0.28869471194820495,0.29603112543638666,0.30231432567401845,0.3082658415137379,0.3109855918863313,0.3109740588296119,0.3054696785667666,0.297619422997551,0.29368280893309984,0.2934898824074194,0.29975961602246987,0.30729360142175666,0.31127651998968786,0.3135978202542145,0.30871512409324076,0.30600422951143297,0.30087129389174294,0.30288301466202455,0.30801690177960683,0.31318337519803435,0.31208022995467377,0.30856175385843415,0.3085721178179347,0.3100467888860784,0.31218246492676976,0.3109935272277206,0.31104756535178807,0.30784340019036255,0.3101534815115447,0.31024489987428555,0.3147702557135304,0.3142426803424205,0.3165859577191933,0.3175382778554205,0.31726758793884885,0.31544216221557964,0.3102507951491067,0.3112342254843671,0.3126727560073028,0.3155641904448673,0.3158283430919085,0.31533307802941657,0.3108300903567496,0.310583970366251,0.3105843037189035,0.31187014295114884,0.31137168696575335,0.3109234686975447,0.31335350936009,0.31286159540716707
394637,377,"Grand Forks, ND",msa,MN,,,,,,,,,,,,,,,,,,,,,,,,,,,,,,,,,,,,0.19998913619286413,0.1973922007307891,0.19552180439039182,0.1923342286890356,0.19197462008077656,0.18975832290534192,0.18868254915053823,0.18737131409809848,0.18683011543634898,0.18630237343736497,0.18478419350357972,0.18227990381089287,0.18031380980265083,0.18080539913122776,0.18012711781025736,0.18137523948799492,0.181669321713241,0.18345538167896544,0.18332249972744125,0.18205746478011706,0.18067766426207615,0.18045821952563026,0.18219995716603318,0.18369296209982508,0.1852288961653982,0.18605107283371966,0.18683127805885244,0.18272565672637936,0.17941744229116688,0.17753500925340635,0.1770063311602836,0.17614035090798183,0.17648076785195413,0.1780273394416737,0.1794960209663401,0.1779003992422933,0.17623543453686047,0.17632559427589997,0.1778762440188006,0.17781450040126623,0.17695305047685664,0.17628347653847867,0.1754254585475271,0.17466984678482822,0.17412605514819904,0.174198258406552,0.17428639203682894,0.1759962851742974,0.17546065790800117,0.17397165417097776,0.1716974776864047,0.170350643909076,0.1702512068648443,0.16905899798503135,0.16783617201936935,0.16664066068186115,0.16566370481510045,0.16576870165168398,0.16625067251636721,0.16610080797723248,0.16719384921359812,0.16696194005314643,0.1671100655779992,0.16679259004912944,0.16714691763223152,0.16849340075167515,0.16960599932610415,0.1709406563179874,0.1708441332948436,0.1710641919897079,0.17120753627733695,0.17243600028010977,0.17204694882210556,0.17277539225107635,0.17318724369406688,0.17511947204313344,0.17583442865614327,0.176557933406888,0.17753313047841737,0.17801791656282004,0.17945489926716252,0.17924182928566673,0.18025775682332615,0.1817340770547684,0.1833557131998334,0.18316557253739935,0.18380882218956407,0.18379822557684478,0.18416792675205104,0.18433348694356555,0.18459709140841438,0.1852078355413029,0.18581506600179085,0.18746545072877224,0.18818333806602494,0.18811829120023155,0.18863053308211156,0.19038752881720628,0.19166895328856898
394524,378,"Decatur, IL",msa,IL,,,,,,,,,,,,,,,,,,,,,,,,,,,,,,,,,,,,,,,,,,,,,,,,,,,,,,,,,,,,,,,,,,,,,,,,,,,,,,,,,,,,,,,,,,,,,,,,,0.1879393353518736,0.18378116383524912,0.18152552681063414,0.17847791806184624,0.1831347347603512,0.18313602784713828,0.18537189870859203,0.18366930295996747,0.1856672202943222,0.1853154132099724,0.18602308390242706,0.18276601284342633,0.184338148476796,0.1844741059810271,0.18788534619377734,0.19378325133914626,0.19438387882330022,0.19601199530039623,0.1891540530136304,0.19132554589498807,0.18963721262722166,0.19447140647613984,0.19773560496647083,0.20087116801153423,0.1971885617648625,0.2008787203720823,0.20082535614369434,0.19997690315551875,0.19914685712227673,0.1995572976863852,0.20392413472405943,0.20450904868013484,0.20738423742389092,0.20590537108227758,0.20525374554633935,0.20599073992243014,0.20983933651120343,0.20961673043033768
394369,380,"Bay City, MI",msa,MI,,,,,,,,,,,,,,,,,,,,,,,,,,,,,,,,,,,,,,,,,,,,,,,,,,,,,,,,,,,,,,,,,,,,,,,,,,,,,,,,,,,,,,,,,0.23955283167084399,0.23079187296554957,0.23384254384114722,0.2332880649458043,0.23428406764409446,0.22988451206011765,0.2297314672576879,0.23070284788272888,0.229545953327537,0.2287375105018026,0.22585935135832771,0.2278329046035863,0.22598006246206623,0.2280942627216062,0.2246028777218268,0.22463263553008803,0.21885732684155543,0.2172720765555711,0.2148582701999107,0.21928749753450763,0.2221961159018405,0.22629363146758513,0.22561336446717428,0.22516312714260683,0.2236268448261379,0.22193057962524282,0.2201952162156958,0.21641515268263165,0.2185016044281961,0.22409387770011288,0.2282003986179977,0.22649960130455077,0.2226426171880431,0.21930120420722576,0.21954503454856283,0.2184810711046467,0.21931964766223713,0.22089302313591339,0.22318038309642507,0.22583022072970474,0.22658302166999442,0.2235833312313357,0.22149613147975117,0.220248534055932,0.22185344567393186,0.22270671614799978
394599,381,"Fond du Lac, WI",msa,WI,,,,,,,,,,,,,,,,,,,,,,,,,,,,,,,,,,,,,,,,,,,,,,,,,,,,,,,,,,,,,,,,,,,,,,,,,,,,,,,,,,,,,,0.13511043465506423,0.13825608230563402,0.1381610436083516,0.1399920497887027,0.13830541241749134,0.137246918440048,,0.13823782170570262,,0.14080028403899897,0.14150815515328585,0.14167035161957375,0.14179454145956563,0.1427687301838,0.1439308875085981,0.14590833105456028,0.14586502654108785,0.14655599820364032,0.14638423984853413,0.1468777289784586,0.14803055308981278,0.14771866528561958,0.1468625804193869,0.14678703142888608,0.14670581299981944,0.14882436160316254,0.148457693833697,0.14754341455605605,0.14994382578655838,0.15351585605384385,0.15634371139174644,0.15621272729768498,0.1567925260237672,0.15743877902434714,0.15876195867945833,0.1578326141539879,0.15683400184115337,0.1548836680069396,0.15545990736574636,0.15589807321354357,0.15564679993248087,0.1542306099139523,0.1537450404480919,0.15511498980176022,0.15601594692504941,0.1573008198260586,0.15876599550597342,0.1615021711681851,0.16459806953911738
394630,382,"Gettysburg, PA",msa,PA,,,,,,,,,,,,,,,,,,,,,,,,,,,,,,,,,,,,,,,,,,,,,,,,,,,,,,,,,,,,,,,,,,,,,,,,,,,,,,,,,,,,,0.17189294727119,0.17246046658037123,0.1713253556579979,0.1684416966479792,0.16876910684558719,0.16971686267263547,,0.1659668030414064,0.1664427781175701,,0.16710609013841815,0.1656760573898225,,0.1631066565935311,0.16327328538022567,0.16526887258017803,0.1653635958554706,0.16386812748645938,0.16473641525713834,0.16554129000378404,0.16306361920889276,0.1630726533781188,0.16285187877250235,0.16585340765284076,0.16462564793642895,0.16524988541228003,0.1687935952316361,0.16668038791814083,0.16414828756578403,0.1613900184341681,0.16228597656113383,0.16147834986275333,0.16147413720271778,0.1602139186401518,0.16035885891315876,0.1622355324952959,0.1613288965210513,0.16073385967784273,0.15801734975265788,0.1586111026940107,0.1599507564391055,0.1620170352635057,0.1605632478245407,0.1608035418466584,0.1612043018382956,0.16120811637448204,0.1606345530790768,0.15743261250283927,0.15880809890838024,0.1581956624227364
394823,386,"Mankato, MN",msa,MN,,,,,,,,,,,,,,,,,,,,,,,,,,,,,,,,,,,,,,,,,,,,,,,,,,,,,,,,,,,,,,,,,,,,,,,,,,,,,,,,,,,,,,,,,,,,,,,0.1778700337241091,0.17962260485531845,0.18367324013357353,0.18361263880021017,0.18317531776645984,0.1835018944950604,0.1815893915902655,0.18059919689742449,0.17943498909825806,0.18317146341530216,0.18389771441038655,0.18596009372305478,0.1845858814270414,0.18396558153243817,0.18252083949982598,0.18288891038854171,0.1827128123452468,0.18363771292923647,0.18362481724830224,0.18475918466928362,0.18403210372166331,0.178693272180761,0.18023890500253376,0.18199272016843077,0.18919092271765717,0.18692066832769108,0.18720197387783452,0.18727924406123536,0.188379159466024,0.1885025968601855,0.19010557777071654,0.19102922723337548,0.19322536855910094,0.19688960942725284,0.1963920318981659,0.19625451390792767,0.19277609078425656,0.19630936002561686,0.19763944347447135,0.19901814333324228
394794,387,"Lima, OH",msa,OH,,,,,,,,,,,,,,,,,,,,,,,,,,,,,,,,,,,,,,,,,,,,,,,,,,,,,,,,,,,,,,,,,,,,,,,,,,,,,,,,,,,,,,,,,,,,,,,,,,,,,,,,,,,,,,,,,,0.17796970074975355,0.17922184892192627,0.18001064430162914,0.18447173730337257,0.1827333933957242,0.18343036396523085,0.17862646179269986,0.17917401825448123,0.17840721962050501,0.1795867445008298,0.18139938092732744,0.18389778234301418,0.18598457209154753,0.18712466487677387,0.18803137635343475,0.18597096459774262,0.1870075298091962,0.18616292318501101,0.19097221833884326,0.19212662500690522,0.196111519068923
395080,390,"Sebring, FL",msa,FL,,,,,,,,,,,,,,,,,,,,,,,,,,,,,,,,,,0.27446825480129106,0.26802219267477023,0.2656912099977435,0.2614940321798133,0.27258638198177526,0.2745848125511038,0.2796532225547501,0.2749690227030469,0.27200767442022533,0.27028834240885047,0.269130760640171,0.2636444525665605,0.2613521200925662,0.26176546996449473,0.265524367454787,0.2638092093713209,0.25731759432275936,0.2549884094043337,0.252607897149109,0.25161141338460313,0.2544394488909404,0.25491998225650847,0.2563537091185718,0.25775634390035496,0.2592284959553432,0.2599086651213454,0.25728698434306463,0.257942868619643,0.2590187993953408,0.2586792514213964,0.25486699616941877,0.2525784808582131,0.2504486107776725,0.2535040970280203,0.2524585677117309,0.2590704614162803,0.26148957165545345,0.26432756350985515,0.2649056084530494,0.26411932271892313,0.2675965623801662,0.27270951129551974,0.2767361200111435,0.2779654239634807,0.27956158247593843,0.2796804885367779,0.28240086538406056,0.2891114789283528,0.29729188491909214,0.3052097298921961,0.3063046248978977,0.31068722313964653,0.31307340022995145,0.3162900808591227,0.31746265601509205,0.324469422676122,0.32604950160718105,0.3286317036273865,0.3281824480167507,0.3248737683972167,0.32651834319699624,0.3266487201545647,0.3312393949411086,0.3296503419808524,0.32845176214887256,0.32560845225362994,0.32859769110258463,0.3268253057402003,0.3271687651857229,0.3253548429747226,0.324755135164209,0.32600300982383806,0.3234331282378872,0.3241942644256031,0.32200586335161907,0.3210715826445328,0.318971054763734,0.3165235019896868,0.31488771151528405,0.31475459739712836,0.31555874342891616,0.3164802279580554,0.31580035431071074,0.31367597373940126,0.3134412958537973,0.3122090535397839,0.31198686736361375,0.31167925537720514,0.31276937720974574,0.3143323737264144,0.31287560724569313,0.31137304176754443,0.3094494663403785,0.3082376571326059,0.3079956790297796,0.3086400256811944,0.30859109779170446,0.3079751985347812,0.30705307911574853,0.30663550674195167,0.3056205071885126
394462,391,"Cheyenne, WY",msa,WY,0.19155557405297033,0.19131266179628775,0.19218863421130003,0.1940822038846531,0.19651109162763716,0.19612103217275179,0.1977961097571885,0.19752053928966226,0.19698009257971677,0.19435255734820023,0.19430719201771468,0.1926557105067889,0.19374189163819514,0.19468783486466176,0.19617230989442944,0.1957554589593689,0.19413534367368654,0.194344709691048,0.19431104815365682,0.1946023011055115,0.19565325876747952,0.19609218538787096,0.1963221438977479,0.1958959887018375,0.19572808985241863,0.1958079892497725,0.19529317989185382,0.19485403210568203,0.1938346972265049,0.19290308217718963,0.19050128936984717,0.19020473395178897,0.1883301993989208,0.18913152813729905,0.18870226476845667,0.189897538264106,0.18929561926593083,0.18901452060998206,0.18785295795382617,0.1871716399549872,0.1870122178186106,0.18684817120926484,0.18812853182307765,0.1873227967410489,0.18799167658430513,0.18669670214295436,0.18742001026499608,0.18661722130728078,0.18682139232055822,0.1853204950091644,0.1855817181437524,0.18574402054881126,0.18611643742691647,0.1867289523169017,0.18703983878794098,0.18808821138038626,0.18927776850582395,0.19103447295330642,0.19181424612461073,0.19287137903324642,0.1938761947381034,0.1959625344700527,0.19654859922354223,0.19492805176399033,0.19343413216590727,0.19415421073520508,0.19531761375661577,0.196988627826375,0.1986017219104602,0.20060093248351243,0.20314390851902986,0.205783248409555,0.20449340491161463,0.20296611138584875,0.2022758264931383,0.20402560995516972,0.2054623649233591,0.20571078383125488,0.20727326450569017,0.20799598711276532,0.21274726211042655,0.2165160165383831,0.21976499156180368,0.21922994807530227,0.21818689591935583,0.21960344512562358,0.2197059776668212,0.22145012713127912,0.22201147971312313,0.22234345178179277,0.22077731551739863,0.22029687379161753,0.21809448397589754,0.21682755225490266,0.21482943967886456,0.21267284168764014,0.21327123752069665,0.21182979945475136,0.21309101740185463,0.210597369274677,0.20957223156503937,0.20840894526408998,0.2081917958641269,0.20847902308175045,0.20745901203731537,0.20692203339949422,0.20560352468263546,0.2068717747977322,0.20614130890239024,0.20595047494471555,0.20416300610306448,0.20232532469830466,0.20095084469231064,0.19954291354296305,0.19921726825660702,0.19915302496946286,0.19902225555620473,0.1983329596634545,0.19797827503263726,0.19686959556413441,0.19642446235024869,0.197554666722809,0.19769520819439945,0.19903900359541032,0.19965751674533633,0.20068402300743013,0.2008024240910064,0.2002450735039647,0.20037528564248194,0.20054699855263375,0.20097346769513305,0.2009652627802179,0.2014644722275132,0.20080580712742988
394689,392,"Hot Springs, AR",msa,AR,,,,,,,,,,,,,,,,,,,,,,,,,,,,,,,,,,,,,,,,,,,,,,,,,,,,,,,,,,,,,,,,,,,,,,,,,,,,,,0.23618904101203592,0.2352650373355454,0.23181870940229865,0.2304435136020199,0.2370913849080383,0.24888873851741286,0.2526288106043797,0.24523143657421978,0.24278610266253256,0.2470938651820425,0.25137885824203704,0.24905689848255988,0.24952851388957586,0.24929167191874174,0.25222334720441386,0.2515094994996165,0.2487878914745589,0.242145853524541,0.24205799975549616,0.24786069535314129,0.24854126268683335,0.24411160711660318,0.23620508756564124,0.2373410884224362,0.2382529663445964,0.23956223355835518,0.2386381210308714,0.24003800536277292,0.24171214773500752,0.24195484869326442,0.24025742817580853,0.2381227554618847,0.23875229774473894,0.239257110378194,0.24121678970354107,0.23992887120281112,0.23874744596432074,0.23597604444178838,0.23358339684692905,0.23338229719982925,0.23541203476843056,0.2335107176135355,0.23218169333093133,0.23130055999079552,0.23094179250744237,0.2310687207862131,0.2314808180298814,0.23140016323491366,0.23084190835065763,0.2314193542927732,0.23225198063747057,0.2314953403915676,0.22912984071723114,0.23082659241403128,0.23159024145654827,0.2320985711838494,0.2318087677509253
394542,396,"Dubuque, IA",msa,IA,,,,,,,,,,,,,,,,,,,,,,,,,,,,,,,,,,,,,,,,,,,,,,,,,,,,,,,,,,,,,,,,,,,,,,,,,,,,,,,,,,,,0.14396530715724842,0.14455039640241377,0.14576891899055017,0.14554813944238928,0.1443667391856714,0.14322154896415348,0.14530607733920464,0.14567106827931722,0.1449740172086038,0.1433310351304599,0.14303691714245517,0.14346929926923804,0.14288087132022134,0.14399048959371197,0.14303168857082751,0.14407670531753827,0.1464175189530564,0.14934969135379206,0.14772965767293528,0.14672004524827686,0.14643134008372674,0.14953556804261536,0.148725232818294,0.15079514018381168,0.15067619448178687,0.15271001891852765,0.15220522135820239,0.1523674580538934,0.15062793945075353,0.14916851329544345,0.1485065253942865,0.1470108394974225,0.14637805145736207,0.14589908579171731,0.14916986265244472,0.15039768963059447,0.15127894538658268,0.1484420582112269,0.14756242799097474,0.14741570363760104,0.14811669252831505,0.1483622268713673,0.1493862213059378,0.15104432453183544,0.1519083075135879,0.1514678354034118,0.14976735216311074,0.14821083079241917,0.14801572470082167,0.14941287974278664,0.1509884730634201
753912,398,"Pinehurst, NC",msa,NC,,,,0.2609672836688194,0.2561908915283061,0.2570391915487586,0.2557826353627288,0.25706717538704704,0.2560633979857904,0.2532752793382455,0.254387522578242,0.2510281467421953,0.2502462584824708,0.24463480972249257,0.24403489986945895,0.24123709750042913,0.24037338701453678,0.23741769176503308,0.23656864272549802,0.2395429431250769,0.24190939346234064,0.24223432595373462,0.23855173601979987,0.2389940267369362,0.23662651412726252,0.23780153651018276,0.2328829191033356,0.23259768641847464,0.23249610342020996,0.23412502378059194,0.2349690320388544,0.2332094012789742,0.23230932471637594,0.23100756913339676,0.23069936884590414,0.23186358230993587,0.23202122352518656,0.23200855683954894,0.23149895997212858,0.23031658168462799,0.22971052291568878,0.22917243214328067,0.22896925882587518,0.2292918752972042,0.22812495628605167,0.22652578385960778,0.226356810548129,0.22674150363835147,0.22609597471338874,0.2261684755010147,0.2277063782108123,0.22800678205909786,0.2277389027322521,0.2274222668446994,0.2270124497608165,0.22669692039733216,0.22773846963425262,0.22983611993661657,0.2310672215879338,0.2303804886806178,0.23137946986437782,0.23105361857493567,0.23247684176459318,0.22753080040157755,0.22557469563533658,0.22414170093587044,0.22720948307400035,0.22708704920317443,0.2253290618418968,0.22561071023007817,0.22725252702646215,0.22687342597194315,0.2262489198035665,0.22560075911375926,0.2207994480048398,0.22123052047115682,0.2236015797583395,0.23069811906760573,0.2310297533221547,0.23176757382395394,0.2397513074112721,0.24588443578457128,0.2475567426638209,0.2485702955323247,0.2466556266065016,0.24844122316766107,0.25064097791053347,0.2551651439642615,0.2577732284480554,0.2555917730400381,0.25587373115881584,0.25503718705462297,0.2542448458554218,0.25210896295857443,0.2544753362956356,0.25286795109228977,0.2538550253252409,0.25305734734179586,0.25625868875856495,0.25745534461711966,0.25522933836639083,0.25388125042143317,0.251020747288106,0.25367455094873526,0.25348317063211656,0.2561324208701812,0.25465844487943723,0.25529448985421,0.254555825132497,0.25407615628083874,0.25181069131576345,0.2506418360899619,0.24975324173166044,0.24948182864857435,0.24927171868599243,0.24958206724654003,0.24864561835211643,0.2474007925306156,0.24495917500497114,0.24497769439371153,0.24501664016661773,0.24536821196150813,0.2444532440931194,0.2429653927489285,0.24305449418685574,0.24311498104531723,0.2435142892975007,0.24122074237149332,0.24137900513363308,0.2408213134502883,0.2421459546691639,0.24107326993665498,0.24017551923830405,0.23916269064921528
394953,399,"Paducah, KY",msa,KY,,,,,,,,,,,,,,,,,,,,,,,,,,,,,,,,,,,,,,,,,,,,,,,,,,,,,,,,,,,,,,,,,,,,,,,,,,,,,,,,,,,,,,,,,,,,,,,,,,,,,,,,,,,,,,,,,,,,,,,,0.20403177174591625,0.2079773805927385,0.20577201544260137,0.20564651272341,0.20517182094352387,0.20825602978045324,0.20417339195621734,0.20318196116281875,0.20383879662805518,0.2063966806140148,0.21040196112327092,0.21249326846802216,0.21408018130649112,0.2145029010776799,0.21745749572288
395190,400,"Victoria, TX",msa,TX,,,,,,,,,,,,,,,,,,,,,,,,,,,,,,,,,,,,,,,,,,,,,,,,,,,,,,,,,,,,,,,,,,,,,,,,,,,,,,,,,,,,,,,0.20586034994706065,0.20370250266243764,0.2005398776709797,0.19889105170485188,0.19784771132444512,0.197509764921536,0.19606805222226512,0.19481407346478474,0.1916542983674192,0.19367886668541695,0.19488684369432174,0.19626674672790587,0.19240687905427936,0.18956968626290163,0.1889753682435656,0.18932039679089913,0.19093718470713184,0.18980732906640765,0.1904931909938832,0.19160479306848346,0.19656947458753168,0.19790785318004347,0.19899591903783978,0.19893152412163415,0.2010976105284032,0.20405645243756956,0.20593491497760458,0.20625036593521798,0.2080037802383287,0.21211759851174394,0.21382256419540532,0.21152692095322262,0.21010325021345597,0.21060885464809634,0.21285713903837702,0.21342344815119055,0.21436306863720067,0.21446437961865913,0.21452028130691353,0.21511265331388935,0.21378481362971993,0.21190847034845045,0.21150203894500588,0.21368363753735545,0.21359750229464325,0.21249055374136677,0.21001975395795403,0.2092052762464067
395038,401,"Rome, GA",msa,GA,,,,,,,,,,,,,,,,,,,,,,,,,,,,,,,,,,,,,,,,,,,,,,,,,,,,,,,,,,,,,,,,,,,,,,,,,,,,,,,,,,,,,,,,,,0.20026076785047195,0.20295497652437833,0.20259291668749918,0.19968774367253497,0.20181383237366865,0.20363320902644516,0.2058381722266615,0.20494875588591766,0.20366347676517815,0.20532605086303224,0.20344013567026617,0.20446947463623175,0.201617730200189,0.2038162875902587,0.20527052780192886,0.2064165233463698,0.20412819152575348,0.20426855146686967,0.20380903980899218,0.20466210932416157,0.2040406913164457,0.20398806954973364,0.2039555851803446,0.20357414765877288,0.20027548192070974,0.20088165977753797,0.19879207107624736,0.20081999848886756,0.20173329503716636,0.2040891818397945,0.2055463853516549,0.20484027790893825,0.20413848782252533,0.20410681003200992,0.20463441039960534,0.2043885940435159,0.20703179795498955,0.2053529426660368,0.20643058561550426,0.20501786705704955,0.20494706301524152,0.20272259284128913,0.2013596988064754,0.2015683862844761,0.2023092634063814
394441,405,"Cape Girardeau, MO",msa,MO,,,,,,,,,,,,,,,,,,,,,,,,,,,,,,,,,,,,,,,,,,,,,,,,,,,,,,,,,,,,,,,,,,,,,,,,,,,,,,,,,,,,,,,,,0.15858566456286236,0.15900354195048286,,0.16055177784236518,0.16273201292588485,0.16414975131129983,0.16731679520520995,0.1670480928510593,0.16506255684133844,0.16451021123765358,0.16802795635875872,0.16886307336166403,0.17009236196373742,0.16736303512306422,0.1691807673100824,0.1701859023704376,0.16967364253885778,0.16898154585806657,0.16898324929657216,0.17082196141202063,0.17192119862801872,0.17140820126882536,0.17075130723003135,0.17135129586587558,0.17067346151593502,0.1725727819748221,0.17208440876029082,0.17373127663132157,0.1755441204744446,0.17721824139433545,0.17707268578887958,0.17647375827922734,0.1775034582523306,0.17929590607994564,0.17928239611416782,0.17938841829910193,0.18009778739463225,0.18070625532571782,0.18074688038158693,0.1797500363483978,0.17926011847981296,0.17916921732050128,0.17982034080036843,0.1803384296379987,0.17957639199637604,0.1786372975988026
394580,407,"Fairbanks, AK",msa,AK,,,,,,,,,,,,,,,,,,,,,,,,,,,,,,,,,,,,,,,,,,,,,,,,,,,,,,,,,,,,,,,,,,,,,,,,,,,,,0.22462235452101723,0.2297856397506548,0.22978028755266194,,0.23310903400972705,0.2363635061940794,0.24010193303450397,0.24318966791417299,0.24382444483055926,0.24351892661952818,0.24122532014116443,0.24283847203981024,0.2441320893542408,0.24637886795063102,0.24501353546754664,0.24315368121260594,0.24028047589087279,0.23911884542369977,0.238173780795917,0.23730937801291319,0.23802182903218225,0.24320298011144603,0.24577963101960384,0.24640825097239846,0.24152801060601808,0.23751284932183908,0.23726526976111256,0.2382471441204602,0.23814583625289018,0.2379438014653956,0.23623154667734927,0.2376110743580209,0.23772868130492236,0.2342872445143347,0.23487574744034145,0.23217900727770668,0.23453759331053822,0.23307030661904754,0.233846148639021,0.23453111031856227,0.23460173805949391,0.234611665258455,0.23505810857282775,0.23306431653289825,0.23350898651532992,0.23195906751262263,0.23024548445696608,0.2308981809134888,0.2302912177468276,0.23210818143119358,0.23141388840243798,0.23025564282707905,0.23035969613450527,0.23021891215648027,0.23044901353187547,0.23122029296986574,0.23097033048754467,0.23307220215364596
394513,409,"Cumberland, MD",msa,MD,,,,,,,,,,,,,,,,,,,,,,,,,,,,,,,,,,,,,,,,,,,,,,,,,,,,,,,,,,,,,,,,,,,,,,,,,,,,,,,,,,,,,,,,,,,,,,,,,0.17633056151595022,,0.18038821868823451,0.18046303164177743,0.18198309416716274,0.18272800581506596,0.18055262351723325,0.17827114279523576,0.17899172569823155,0.18154250485810175,0.18431401029310399,0.1831123470241353,0.18551443761495254,0.18605048275349018,0.18641465020967493,0.18654958951959505,0.1872985145517917,0.189030594075578,0.18872832861603012,0.18966276296473014,0.18948785026550116,0.18725580613462622,0.19155901483378385,0.19479269995237578,0.19666032955232438,0.19218714357776076,0.19220033243877183,0.19252939247218645,0.19301708734500608,0.19272317442159909,0.19530937848560365,0.19590490627791374,0.19625660196240477,0.19745818541731597,0.19442840641288583,0.19346133322372425,0.1913494081176208,0.19429249550703054
394928,410,"Ocean City, NJ",msa,NJ,,,,,,,,,,,,,,,,,,,,,,,,,,,,,,,,,,,,,,,,,,,,,,,,,,,,,,,,,,,,,,,,,,,,,,,,,,,,,,,,,,,,,,,,,,,,,,,,,,,,,,,,,,,,,,,,,,,,,,,,,0.2679878647084088,0.2599156713296398,0.2565825627032739,0.25238942544713866,0.2573303521863306,0.2646870709587867,0.2638946182384657,0.2660487972386198,0.2680321413509667,0.26930507663015846,0.2688244335952726,0.268215399773335,0.2780221060252053,0.28686095983057613
394505,411,"Corvallis, OR",msa,OR,0.24823174261276124,0.24896112689462666,0.25234756050724644,0.25434522760374845,0.2525871055522857,0.25129685161022147,0.24881108583054407,0.24902958259416366,0.2491936596109776,0.24898678837042673,0.24710005472284294,0.2469583716704723,0.24929283974931346,0.25315575040296734,0.2535281060211399,0.24981275336824887,0.2493665461124082,0.24990539965248845,0.2525996372803598,0.25290599170694805,0.25170815214967107,0.25158783900186193,0.25488555507459193,0.2560493586215106,0.2554916533595213,0.25174907889422415,0.2511751961885222,0.2512865778613481,0.25067854398101314,0.2493200098161004,0.2486441666350175,0.247957392778752,0.24925105483176366,0.2500039707851704,0.24782302494144112,0.24483378093514765,0.2433171092631778,0.2435970046813854,0.2443629491152508,0.2426924758722659,0.24277547656630882,0.24298214069607402,0.242848719545315,0.24156536667425554,0.24096330217938502,0.24283453267934377,0.24363373767229152,0.24567723353879356,0.24362881219077745,0.24297308352570632,0.24193405710402333,0.24307166250799786,0.24290849871776268,0.24352389900226074,0.2438707538343031,0.24562342190898095,0.24708027865114618,0.24688465635459295,0.24829750791465938,0.24927149384413472,0.25295250434102484,0.25499952440825097,0.2516866803653535,0.24820252188630645,0.24422197173245397,0.24439103538750162,0.24431341227730508,0.24554430681047093,0.24726951447791973,0.24697942508609208,0.24900961394923643,0.24714671418759102,0.25108100612753487,0.25049110928417634,0.25650675008784124,0.2599329662007499,0.2651314048785686,0.26359562200747816,0.2641046483396679,0.26460159423260315,0.2691331635777917,0.2766059519714241,0.281696425321766,0.28389680788998095,0.2805832078549881,0.2828799176221089,0.2822920050874057,0.2835862217425819,0.2839124809778395,0.28841572807354066,0.29166142893141217,0.29326017711163543,0.2954449498998997,0.2988320678197666,0.2985703862101783,0.2989777019276926,0.2973820188147066,0.297498225437977,0.2940265744211181,0.29250939096591894,0.29053078129609605,0.2908005502899161,0.2908582570374919,0.29322653734695164,0.2933275764976609,0.29231267141593753,0.2928323105814928,0.2906798012615336,0.29075808486418475,0.2891717317086221,0.2917200244351151,0.29198110902473057,0.29259371547224156,0.2914085230594541,0.28980203660090637,0.2876087649769119,0.28741006020576276,0.28759291204808046,0.28795746652241194,0.28634981479064586,0.2865903288054588,0.284761007755432,0.2840214679281194,0.2837181654041937,0.2835255586466106,0.2829609128518261,0.28306369126910047,0.28305742884885604,0.28332524072181525,0.28374506589305043,0.28409399452194356,0.2866852136119507,0.2880099551015799,0.29137572891859165
394988,412,"Pocatello, ID",msa,ID,,,,,,,,,,,,,,,,,,,,,,,,,,,,,,,,,,,,,,,,,,,,,,,,,,,,,,,,,,,,,,,,,,,,,,,,,,,,,,,,,,,,,0.1855615242118554,0.1853889305313587,0.17716946132001057,0.17793296623892846,0.17523237680876808,0.17818064486134877,0.17689788476091564,0.1775628995145168,0.1723012643499195,0.1718994711304369,0.17159038090935222,0.17135302333626662,0.17327701320065472,0.17365780319101373,0.1754055467936038,0.1747396253507636,0.17367048237782856,0.1748539381911382,0.17335922256939337,0.17282817243254606,0.17353444301681822,0.17484826607060094,0.17509049675409616,0.17193578109483207,0.170286855469385,0.1713878468183063,0.17346402241759917,0.17450679917490375,0.17439702118911077,0.17341453447938965,0.17349988825434695,0.17197924346025972,0.1706001054862355,0.17061115218431774,0.17237023797517376,0.1727664519051256,0.17288881544327278,0.17183333221718197,0.1706179556843422,0.16976198730463005,0.17041520298025983,0.17025715242569472,0.17111340353590282,0.1725094541081186,0.17429998532888374,0.1740136028262119,0.17284338835142668,0.1740406668293742,0.1748541418676394,0.17558310520073137
394964,419,"Parkersburg, WV",msa,WV,,,,,,,,,,,,,,,,,,,,,,,,,,,,,,,,,,,,,,,,,,,,,,,,,,,,,,,,,,,,,,,,,,,,,,,,,,,,,,,,,,,,,,,,,,,,,,,,,,,0.17387873022875738,0.17098938677149245,0.1733777524193637,0.17336579927883872,0.17744428635786424,0.17835786203189657,0.1799464701230456,0.17905977491015934,0.18082982932119,0.18280483363841418,0.1842656323624106,0.18367107522500523,0.18489169561952334,0.18531937046369648,0.18393806944504285,0.18235416239873958,0.18276823716801854,0.18521851100946696,0.18760740952822355,,0.19225579046837402,0.19325259745236187,0.19325346103269564,0.19215867189733352,0.1924201002733394,0.19447218187598678,0.1956145662593825,0.1985467838732156,0.198276234916419,0.19724459093665003,0.1956089894738058,0.19545224673251685,0.19442720090483745,0.19375451325124715,0.1928045481180164,0.19354008619345353
394641,422,"Grants Pass, OR",msa,OR,,,,,,,,,,,,,,,,,,,,,,,,,,,,,,,,,,,,,,,,,,,,,,,,,,,,,,,,,,,,,,,,,,,,,,,,,,,,,,,,,,,,,,,,,,,,,,,0.28818163524644097,0.2941807781676087,0.2941147016667328,0.29168484107344944,0.2873621841951829,0.284041871075965,0.282055889310986,0.2795888643996518,0.2875099651006948,0.2910279578440204,0.2979924706377166,0.2988695515658912,0.298065975616177,0.2944402187981589,0.2936567104888995,0.29670643656279866,0.29629305514152005,0.2965325475664493,0.2983287426713416,0.2997204278261685,0.29975633757985143,0.30029275414523804,0.30319499288387397,0.2963994115352974,0.29461536042185243,0.2906072133396683,0.29643125178360424,0.3012915551189724,0.3035658022789784,0.3053933564105375,0.3074586133945265,0.30834132622996674,0.3028425916378367,0.30177421481003036,0.29807304695327336,0.3059077443152936,0.30809836403776847,0.3129330930715738,0.3092492428716939,0.30467080948328024
394568,432,"Elmira, NY",msa,NY,,,,,,,,,,,,,,,,,,,,,,,,,,,,,,,,,,,,,,,,,,,,,,,,,,,,,,,,,,,,,,,,,,,,,,,,,,,,,,,,,,,,,,,,,,,,,,,,,,,,,,,,,,,,,,,,,0.2044935788578488,0.20225150623863447,0.20164716505635516,0.2052495417584156,0.20581318214123714,,0.19627291878603723,0.2005416569136854,0.2066766208676527,0.20977711410666267,0.20853381173572652,0.20664447662612218,0.20913087666623276,0.21100247395767707,0.2112874414007308,0.20763245943404746,0.20803308599812811,0.21112621967716158,0.21471530762046476,0.21258677536430223,0.2095660403342887,0.20666680890215042
394644,433,"Great Falls, MT",msa,MT,,,,,,,,,,,,,,,,,,,,,,,,,,,,,,,0.19193328715620175,0.19373132934719023,0.1933644760103822,0.19383318727835974,0.19330880701660355,0.19221374551088158,0.19208581457107213,0.19151884887430093,0.19292444535615552,0.19195964561955745,0.19142752025586846,0.19083233370349198,0.19063613864129275,0.1891450921166687,0.1898569277519408,0.18721476295310915,0.18785815976041695,0.18767130426536682,0.18996014889458632,0.18920348965622294,0.18764803937690017,0.18867726828652798,0.18901020306669336,0.18946609576708498,0.1885927382394635,0.18863447351057,0.18827346197593475,0.18966309033447976,0.18934999362055208,0.18991527543139114,0.18854913543081217,0.18895613891951382,0.18936105409449777,0.1877976198238649,0.18557815719527265,0.186238869446827,0.1864601643561393,0.18720167971465376,0.18670364136599343,0.185807143621123,0.18734461278255285,0.19070031609736776,0.19395347814000963,0.191921790415443,0.19292615179011297,0.19514100381448937,0.19888370658714957,0.1999939002062597,0.20319745673355086,0.20483685397994245,0.20894368805762573,0.20898429689544679,0.21219671141190688,0.20810636820877063,0.20803129602444234,0.21076783240846386,0.21482287118757917,0.21591592042246432,0.21578289800913714,0.21572636209657048,0.2161745159184748,0.21683801270629804,0.2200584876881175,0.22815518294790782,0.23236707223492667,0.23584289844394893,0.23453269984901112,0.2334024415397161,0.2319745142636505,0.23036870900777998,0.2280202798313506,0.22795523562880662,0.22598221850653724,0.22716911956774374,0.22773521090036528,0.22902845644564906,0.2291864728548955,0.2296456023459271,0.23057790097599098,0.23338116280505478,0.23478847353845878,0.23800510255752325,0.2386347511308665,0.24009948130381942,0.24280780382365866,0.24464926140661156,0.24488533930015202,0.2446249152858402,0.24414033843193128,0.24515268002402557,0.24673771525517918,0.24624671774487078,0.24620359135028358,0.24528389861463015,0.24694306649340778,0.24719397631722723,0.24725636806827866,0.2464042588444916,0.24686448745568743,0.24645782141727277,0.24746435868572936,0.2472342109644463,0.24678920031094706,0.24675268124490582
394859,437,"Midland, MI",msa,MI,,,,,,,,,,,,,,,,,,,,,,,,,,,,,,,,,,,,,,,,,,,,,,,,,,,,,,,,,,,,,,,,,,,,,,,,,,,,,,,,,,,,,,,,0.1976924222347591,0.2000589227464908,0.20055124265966015,0.20080541954735456,0.2024084578083461,0.2013794975679362,0.20180617263760603,0.198977095455202,0.1985139707217529,,0.20214600793008186,0.20249973066845023,0.20340241443161744,0.20194245596697988,0.2018507766862529,0.201384398712589,0.20254951460861395,0.2025597462528305,0.2015820656905466,0.20462482394319761,,0.20794300021334625,0.203828737432589,0.2033159079894835,0.20300482340963247,0.2056880759205955,0.20483089008782532,0.20711833446609748,0.20512711981708656,0.208682519838406,0.21033836582128146,0.2132349343838255,0.21078178365832567,0.21322290658342974,0.21160402427317,0.21189811647266235,0.21186471647428362,0.21059221890169944,0.21199544880469207,0.21125374050047632,0.21285258665405793,0.2115866118304558,0.21209964992087169,0.2103274329499573,0.21209182235906604,0.2112292297764853,0.2149751131961502
394755,438,"Kokomo, IN",msa,IN,,,,,,,,,,,,,,,,,,,,,,,,,,,,,,0.1368916220327189,0.13753857084725424,,0.13720967531291597,0.137658316979953,0.13795936287066948,0.13811938716369626,0.13704513530151502,0.13694944048744948,0.13701096159202386,0.13895372818025928,0.1387008561959167,0.1373729120422916,0.13609765523740075,0.13670093622134355,0.1378532346489872,0.13762454585289902,0.13545395016560546,0.1324707517806765,0.13283065612437298,0.13361719725357113,0.1331195586897331,0.13156672387222113,0.1317793669205175,0.13291674910586657,0.13376144007796106,0.1335838003284689,0.1341292956265513,0.135117133788288,0.1378026321221576,0.14077495368351953,0.14206737790137092,0.1423488545860082,0.14132069289510463,0.14041565888001464,0.13734166904247638,0.13738032696959387,0.13788696172278583,0.13979227740196631,0.1396888419960686,0.1424344797127839,0.14259066560914285,0.1431289711446088,0.13993539005495845,0.1389360664948519,0.1399542995424835,0.14260722853135893,0.1467812634747969,0.1453639792536207,0.1456436682246447,0.1457957936676523,0.15094150245729526,0.15225982805916588,0.15741103965062933,0.15829759631109921,0.16027673651368632,0.16064475952558738,0.16045713079893545,0.16342581355355348,0.16313502829661267,0.16650521632560597,0.16448030657129192,0.16464501730144268,0.16325178094497506,0.16463303435762702,0.1629301532764663,0.16258334620337156,0.16245584218697673,0.16376900139370998,0.1644338531945861,0.16091766496665938,0.1613864473377593,0.16183077765869996,0.1676286816224593,0.16920407296666742,0.1704722962961362,0.16997824754141935,0.16970370954450376,,0.17149583358408613,0.17348498031327533,0.1735045078413023,0.1765018171797493,0.1784800231057766,0.18051566548944886,0.18099590425978365,0.18182426871590593,0.1816571915589853,0.1807251141653353,0.180765325825163,0.1808131813722142,0.18408271730492656,0.18478510470423165,0.18542250779265523,0.1849406599968872,0.18378849897777627,0.18234479094402045,0.18031204554565708,0.1796777043566947,0.1801445843298474,0.1814125886155364,0.18209432359586922,0.18181043582460416,0.1782841464961037,0.1759044853095749
394395,439,"Bloomsburg, PA",msa,PA,,,,,,,,,,,,,,,,,,,,,,,,,,,,,,,,,,,,,,,,,,,,,,,,,,,,,,,,,,,,,,,,,,,,,,,,,,,,,,,,,,,,,,0.1857946003567564,0.18670245295334076,0.185160252888593,0.18594387761658368,0.18528740610369185,0.18806937085998104,0.18665680084032607,0.18638502175428304,0.18559402952322118,0.18533215553041887,0.18671525064462713,0.18603978524399428,0.18755334025850914,0.184517253132742,0.18485739662853587,0.1837139608381867,0.18596224250237303,0.18616785323422577,0.18638138215984915,0.1856514322284723,0.18774962503753187,0.1856533581098812,0.18500702356436666,0.18338550199009526,0.1835178641054528,0.18595512106027387,0.18603176120598025,0.18620204115574013,0.1879179801876901,0.18886873196926032,0.19071302362715783,0.18967184516841323,0.19188376450701938,0.19195384152735018,0.1952525885882121,0.19411700098564494,0.19500633419339422,0.19496057607344597,0.19550252770203647,0.19625625159525917,0.19458133925996768,0.19394864963205996,0.1933809645120277,0.1951671488552845,0.19306532029944107,0.19441577197665005,0.1923950435544472,0.1943466492583972,0.1934263811908631
394675,441,"Helena, MT",msa,MT,,,,,,,,,,,,,,,,,,,,,,,,,,,,,,,,,,,,,,,,,,,,,,,,,,,,,,,,,,,,,,,,,,,,,,,,,,,,,,,,,,,,,,,,,,,,,,,,,,,,0.18864719211785463,0.19316828508480427,0.19067279029674497,0.19106731772045485,0.18547270384621392,0.18684894872625282,0.18665064613708712,0.18790708029092398,0.18743588542757542,0.18515759114447006,0.1849758850737498,0.18495114116457095,0.18926735288758909,0.18739427068980846,0.18690743521275036,0.1834938159610029,0.18310685346582473,0.18162890972140067,0.18111830234072474,0.18105013498051306,0.18017693522014447,0.18276306312557514,0.18285602102085471,0.18260258699027826,0.18026131521074118,0.17951719232714505,0.18006169746034006,0.18109647426011938,0.1826617233057693,0.18220969276805205,0.1818515264579239,0.18046579915497038,0.1806593352954471,0.1797099691571363,0.17935531754835868
394489,445,"Columbus, IN",msa,IN,,,,,,,,,,,,,,,,,,,,,,,,,,,,,,,,,,,,,,,,,0.16914525332969294,0.16706382325020372,0.16716510787499764,0.16657070809345323,0.16507839978779554,0.16630804682600606,0.1682497768034703,0.1697656950990444,0.16827145242314195,0.1668297477644164,0.167244319523977,0.16539143337227347,0.1639751010850357,0.1645874575678273,0.16655229391658424,0.16777661120238865,0.168755505090342,0.16749919763387977,0.16709431041339082,0.1652470864728867,0.16559914738548687,0.16514826431744917,0.16388946642387603,0.16184442029327126,0.1589473195332348,0.15784712554306535,0.1567049833601736,0.1575947495151763,0.16082000538747482,0.1645980438327135,0.16734318366142195,0.16779913837748575,0.16612991305496963,0.1653693449467,0.1648915292348861,0.1657061810459625,0.1684077666229308,0.17075000315247446,0.1752478286235119,0.1769058210277798,0.1799265308213267,0.17872926437620193,0.1813069974895914,0.1820442704062987,0.18452244761621192,0.18233759160918803,0.18295298990624193,0.18368589783787592,0.18526352908168284,0.18543474345302927,0.18382987005639634,0.18245726541142446,0.18089677754344635,0.18343481257190353,0.18357045586994308,0.1838273557929812,0.1826567692575644,0.1834036515214468,0.18497521709393144,0.1854200260936761,0.1861738205750466,0.18471166925082252,0.18279416802782167,0.18347803478368538,0.18486431534217224,0.18654314179534895,0.18585380113850614,0.18570568265975274,0.18650066147787472,0.18897988601299015,0.1889445014098302,0.1890769349300661,0.18727149990982472,0.18908149218074444,0.1899233445639835,0.18982306152730122,0.18922278091461503,0.18901241652909623,0.19223204524216128,0.19307398575362425,0.19417829269590223,0.19386659708564719,0.19354228596450745,0.19342306000765425,0.19441089149798063,0.19438401476659928,0.19560326434411834,0.1962389025638611,0.19710447087076993,0.1967248552119384,0.19506744083972222,0.1947292495096595,0.19355811637932613,0.1922707149974448
394682,449,"Hinesville, GA",msa,GA,0.26684380724239953,0.26779461437214924,0.2682335461883595,0.26807743132209244,0.2677354575819559,0.26616268129132453,0.26442960491455564,0.2638022517319149,0.2624668487758561,0.26045976033234347,0.2598519947419328,0.2590989754033442,0.2580033742904198,0.25653728914909385,0.2567102297818094,0.25762160596493205,0.257657062023259,0.2556263577407094,0.2546810338150801,0.25289194616906496,0.25349206365362364,0.25293454531846027,0.25257079060955046,0.2504024786074306,0.2484169733875337,0.24673194217817787,0.24460378821534867,0.24180282485781307,0.24077645557174954,0.23999365503746775,0.23985158618755967,0.23876097697544993,0.23918370432498737,0.23892596338048433,0.23862317281250128,0.23804684079322266,0.23800780039564035,0.23739465204509813,0.23711682075028603,0.23619242208735908,0.23486965131114007,0.235131923858245,0.23439370373234958,0.23475586982749874,0.23442390187805362,0.23396137812563794,0.23399570148541102,0.2343800556672216,0.23428740184656288,0.23451529437781968,0.2346601334735058,0.23541564526327716,0.23591991582983354,0.2360024176354084,0.2364496825601786,0.23675242524799506,0.23739355292196562,0.23882851858888723,0.2398367930780394,0.24104081470132774,0.24233051827937727,0.24321183509924005,,0.2440507293696053,0.24335379301852325,0.24063865156845402,0.24189772252332487,0.24384517920765653,0.2465080206686687,0.24878101653364812,0.24862446050936723,0.25003984306823984,0.2487660522088623,0.2529083734145197,0.2555395586463629,0.2583225230074118,0.2621895621871922,0.2655105511480868,0.2728794908460724,0.27584896361134126,0.28357679863238827,0.28740919415767713,0.29745464940178434,0.30070559758577553,0.3016532889034157,0.3018089395356344,0.2987611958039321,0.30262966199049124,0.30065838571216785,0.30451007942685565,0.3003650598972628,0.3021067715457218,0.3008650202817704,0.3017539826472602,0.2973849196123992,0.29323862424445757,0.29563391342158435,0.29391650115552587,0.29513087598171484,0.292068402430671,0.2909526451112912,0.28769246025332285,0.2818594835652554,0.27762076056807083,0.2768136483867443,0.27797887388910814,0.2804082966855891,0.2833271762610133,0.2838960025371174,0.2838118899828538,0.2844295273646863,0.28633015889311686,0.2896303870379673,0.2923424001536997,0.29618507979924574,0.29542117323655637,0.29236066252751153,0.2888606886705055,0.2882156481633097,0.28712630851036414,0.2867421187637261,0.2856826899790708,0.2847158243583852,0.2833825875961144,0.2812353972619667,0.2797321581212388,0.279946758734368,0.2818010930992027,0.28411172047374117,0.28556535630040014,0.28515210653703776,0.2850077012485386,0.2852565438286655,0.2872435624575905
394445,454,"Casper, WY",msa,WY,,,,,,,,,,,,0.1854244214010466,0.1846672413451041,0.18250106607491623,0.18239947291547226,0.18054783006254746,0.1772462617513707,0.17527989891886192,0.17230406361119147,0.17142118915892787,0.17032975834969147,0.16856060424434713,0.16714305529242657,0.1668147469433607,0.16547431050466027,0.16526845942500604,0.16434339654725894,0.16330792754296938,0.16198688263533564,0.159817763506384,0.1585670299449366,0.15673383546381464,0.15619977405843952,0.15671431572818284,0.15744197222413847,0.1566233835444945,0.15576001358286976,0.15439462909025328,0.15453411424438404,0.15477066501704506,0.15622931404948645,0.15742172420171022,0.15890579008825317,0.15869302684632333,0.15907199307981124,0.15966517259995278,0.16113808301098959,0.1609986216524455,0.15995956506027414,0.16030522799237312,0.16010919763999412,0.16011515783890568,0.159896715377737,0.16043894525019148,0.16086218409740083,0.16266039026383636,0.16416806985875404,0.16532285447798659,0.16571766595815263,0.1677545994036154,0.17076991089400975,0.17285852599114934,0.17016480491977154,0.1673798263127209,0.1646754587265326,0.16311414438652952,0.16254647345820644,0.16391201916591638,0.1655623188951362,0.16607183752957944,0.16756954247150102,0.16630537869816794,0.16493466902858733,0.16319616385402552,0.16305807009188245,0.1644212760517312,0.16614384494498696,0.16658117147307575,0.1680645023108931,0.16914760890098315,0.17237939420399326,0.17514125483658285,0.17637156754650923,0.17768289536221935,0.17704951135613353,0.1789298943821634,0.17765591477665277,0.177889754751659,0.1760056220054347,0.17750144429701753,0.1760020366652593,0.17455314671647115,0.1737759793402845,0.176052593265611,0.17904299910102559,0.17806013194662448,0.17833827789982667,0.1773041665491382,0.17919591162141355,0.1800409967631734,0.1817512250683095,0.18348797799649502,0.18564008202521437,0.18726049000900882,0.18808098175617466,0.18672597809598385,0.185216679649814,0.18520002953125522,0.18722139757109102,0.1903381046229622,0.19400662490470907,0.19386640318861248,0.1930971256986392,0.1912210771918021,0.1921233163040651,0.19303113408830852,0.19254426391304924,0.19466503721989692,0.1954893752718015,0.19738248094671076,0.19527093283296124,0.19433178015264854,0.1914231273092958,0.19155428791044618,0.19225784273558166,0.19359806167731394,0.19335828988688705,0.19340829583553845,0.1947382679309224,0.1945365072986735,0.19533578612405436,0.19549114286684457,0.19721316503681197,0.19786319428086416
394866,458,"Minot, ND",msa,ND,,,,,,,,,,,,,,,,,,,,,,,,,,,,,,,,,,,,,,,,,,,,,,,,,,,,,,,,,,,,,,,,,,,,,,,,0.13509044469024376,0.13484960831011303,0.13539024282157983,0.1365886130998364,0.13768976327385382,0.13505168979739163,0.134023842838064,0.13310865591483642,0.13291879051858976,0.1337149671353641,0.1344509778817513,0.1351470602538892,0.1354299456532995,0.13480521798484452,0.13390271607004145,0.13272989146914074,0.13356183418081036,0.13346666785467787,0.13403967354097718,0.13294271630626245,0.13232762315818938,0.13250211931179057,0.13372130003654065,0.13568941117970396,0.13726446277447107,0.13845119883511828,0.13911886118426475,0.14044401944596294,0.14118153296362207,0.14350979304085,0.1442879824660904,0.1459591128315588,0.14715611684356533,0.14802614491922977,0.14785120479354502,0.14754471593858964,0.14827567920851992,0.14968395017438993,0.15100724049315534,0.15212142245876326,0.15308454997895318,0.15343119545327372,0.15338069266234658,0.15386356178218916,0.15423133759306223,0.1550665894605801,0.15668350502727812,0.15734415663995288,0.15845293173809075,0.15884560113430757,0.159699465738689,0.15984599137051192,0.15991819587588393,0.15996233000542426,0.16095906939601212,0.1614436040084863,0.16210912228832328,0.16236575422458244,0.16226841692572777,0.16280142452206917,0.1625525711011498,0.16228410933081214,0.16177770298333055
394638,462,"Grand Island, NE",msa,NE,,,,,,,,,,,,,,,,,,,,,,,,,,,,,,,,,,,,,,,,,,,,,,,,,,,,,,,,,,,,,,,,,,,,,,,,,,,,,,,,,,,,,,,,,,,,,,,,,,,,,,,,,,,,,,,,,,,0.20438550417466408,0.20411075115046917,0.2062760140543464,0.2049685060727045,0.20797180197210072,0.20762095775137446,0.21048628763901672,0.21136722682610504,0.21128662049506983,0.21110221583408562,0.21112243840331688,0.21143609920855325,0.21065938912250604,0.2129530323601198,0.2105508535086456,0.21114027916483818,0.20953980538134262,0.2113338702049546,0.20987153852828824,0.20831799257316175
395062,469,"Sandusky, OH",msa,OH,,,,,,,,,,,,,,,,,,,,,,,,,,,,,,,,,,,,,,,,,,,,,,,,,,,,,,,,,,,,,,,,,,,,,,,,,,,,,,,,,,,,,,,,,,,,,,,,,,,,,,,,,,,,,,,,,,,,,,,,,,,,,,0.2409447380565419,0.23789453530885993,0.24101018250455197,0.23830152704751187,0.238243373602863,0.23672554227376483,,0.22492596680842325,0.22390597228383924
394516,472,"Danville, IL",msa,IL,,,,,,,,,,,,,,,,,,,,,,,,,,,,,,,,,,,,,,,,,,,,,,,,,,,,,,,,,,,,,,,,,,,,,,,,,,,,,,,,,,,,,,,,,,,0.16263823578123404,0.1594481408980871,0.16158231175000054,0.16348454984476093,0.15980852146736854,0.15958403699870513,0.157431283884903,0.16172400469099138,0.16711194887629766,0.16654249785921393,0.16878859721400322,0.16676982673375843,0.17122649434217901,0.17406737984166015,0.177124723428001,0.18072093639302683,0.1823478972035943,0.18302529823900446,0.182751818501537,0.18395869548930308,0.18644860507926933,0.19424193456212083,0.19902497736662259,0.2016868784668048,0.19732185585061546,0.19585786730961344,0.19519201014500936,0.19472280349110394,0.19550930918693646,0.19697365553192334,0.19750250416746573,0.19936247155220133,0.19723551068824247,0.19385847865955888,0.19066916563127448,0.1919620172361712,0.1954676101485777,0.19873371425805203,0.20013767138033214,0.2012987064779531,0.20339129021413088,0.20517796799455965,0.20800226518311637,0.20828442774672634
394787,518,"Lewiston, ID",msa,ID,,,,,,,,,,,,,,,,,,,,,,,,,,,,,,,,,,,,,,,,,,,,,,,,,,,,,,,,,,,,,,,,,,,,,,,,,,,,,,,,,,,,,,,,,,,,,,,,,,,,,,,,,,,,,,,,,,,,,,,,,,,,,,,,,,,,0.21100987841763363,0.21070974413040322,0.21315204166361243
394570,523,"Enid, OK",msa,OK,,,,,,,,,,,,,,,,,,,,,,,,,,,,,,,,,,,,,,,,,,,,,,,,,,,,,,,,,,,,,,,,,,,,,,,,,,,,,,,,,,,,,,,,,0.1963597134892195,0.19706748385745754,0.1964744270983385,0.19703828124439846,0.19734710834513572,0.19574394928779917,0.1939364978382155,0.19065920116658489,0.19208503661606918,0.19082168847213324,0.19150724274630665,0.19033091469957292,0.19139885037698606,0.19055107292975224,0.18980831854455985,0.18838724254392136,0.1886949740143343,0.19085652542984316,0.19161235296078602,0.1919386422992373,0.19004912346308966,0.1882339958245335,0.1878225594806995,0.1870345349196592,0.18914975642890475,0.1887218501132019,0.189156715851515,0.18794493798079015,0.1869631879986751,0.18665876265267936,0.18960412892898354,0.1905043466031926,0.1919446547311253,0.1910890047956913,0.19130864048093757,0.19181147372294824,0.18966956668194057,0.19004247973432634,0.18988889404634843,0.19109471815160534,0.19160405872810019,0.1910625114050758,0.1886505160926959,0.18795606304518067,0.18724417202236923,0.18855610131700695
395199,525,"Walla Walla, WA",msa,WA,,,,,,,,,,,,,,,,,,,,,,,,,,,,,,,,,,,,,,,,,,,,,,,,,,,,,,,,,,,,,,,,,,,,,,,,,,,,,,,,,,,,,,0.24137412436040454,0.23807368863382947,0.23836284419864087,0.24106900196319833,0.24118597943249911,0.24197826756438096,0.23979748931098022,0.24314221128047112,0.24393746137412622,0.2466312774542179,0.24768821114190395,0.24749754147227437,0.2479184420726861,0.24676657649544242,0.247103226720454,0.2462705921623472,0.24522157629607905,0.2436425125786423,0.24500447424468436,0.2454183457122065,0.24671846094688402,0.24884076375353018,0.24864272064095652,0.2476677305844883,0.2443249436652595,0.24395162118839003,0.2441578143382634,0.24424061195081584,0.24506156610413343,0.24488985058621635,0.24629630417141393,0.24666168612743766,0.2464665447010327,0.24493872595995483,0.24503359790987822,0.24487486029526834,0.2456520818925755,0.24628694263075146,0.24510394055504692,0.24422379316050097,0.24383544285972933,0.24434054716550116,0.24289570232267846,0.24195577094120907,0.24164771452772815,0.24145343243629758,0.24117560923529405,0.24149241855257494,0.24221909572751812
394444,551,"Carson City, NV",msa,NV,,,,,,,,,,,,,,,,,,,,,,,,,,,,,,,,,,,,,,,,,,,,,,,,,,,,,,,,,,,,,,,,,,,,,,,,,,,,,,,,,,,,,,,,,,,,,,0.2735160875456725,0.2784094930643434,0.2821069860629772,0.28531027840158013,0.2852710541021178,0.2849273708540885,0.28647667648781344,0.29060425789860944,0.28989044759350946,0.2917217820938917,0.292237703683641,0.3000795785319215,0.29999851549033485,0.30071410268105864,0.2992954221832073,0.30353992786226514,0.30820136538831916,0.30938014442517237,0.3070438839092194,0.30731229724148185,0.3104371213057789,0.314307911126453,0.3185013710397651,0.3229977900335607,0.32548598832135683,0.3276965300551328,0.3303198313194092,0.33011975209027145,0.3282889115450441,0.32929594254923944,0.3314803027991745,0.33221236921105374,0.3327566452744476,0.33267183448817444,0.332442755646063,0.3292610022848143,0.3305362965814846,0.33147787370351,0.33346542010141356,0.3329545447088238,0.3340500869969045
