RegionID,SizeRank,RegionName,RegionType,StateName,date,zhvi,zori,homeowner_affordability,geo_scope
394355,29,"Austin, TX",msa,TX,2000-01-31,174263.87474384732,,,metro
394355,29,"Austin, TX",msa,TX,2000-02-29,174836.90515398234,,,metro
394355,29,"Austin, TX",msa,TX,2000-03-31,175361.59198287662,,,metro
394355,29,"Austin, TX",msa,TX,2000-04-30,176195.8122286898,,,metro
394355,29,"Austin, TX",msa,TX,2000-05-31,176825.7871333355,,,metro
394355,29,"Austin, TX",msa,TX,2000-06-30,177106.6269532654,,,metro
394355,29,"Austin, TX",msa,TX,2000-07-31,177215.70543063138,,,metro
394355,29,"Austin, TX",msa,TX,2000-08-31,177835.57502329486,,,metro
394355,29,"Austin, TX",msa,TX,2000-09-30,178515.01151973242,,,metro
394355,29,"Austin, TX",msa,TX,2000-10-31,179583.46215976597,,,metro
394355,29,"Austin, TX",msa,TX,2000-11-30,180289.71512821168,,,metro
394355,29,"Austin, TX",msa,TX,2000-12-31,180885.42575437072,,,metro
394355,29,"Austin, TX",msa,TX,2001-01-31,181089.30261212608,,,metro
394355,29,"Austin, TX",msa,TX,2001-02-28,181105.06705756063,,,metro
394355,29,"Austin, TX",msa,TX,2001-03-31,181432.001716714,,,metro
394355,29,"Austin, TX",msa,TX,2001-04-30,182071.29346520724,,,metro
394355,29,"Austin, TX",msa,TX,2001-05-31,182637.21512012588,,,metro
394355,29,"Austin, TX",msa,TX,2001-06-30,183013.47915389543,,,metro
394355,29,"Austin, TX",msa,TX,2001-07-31,183199.5771009107,,,metro
394355,29,"Austin, TX",msa,TX,2001-08-31,183465.511945834,,,metro
394355,29,"Austin, TX",msa,TX,2001-09-30,183528.9529787501,,,metro
394355,29,"Austin, TX",msa,TX,2001-10-31,183539.40236553643,,,metro
394355,29,"Austin, TX",msa,TX,2001-11-30,183517.5959983128,,,metro
394355,29,"Austin, TX",msa,TX,2001-12-31,183374.12314762748,,,metro
394355,29,"Austin, TX",msa,TX,2002-01-31,183327.56067392245,,,metro
394355,29,"Austin, TX",msa,TX,2002-02-28,182986.99287871216,,,metro
394355,29,"Austin, TX",msa,TX,2002-03-31,182834.3951635355,,,metro
394355,29,"Austin, TX",msa,TX,2002-04-30,182625.3467061351,,,metro
394355,29,"Austin, TX",msa,TX,2002-05-31,182471.9556938,,,metro
394355,29,"Austin, TX",msa,TX,2002-06-30,182229.15937370504,,,metro
394355,29,"Austin, TX",msa,TX,2002-07-31,181888.12729622584,,,metro
394355,29,"Austin, TX",msa,TX,2002-08-31,181700.0898794999,,,metro
394355,29,"Austin, TX",msa,TX,2002-09-30,181766.71397713944,,,metro
394355,29,"Austin, TX",msa,TX,2002-10-31,181785.2564766937,,,metro
394355,29,"Austin, TX",msa,TX,2002-11-30,181725.177274226,,,metro
394355,29,"Austin, TX",msa,TX,2002-12-31,181336.77475796128,,,metro
394355,29,"Austin, TX",msa,TX,2003-01-31,181018.05667366437,,,metro
394355,29,"Austin, TX",msa,TX,2003-02-28,180956.6209910557,,,metro
394355,29,"Austin, TX",msa,TX,2003-03-31,181250.77730581653,,,metro
394355,29,"Austin, TX",msa,TX,2003-04-30,181600.14913648693,,,metro
394355,29,"Austin, TX",msa,TX,2003-05-31,181797.88617282035,,,metro
394355,29,"Austin, TX",msa,TX,2003-06-30,181813.26808151236,,,metro
394355,29,"Austin, TX",msa,TX,2003-07-31,182033.1991485444,,,metro
394355,29,"Austin, TX",msa,TX,2003-08-31,182266.94371709056,,,metro
394355,29,"Austin, TX",msa,TX,2003-09-30,182338.83061643047,,,metro
394355,29,"Austin, TX",msa,TX,2003-10-31,182220.00454484616,,,metro
394355,29,"Austin, TX",msa,TX,2003-11-30,181993.0423205896,,,metro
394355,29,"Austin, TX",msa,TX,2003-12-31,181910.91407445003,,,metro
394355,29,"Austin, TX",msa,TX,2004-01-31,181851.9442313671,,,metro
394355,29,"Austin, TX",msa,TX,2004-02-29,182367.56460261907,,,metro
394355,29,"Austin, TX",msa,TX,2004-03-31,183150.6828633824,,,metro
394355,29,"Austin, TX",msa,TX,2004-04-30,184040.4902851261,,,metro
394355,29,"Austin, TX",msa,TX,2004-05-31,184561.8446063226,,,metro
394355,29,"Austin, TX",msa,TX,2004-06-30,184805.5792513585,,,metro
394355,29,"Austin, TX",msa,TX,2004-07-31,185142.66860696915,,,metro
394355,29,"Austin, TX",msa,TX,2004-08-31,185746.53320683795,,,metro
394355,29,"Austin, TX",msa,TX,2004-09-30,186799.68802436415,,,metro
394355,29,"Austin, TX",msa,TX,2004-10-31,187753.8822957388,,,metro
394355,29,"Austin, TX",msa,TX,2004-11-30,188413.60488246128,,,metro
394355,29,"Austin, TX",msa,TX,2004-12-31,188822.73290198372,,,metro
394355,29,"Austin, TX",msa,TX,2005-01-31,189121.0697118256,,,metro
394355,29,"Austin, TX",msa,TX,2005-02-28,189340.49470930776,,,metro
394355,29,"Austin, TX",msa,TX,2005-03-31,189493.18288168465,,,metro
394355,29,"Austin, TX",msa,TX,2005-04-30,189922.6658142954,,,metro
394355,29,"Austin, TX",msa,TX,2005-05-31,190566.63133321863,,,metro
394355,29,"Austin, TX",msa,TX,2005-06-30,191472.2760668848,,,metro
394355,29,"Austin, TX",msa,TX,2005-07-31,192347.07257438285,,,metro
394355,29,"Austin, TX",msa,TX,2005-08-31,193079.4210077645,,,metro
394355,29,"Austin, TX",msa,TX,2005-09-30,193702.2394071604,,,metro
394355,29,"Austin, TX",msa,TX,2005-10-31,194035.6740367365,,,metro
394355,29,"Austin, TX",msa,TX,2005-11-30,194487.48124771487,,,metro
394355,29,"Austin, TX",msa,TX,2005-12-31,194972.19414242893,,,metro
394355,29,"Austin, TX",msa,TX,2006-01-31,195488.5432019675,,,metro
394355,29,"Austin, TX",msa,TX,2006-02-28,195802.32563593565,,,metro
394355,29,"Austin, TX",msa,TX,2006-03-31,195816.19303147457,,,metro
394355,29,"Austin, TX",msa,TX,2006-04-30,195903.07289557465,,,metro
394355,29,"Austin, TX",msa,TX,2006-05-31,196105.58206449528,,,metro
394355,29,"Austin, TX",msa,TX,2006-06-30,196644.8639291215,,,metro
394355,29,"Austin, TX",msa,TX,2006-07-31,197379.6517967639,,,metro
394355,29,"Austin, TX",msa,TX,2006-08-31,198275.36892232776,,,metro
394355,29,"Austin, TX",msa,TX,2006-09-30,199283.72756318728,,,metro
394355,29,"Austin, TX",msa,TX,2006-10-31,200095.4868008216,,,metro
394355,29,"Austin, TX",msa,TX,2006-11-30,200852.47923177909,,,metro
394355,29,"Austin, TX",msa,TX,2006-12-31,201561.89434051173,,,metro
394355,29,"Austin, TX",msa,TX,2007-01-31,202346.50892187931,,,metro
394355,29,"Austin, TX",msa,TX,2007-02-28,202969.82779739783,,,metro
394355,29,"Austin, TX",msa,TX,2007-03-31,203438.85063671388,,,metro
394355,29,"Austin, TX",msa,TX,2007-04-30,204019.9973885865,,,metro
394355,29,"Austin, TX",msa,TX,2007-05-31,204641.77932208715,,,metro
394355,29,"Austin, TX",msa,TX,2007-06-30,205302.65409104087,,,metro
394355,29,"Austin, TX",msa,TX,2007-07-31,205951.0421846496,,,metro
394355,29,"Austin, TX",msa,TX,2007-08-31,206684.18172914453,,,metro
394355,29,"Austin, TX",msa,TX,2007-09-30,207355.7831046888,,,metro
394355,29,"Austin, TX",msa,TX,2007-10-31,207975.75889774304,,,metro
394355,29,"Austin, TX",msa,TX,2007-11-30,208626.93494660975,,,metro
394355,29,"Austin, TX",msa,TX,2007-12-31,209324.2603472986,,,metro
394355,29,"Austin, TX",msa,TX,2008-01-31,209818.1064436203,,,metro
394355,29,"Austin, TX",msa,TX,2008-02-29,209917.1217826002,,,metro
394355,29,"Austin, TX",msa,TX,2008-03-31,210017.7024767817,,,metro
394355,29,"Austin, TX",msa,TX,2008-04-30,210153.9822419812,,,metro
394355,29,"Austin, TX",msa,TX,2008-05-31,210407.80847807447,,,metro
394355,29,"Austin, TX",msa,TX,2008-06-30,210227.806765056,,,metro
394355,29,"Austin, TX",msa,TX,2008-07-31,209918.7005378014,,,metro
394355,29,"Austin, TX",msa,TX,2008-08-31,209330.32251074407,,,metro
394355,29,"Austin, TX",msa,TX,2008-09-30,208768.3935348411,,,metro
394355,29,"Austin, TX",msa,TX,2008-10-31,207972.818077585,,,metro
394355,29,"Austin, TX",msa,TX,2008-11-30,206667.2881087956,,,metro
394355,29,"Austin, TX",msa,TX,2008-12-31,205392.9499714816,,,metro
394355,29,"Austin, TX",msa,TX,2009-01-31,204279.6097536228,,,metro
394355,29,"Austin, TX",msa,TX,2009-02-28,203656.74091945,,,metro
394355,29,"Austin, TX",msa,TX,2009-03-31,202965.4063139126,,,metro
394355,29,"Austin, TX",msa,TX,2009-04-30,202295.12960833265,,,metro
394355,29,"Austin, TX",msa,TX,2009-05-31,201782.89165163413,,,metro
394355,29,"Austin, TX",msa,TX,2009-06-30,201644.9432664383,,,metro
394355,29,"Austin, TX",msa,TX,2009-07-31,201594.95218382528,,,metro
394355,29,"Austin, TX",msa,TX,2009-08-31,201527.5309861322,,,metro
394355,29,"Austin, TX",msa,TX,2009-09-30,201299.4395604739,,,metro
394355,29,"Austin, TX",msa,TX,2009-10-31,200956.80697012472,,,metro
394355,29,"Austin, TX",msa,TX,2009-11-30,200969.89506072403,,,metro
394355,29,"Austin, TX",msa,TX,2009-12-31,200968.81521276417,,,metro
394355,29,"Austin, TX",msa,TX,2010-01-31,200770.5582092684,,,metro
394355,29,"Austin, TX",msa,TX,2010-02-28,200545.60885244436,,,metro
394355,29,"Austin, TX",msa,TX,2010-03-31,200398.85349733688,,,metro
394355,29,"Austin, TX",msa,TX,2010-04-30,200628.30520453307,,,metro
394355,29,"Austin, TX",msa,TX,2010-05-31,201020.47638488872,,,metro
394355,29,"Austin, TX",msa,TX,2010-06-30,201316.08269788316,,,metro
394355,29,"Austin, TX",msa,TX,2010-07-31,200961.6949087605,,,metro
394355,29,"Austin, TX",msa,TX,2010-08-31,200060.7267829984,,,metro
394355,29,"Austin, TX",msa,TX,2010-09-30,198871.66546954893,,,metro
394355,29,"Austin, TX",msa,TX,2010-10-31,197745.46001144568,,,metro
394355,29,"Austin, TX",msa,TX,2010-11-30,196659.99904588543,,,metro
394355,29,"Austin, TX",msa,TX,2010-12-31,195572.37601824992,,,metro
394355,29,"Austin, TX",msa,TX,2011-01-31,194725.68642329847,,,metro
394355,29,"Austin, TX",msa,TX,2011-02-28,193730.17014707645,,,metro
394355,29,"Austin, TX",msa,TX,2011-03-31,193133.60309206147,,,metro
394355,29,"Austin, TX",msa,TX,2011-04-30,193024.61769978548,,,metro
394355,29,"Austin, TX",msa,TX,2011-05-31,193143.63019508703,,,metro
394355,29,"Austin, TX",msa,TX,2011-06-30,192982.22468725927,,,metro
394355,29,"Austin, TX",msa,TX,2011-07-31,192671.67103790236,,,metro
394355,29,"Austin, TX",msa,TX,2011-08-31,192667.6157927316,,,metro
394355,29,"Austin, TX",msa,TX,2011-09-30,192888.63957683597,,,metro
394355,29,"Austin, TX",msa,TX,2011-10-31,192898.20919894907,,,metro
394355,29,"Austin, TX",msa,TX,2011-11-30,192656.1436819256,,,metro
394355,29,"Austin, TX",msa,TX,2011-12-31,192457.32339913363,,,metro
394355,29,"Austin, TX",msa,TX,2012-01-31,192673.04635453565,,22.07602829103777,metro
394355,29,"Austin, TX",msa,TX,2012-02-29,193061.084566388,,22.00917615527079,metro
394355,29,"Austin, TX",msa,TX,2012-03-31,193637.85594476492,,22.14976293590635,metro
394355,29,"Austin, TX",msa,TX,2012-04-30,194158.29074316475,,22.09132346997897,metro
394355,29,"Austin, TX",msa,TX,2012-05-31,194780.73543479817,,21.920023208149082,metro
394355,29,"Austin, TX",msa,TX,2012-06-30,195633.2190328065,,21.75107600888745,metro
394355,29,"Austin, TX",msa,TX,2012-07-31,196654.49776397887,,21.59051383166117,metro
394355,29,"Austin, TX",msa,TX,2012-08-31,197815.1127557449,,21.74153600414526,metro
394355,29,"Austin, TX",msa,TX,2012-09-30,198991.4948041349,,21.54737968572094,metro
394355,29,"Austin, TX",msa,TX,2012-10-31,200211.62596365737,,21.33000814095343,metro
394355,29,"Austin, TX",msa,TX,2012-11-30,201511.58674518456,,21.28566587655096,metro
394355,29,"Austin, TX",msa,TX,2012-12-31,202757.09173346093,,21.36784170666525,metro
394355,29,"Austin, TX",msa,TX,2013-01-31,204197.347148496,,21.61870941363178,metro
394355,29,"Austin, TX",msa,TX,2013-02-28,205817.7730191019,,21.96694401368703,metro
394355,29,"Austin, TX",msa,TX,2013-03-31,207562.52672455495,,22.093976092952712,metro
394355,29,"Austin, TX",msa,TX,2013-04-30,209314.71728246936,,21.92687733722832,metro
394355,29,"Austin, TX",msa,TX,2013-05-31,211031.8260583928,,22.15998432191699,metro
394355,29,"Austin, TX",msa,TX,2013-06-30,213165.53889044528,,23.388513826628042,metro
394355,29,"Austin, TX",msa,TX,2013-07-31,215311.02238396317,,24.230218394155358,metro
394355,29,"Austin, TX",msa,TX,2013-08-31,217467.94792272025,,24.656803826763042,metro
394355,29,"Austin, TX",msa,TX,2013-09-30,219365.23363649248,,24.90065361625912,metro
394355,29,"Austin, TX",msa,TX,2013-10-31,221175.0590483362,,24.4560943963892,metro
394355,29,"Austin, TX",msa,TX,2013-11-30,222922.9640317612,,24.7234188715545,metro
394355,29,"Austin, TX",msa,TX,2013-12-31,224624.2581136861,,25.233087511269282,metro
394355,29,"Austin, TX",msa,TX,2014-01-31,226539.00716581944,,27.82161082928552,metro
394355,29,"Austin, TX",msa,TX,2014-02-28,228539.20363253844,,27.68892220452252,metro
394355,29,"Austin, TX",msa,TX,2014-03-31,230665.40164297217,,27.90776422859339,metro
394355,29,"Austin, TX",msa,TX,2014-04-30,232821.87048470648,,28.03108532591509,metro
394355,29,"Austin, TX",msa,TX,2014-05-31,235154.696264438,,27.87225117752804,metro
394355,29,"Austin, TX",msa,TX,2014-06-30,237478.86192831185,,27.904356151652298,metro
394355,29,"Austin, TX",msa,TX,2014-07-31,239836.32515596517,,27.92278881690786,metro
394355,29,"Austin, TX",msa,TX,2014-08-31,241945.9234299568,,27.95034747676487,metro
394355,29,"Austin, TX",msa,TX,2014-09-30,243886.7962051812,,28.12206156743725,metro
394355,29,"Austin, TX",msa,TX,2014-10-31,245509.11649921795,,27.90036261202366,metro
394355,29,"Austin, TX",msa,TX,2014-11-30,247359.33768380276,,27.889666605268708,metro
394355,29,"Austin, TX",msa,TX,2014-12-31,249360.66168932093,,27.71948888513574,metro
394355,29,"Austin, TX",msa,TX,2015-01-31,251842.5390812451,1145.7098952830215,27.070423150883332,metro
394355,29,"Austin, TX",msa,TX,2015-02-28,254383.18039347723,1156.3241845604678,27.32450323674484,metro
394355,29,"Austin, TX",msa,TX,2015-03-31,256942.7507566535,1164.2668176765094,27.68251425658442,metro
394355,29,"Austin, TX",msa,TX,2015-04-30,258982.7163836884,1171.1975136071735,27.6647922155055,metro
394355,29,"Austin, TX",msa,TX,2015-05-31,260806.92453284896,1181.6656342825804,28.180137053866726,metro
394355,29,"Austin, TX",msa,TX,2015-06-30,262474.3924330545,1189.7360497649595,28.576269791016678,metro
394355,29,"Austin, TX",msa,TX,2015-07-31,264260.51049181266,1196.2749224115414,28.80343427774172,metro
394355,29,"Austin, TX",msa,TX,2015-08-31,266014.3208507775,1200.514190917016,28.5653243950159,metro
394355,29,"Austin, TX",msa,TX,2015-09-30,267750.215107981,1200.2526202324186,28.541199498118093,metro
394355,29,"Austin, TX",msa,TX,2015-10-31,269409.2984600905,1197.0473385645244,28.32899543349067,metro
394355,29,"Austin, TX",msa,TX,2015-11-30,271162.3357716708,1194.139206190861,28.65241774710201,metro
394355,29,"Austin, TX",msa,TX,2015-12-31,272914.7989007538,1197.4869474846903,28.73472105577092,metro
394355,29,"Austin, TX",msa,TX,2016-01-31,274975.7847477116,1202.5825462994142,28.384948321155477,metro
394355,29,"Austin, TX",msa,TX,2016-02-29,276991.55403147056,1205.9731613143902,27.98794855624445,metro
394355,29,"Austin, TX",msa,TX,2016-03-31,278667.8073865609,1209.367145036498,28.08308679532875,metro
394355,29,"Austin, TX",msa,TX,2016-04-30,280139.74931181484,1218.4390904714685,27.88972788125873,metro
394355,29,"Austin, TX",msa,TX,2016-05-31,281564.761628432,1227.510631622841,27.882106795549426,metro
394355,29,"Austin, TX",msa,TX,2016-06-30,283166.7501140584,1235.6103527091373,27.88388094781115,metro
394355,29,"Austin, TX",msa,TX,2016-07-31,284457.4050633511,1238.6429299805225,27.6616571912224,metro
394355,29,"Austin, TX",msa,TX,2016-08-31,285298.80874372245,1238.3822845456434,27.669461444994692,metro
394355,29,"Austin, TX",msa,TX,2016-09-30,285927.0639311463,1233.766807892568,27.7533517235094,metro
394355,29,"Austin, TX",msa,TX,2016-10-31,286796.76328858384,1225.6379938499692,27.831697899664658,metro
394355,29,"Austin, TX",msa,TX,2016-11-30,288192.26901758555,1220.9191297122204,28.57701642196116,metro
394355,29,"Austin, TX",msa,TX,2016-12-31,289972.61125247733,1221.918670028077,29.58138866310136,metro
394355,29,"Austin, TX",msa,TX,2017-01-31,291760.4816190523,1227.4552483244918,30.33500950991106,metro
394355,29,"Austin, TX",msa,TX,2017-02-28,293349.85608249664,1237.556076225828,30.39450856616846,metro
394355,29,"Austin, TX",msa,TX,2017-03-31,294734.7142448044,1250.4399068787725,30.44683567078864,metro
394355,29,"Austin, TX",msa,TX,2017-04-30,296084.61194226093,1260.862804044306,30.083541268111908,metro
394355,29,"Austin, TX",msa,TX,2017-05-31,296933.6639559366,1266.2850170372017,29.93806351225038,metro
394355,29,"Austin, TX",msa,TX,2017-06-30,297433.69704340043,1270.104762096193,29.616342890205228,metro
394355,29,"Austin, TX",msa,TX,2017-07-31,297632.5449136695,1270.1952010524842,29.65026960848839,metro
394355,29,"Austin, TX",msa,TX,2017-08-31,298060.7414528585,1267.3870489147344,29.381551095566472,metro
394355,29,"Austin, TX",msa,TX,2017-09-30,298699.7190359851,1260.8032159763563,29.198072868046033,metro
394355,29,"Austin, TX",msa,TX,2017-10-31,299567.06952196854,1254.2453882654745,29.40234495338786,metro
394355,29,"Austin, TX",msa,TX,2017-11-30,300546.4383884802,1253.795793368757,29.477237847790377,metro
394355,29,"Austin, TX",msa,TX,2017-12-31,301748.28241158515,1253.7197842961405,29.56359426457275,metro
394355,29,"Austin, TX",msa,TX,2018-01-31,302818.774777845,1255.1660768583845,29.439227422776398,metro
394355,29,"Austin, TX",msa,TX,2018-02-28,303742.75291021884,1263.357181241258,30.105756224798082,metro
394355,29,"Austin, TX",msa,TX,2018-03-31,304759.8355831558,1270.199894407353,30.37848563602567,metro
394355,29,"Austin, TX",msa,TX,2018-04-30,305574.8086768076,1281.3392850551895,30.42571575661675,metro
394355,29,"Austin, TX",msa,TX,2018-05-31,306431.2532007442,1286.426813606358,30.69138303484113,metro
394355,29,"Austin, TX",msa,TX,2018-06-30,307043.18728934234,1296.729802258219,30.61320562734487,metro
394355,29,"Austin, TX",msa,TX,2018-07-31,307964.0776177612,1304.4374864198708,30.489992252007408,metro
394355,29,"Austin, TX",msa,TX,2018-08-31,308764.26102334267,1308.5173977212196,30.486945945692067,metro
394355,29,"Austin, TX",msa,TX,2018-09-30,309508.96390698093,1307.329921003685,30.59691584397054,metro
394355,29,"Austin, TX",msa,TX,2018-10-31,310126.0549364624,1306.3670654255156,30.98124236104004,metro
394355,29,"Austin, TX",msa,TX,2018-11-30,310902.50501920265,1309.9613810327317,30.997602123840277,metro
394355,29,"Austin, TX",msa,TX,2018-12-31,311798.977660898,1311.269784515426,30.41123372742988,metro
394355,29,"Austin, TX",msa,TX,2019-01-31,312420.293638261,1313.6029881371194,30.484451792673163,metro
394355,29,"Austin, TX",msa,TX,2019-02-28,312927.38757340127,1320.1450752179796,30.185318050209208,metro
394355,29,"Austin, TX",msa,TX,2019-03-31,313331.2584126441,1332.4774606181477,29.886250567697882,metro
394355,29,"Austin, TX",msa,TX,2019-04-30,313795.1721279556,1343.3697528218077,29.55834938815588,metro
394355,29,"Austin, TX",msa,TX,2019-05-31,314357.9838076946,1349.8485197112366,29.35650448340529,metro
394355,29,"Austin, TX",msa,TX,2019-06-30,314993.0205091864,1355.4347077023244,28.74192540061451,metro
394355,29,"Austin, TX",msa,TX,2019-07-31,315752.6645039955,1363.2077520773255,28.652142037307073,metro
394355,29,"Austin, TX",msa,TX,2019-08-31,316702.2849053201,1369.3382582079505,28.353765922160818,metro
394355,29,"Austin, TX",msa,TX,2019-09-30,317884.86722718057,1369.9389084740596,28.36316715255704,metro
394355,29,"Austin, TX",msa,TX,2019-10-31,319581.2485598664,1368.0442057863672,28.613620322120397,metro
394355,29,"Austin, TX",msa,TX,2019-11-30,321636.61561066774,1365.0402142956548,28.74573440608325,metro
394355,29,"Austin, TX",msa,TX,2019-12-31,323987.0151308116,1366.02028148536,29.020698983857113,metro
394355,29,"Austin, TX",msa,TX,2020-01-31,326613.8989791552,1370.3852562172876,28.57266939350248,metro
394355,29,"Austin, TX",msa,TX,2020-02-29,329328.09081695793,1376.8775663520385,28.44891983612226,metro
394355,29,"Austin, TX",msa,TX,2020-03-31,332101.4369556623,1386.0206006001058,28.40710127692307,metro
394355,29,"Austin, TX",msa,TX,2020-04-30,334368.1605722693,1383.3608147560149,28.009341043830833,metro
394355,29,"Austin, TX",msa,TX,2020-05-31,335673.65539944766,1375.4279796489218,27.7205269614663,metro
394355,29,"Austin, TX",msa,TX,2020-06-30,336473.87716112006,1368.7685475099297,27.56557784906386,metro
394355,29,"Austin, TX",msa,TX,2020-07-31,337829.44434991776,1371.991223367452,27.31460158260086,metro
394355,29,"Austin, TX",msa,TX,2020-08-31,340688.4718823634,1374.618870087777,27.318244123976847,metro
394355,29,"Austin, TX",msa,TX,2020-09-30,345326.9047745828,1367.9009819462617,27.6070351164386,metro
394355,29,"Austin, TX",msa,TX,2020-10-31,350961.6141507685,1360.438905385339,27.95765207782525,metro
394355,29,"Austin, TX",msa,TX,2020-11-30,357457.3654464451,1357.0700900161587,28.29530752616624,metro
394355,29,"Austin, TX",msa,TX,2020-12-31,364217.8236890547,1359.7999765540978,28.33711820486689,metro
394355,29,"Austin, TX",msa,TX,2021-01-31,371626.45164066966,1370.4051064576895,27.442527705193882,metro
394355,29,"Austin, TX",msa,TX,2021-02-28,380574.62353543006,1385.891380688431,27.956228816217997,metro
394355,29,"Austin, TX",msa,TX,2021-03-31,393034.83042860095,1407.4654946309715,29.387700043747923,metro
394355,29,"Austin, TX",msa,TX,2021-04-30,410487.9683724879,1434.4911764868757,30.528505674655136,metro
394355,29,"Austin, TX",msa,TX,2021-05-31,431909.0127260605,1471.2400537296198,31.707752568353648,metro
394355,29,"Austin, TX",msa,TX,2021-06-30,453079.50172671006,1516.076009486194,32.90044748283901,metro
394355,29,"Austin, TX",msa,TX,2021-07-31,468945.2222080208,1566.05904389517,33.353758225954536,metro
394355,29,"Austin, TX",msa,TX,2021-08-31,478029.48041436326,1612.163262870203,33.62789564639447,metro
394355,29,"Austin, TX",msa,TX,2021-09-30,481725.6699891705,1641.70594124982,34.17941087843389,metro
394355,29,"Austin, TX",msa,TX,2021-10-31,484170.84239783976,1651.720582177623,35.03165887304115,metro
394355,29,"Austin, TX",msa,TX,2021-11-30,487570.6868338074,1648.605722138662,35.42457634936262,metro
394355,29,"Austin, TX",msa,TX,2021-12-31,492895.21398202906,1652.8438935184192,35.655226035798,metro
394355,29,"Austin, TX",msa,TX,2022-01-31,501991.33342409023,1656.2273463068352,35.71461521008393,metro
394355,29,"Austin, TX",msa,TX,2022-02-28,513946.5016213015,1673.039489468132,37.21501633126727,metro
394355,29,"Austin, TX",msa,TX,2022-03-31,528987.3685811168,1688.7636610304828,39.26874627807311,metro
394355,29,"Austin, TX",msa,TX,2022-04-30,543796.6309363676,1713.4298598148591,42.74538882186895,metro
394355,29,"Austin, TX",msa,TX,2022-05-31,556300.3485487704,1734.8220413423787,44.22768994317189,metro
394355,29,"Austin, TX",msa,TX,2022-06-30,563686.3350206626,1758.3084173894342,45.548411658135514,metro
394355,29,"Austin, TX",msa,TX,2022-07-31,562804.0709954596,1779.125302618015,44.80425263174881,metro
394355,29,"Austin, TX",msa,TX,2022-08-31,555082.1007425637,1781.6716606912246,43.31150783061486,metro
394355,29,"Austin, TX",msa,TX,2022-09-30,543227.6013108518,1772.188568139969,45.42669648961575,metro
394355,29,"Austin, TX",msa,TX,2022-10-31,532279.0913925838,1750.2685077646115,47.25550165929931,metro
394355,29,"Austin, TX",msa,TX,2022-11-30,522759.7949171914,1728.9818216993367,46.01105994024242,metro
394355,29,"Austin, TX",msa,TX,2022-12-31,514280.2627316348,1715.5210718809556,43.61331527304481,metro
394355,29,"Austin, TX",msa,TX,2023-01-31,506166.84190252406,1712.0304644369085,42.72444409245658,metro
394355,29,"Austin, TX",msa,TX,2023-02-28,498760.6618033857,1716.0256861157266,41.921802481712525,metro
394355,29,"Austin, TX",msa,TX,2023-03-31,492764.0973725538,1728.6522693592344,42.293978573143,metro
394355,29,"Austin, TX",msa,TX,2023-04-30,488385.0172139655,1732.4356650290567,41.24626078818008,metro
394355,29,"Austin, TX",msa,TX,2023-05-31,486055.5874613274,1738.5869693374595,41.26253996540011,metro
394355,29,"Austin, TX",msa,TX,2023-06-30,485042.0044237888,1734.3550874335476,42.00271319357546,metro
394355,29,"Austin, TX",msa,TX,2023-07-31,484101.5218992925,1732.9524555319924,42.2286077587811,metro
394355,29,"Austin, TX",msa,TX,2023-08-31,482638.40705750015,1722.2539375159772,42.75776674982586,metro
394355,29,"Austin, TX",msa,TX,2023-09-30,480371.9859143675,1704.656001555603,42.96188845131549,metro
394355,29,"Austin, TX",msa,TX,2023-10-31,477670.8126008061,1687.3912240366697,44.069302715216665,metro
394355,29,"Austin, TX",msa,TX,2023-11-30,474640.458603159,1674.040781867803,43.23093907656302,metro
394355,29,"Austin, TX",msa,TX,2023-12-31,471607.4302246466,1667.0796074009356,40.97019604467121,metro
394355,29,"Austin, TX",msa,TX,2024-01-31,469136.93163632887,1660.780081020112,41.07661587645346,metro
394355,29,"Austin, TX",msa,TX,2024-02-29,467410.1319824198,1658.3344439813368,41.26480009221082,metro
394355,29,"Austin, TX",msa,TX,2024-03-31,466833.3056507729,1658.7518354663555,41.291355469941735,metro
394355,29,"Austin, TX",msa,TX,2024-04-30,466783.57006522646,1664.7328685863663,41.774777470086896,metro
394355,29,"Austin, TX",msa,TX,2024-05-31,466076.7425207861,1671.6163373222132,41.85283236680366,metro
394355,29,"Austin, TX",msa,TX,2024-06-30,464201.1660980924,1673.9109899150048,41.202911086667235,metro
394355,29,"Austin, TX",msa,TX,2024-07-31,461904.9742848114,1669.3640973805166,40.745996116077585,metro
394355,29,"Austin, TX",msa,TX,2024-08-31,459996.7266207873,1655.4488851997585,39.50914165300089,metro
394355,29,"Austin, TX",msa,TX,2024-09-30,459074.4020192407,1640.99167736484,38.57263820797828,metro
394355,29,"Austin, TX",msa,TX,2024-10-31,458315.3080321657,1622.838659556314,39.16656423985132,metro
394355,29,"Austin, TX",msa,TX,2024-11-30,457409.8671365029,1609.035397148453,40.12612941311191,metro
394355,29,"Austin, TX",msa,TX,2024-12-31,455801.36884649686,1599.3725189594318,39.68159855976297,metro
394355,29,"Austin, TX",msa,TX,2025-01-31,453666.4347759082,1597.4561241852011,40.66329478898968,metro
394355,29,"Austin, TX",msa,TX,2025-02-28,451395.3735479281,1601.1255702510596,40.053334480771454,metro
394355,29,"Austin, TX",msa,TX,2025-03-31,448677.2145771917,1608.2910422987336,39.16253400315751,metro
394355,29,"Austin, TX",msa,TX,2025-04-30,445824.7883875804,1615.5734048063046,38.992811240780654,metro
394355,29,"Austin, TX",msa,TX,2025-05-31,442443.2239600368,1623.7035985972118,38.83071003219024,metro
394355,29,"Austin, TX",msa,TX,2025-06-30,438818.618604511,1622.9504665907778,38.43619982876068,metro
394355,29,"Austin, TX",msa,TX,2025-07-31,435424.5098774164,1613.7525408627016,37.80801933309476,metro
394355,29,"Austin, TX",msa,TX,2025-08-31,433101.53755816206,1598.394223562468,37.17608874417509,metro
394355,29,"Austin, TX",msa,TX,2025-09-30,431824.9903351879,1584.9245734838817,36.476936272460044,metro
394355,29,"Austin, TX",msa,TX,2025-10-31,430893.3203169384,1574.17728319032,36.06178359379183,metro
394355,29,"Austin, TX",msa,TX,2025-11-30,429742.6445372233,1563.2598914159605,35.84479599360716,metro
394355,29,"Austin, TX",msa,TX,2025-12-31,428344.6211668428,1556.1408720423958,35.531033980565915,metro
394355,29,"Austin, TX",msa,TX,2026-01-31,426643.3299457354,1555.7430778857438,35.09340138759679,metro
394355,29,"Austin, TX",msa,TX,2026-02-28,424642.2094300382,1563.2481090115027,34.7192022330914,metro
394463,3,"Chicago, IL",msa,IL,2000-01-31,151333.69413598842,,,metro
394463,3,"Chicago, IL",msa,IL,2000-02-29,151473.78505174,,,metro
394463,3,"Chicago, IL",msa,IL,2000-03-31,151740.59066832982,,,metro
394463,3,"Chicago, IL",msa,IL,2000-04-30,152404.33673702722,,,metro
394463,3,"Chicago, IL",msa,IL,2000-05-31,153202.7434213528,,,metro
394463,3,"Chicago, IL",msa,IL,2000-06-30,154098.77173586612,,,metro
394463,3,"Chicago, IL",msa,IL,2000-07-31,155052.47347416423,,,metro
394463,3,"Chicago, IL",msa,IL,2000-08-31,156398.1808938981,,,metro
394463,3,"Chicago, IL",msa,IL,2000-09-30,157978.3587685547,,,metro
394463,3,"Chicago, IL",msa,IL,2000-10-31,159798.66530888362,,,metro
394463,3,"Chicago, IL",msa,IL,2000-11-30,161179.5492052996,,,metro
394463,3,"Chicago, IL",msa,IL,2000-12-31,162307.74583113927,,,metro
394463,3,"Chicago, IL",msa,IL,2001-01-31,163122.3379576153,,,metro
394463,3,"Chicago, IL",msa,IL,2001-02-28,163920.95950363015,,,metro
394463,3,"Chicago, IL",msa,IL,2001-03-31,164760.7851251893,,,metro
394463,3,"Chicago, IL",msa,IL,2001-04-30,165652.03371203865,,,metro
394463,3,"Chicago, IL",msa,IL,2001-05-31,166724.37883600275,,,metro
394463,3,"Chicago, IL",msa,IL,2001-06-30,167841.79086533806,,,metro
394463,3,"Chicago, IL",msa,IL,2001-07-31,168938.48189870044,,,metro
394463,3,"Chicago, IL",msa,IL,2001-08-31,170292.73653670272,,,metro
394463,3,"Chicago, IL",msa,IL,2001-09-30,171810.6248443135,,,metro
394463,3,"Chicago, IL",msa,IL,2001-10-31,173600.25810895208,,,metro
394463,3,"Chicago, IL",msa,IL,2001-11-30,174928.31514987387,,,metro
394463,3,"Chicago, IL",msa,IL,2001-12-31,175954.21596634694,,,metro
394463,3,"Chicago, IL",msa,IL,2002-01-31,176621.7404979167,,,metro
394463,3,"Chicago, IL",msa,IL,2002-02-28,177418.67061980555,,,metro
394463,3,"Chicago, IL",msa,IL,2002-03-31,178354.55413169818,,,metro
394463,3,"Chicago, IL",msa,IL,2002-04-30,179249.84420609102,,,metro
394463,3,"Chicago, IL",msa,IL,2002-05-31,180217.584438948,,,metro
394463,3,"Chicago, IL",msa,IL,2002-06-30,181195.30889329215,,,metro
394463,3,"Chicago, IL",msa,IL,2002-07-31,182372.65118468137,,,metro
394463,3,"Chicago, IL",msa,IL,2002-08-31,183864.1698116984,,,metro
394463,3,"Chicago, IL",msa,IL,2002-09-30,185491.5175766759,,,metro
394463,3,"Chicago, IL",msa,IL,2002-10-31,187236.5836741533,,,metro
394463,3,"Chicago, IL",msa,IL,2002-11-30,188416.03989756457,,,metro
394463,3,"Chicago, IL",msa,IL,2002-12-31,189464.28695573445,,,metro
394463,3,"Chicago, IL",msa,IL,2003-01-31,190291.1623382712,,,metro
394463,3,"Chicago, IL",msa,IL,2003-02-28,191332.15787347185,,,metro
394463,3,"Chicago, IL",msa,IL,2003-03-31,192319.2857412048,,,metro
394463,3,"Chicago, IL",msa,IL,2003-04-30,193444.481761778,,,metro
394463,3,"Chicago, IL",msa,IL,2003-05-31,194489.74908523168,,,metro
394463,3,"Chicago, IL",msa,IL,2003-06-30,195494.2556715519,,,metro
394463,3,"Chicago, IL",msa,IL,2003-07-31,196398.4466945317,,,metro
394463,3,"Chicago, IL",msa,IL,2003-08-31,197678.24213950415,,,metro
394463,3,"Chicago, IL",msa,IL,2003-09-30,199242.9404166527,,,metro
394463,3,"Chicago, IL",msa,IL,2003-10-31,200984.5783398211,,,metro
394463,3,"Chicago, IL",msa,IL,2003-11-30,202338.68853552965,,,metro
394463,3,"Chicago, IL",msa,IL,2003-12-31,203414.47092808376,,,metro
394463,3,"Chicago, IL",msa,IL,2004-01-31,204407.55199741825,,,metro
394463,3,"Chicago, IL",msa,IL,2004-02-29,205457.16832889136,,,metro
394463,3,"Chicago, IL",msa,IL,2004-03-31,206511.8557938987,,,metro
394463,3,"Chicago, IL",msa,IL,2004-04-30,207711.8890623468,,,metro
394463,3,"Chicago, IL",msa,IL,2004-05-31,209052.5281266749,,,metro
394463,3,"Chicago, IL",msa,IL,2004-06-30,210645.4450504544,,,metro
394463,3,"Chicago, IL",msa,IL,2004-07-31,212163.7672856152,,,metro
394463,3,"Chicago, IL",msa,IL,2004-08-31,213894.0176120304,,,metro
394463,3,"Chicago, IL",msa,IL,2004-09-30,215579.3220360745,,,metro
394463,3,"Chicago, IL",msa,IL,2004-10-31,217432.6544189494,,,metro
394463,3,"Chicago, IL",msa,IL,2004-11-30,219006.9208982706,,,metro
394463,3,"Chicago, IL",msa,IL,2004-12-31,220556.53191742612,,,metro
394463,3,"Chicago, IL",msa,IL,2005-01-31,221872.5244403196,,,metro
394463,3,"Chicago, IL",msa,IL,2005-02-28,223348.35975909643,,,metro
394463,3,"Chicago, IL",msa,IL,2005-03-31,224833.5702005146,,,metro
394463,3,"Chicago, IL",msa,IL,2005-04-30,226479.68916922645,,,metro
394463,3,"Chicago, IL",msa,IL,2005-05-31,228173.7902209059,,,metro
394463,3,"Chicago, IL",msa,IL,2005-06-30,229926.89914191616,,,metro
394463,3,"Chicago, IL",msa,IL,2005-07-31,231582.1147040293,,,metro
394463,3,"Chicago, IL",msa,IL,2005-08-31,233361.38103854345,,,metro
394463,3,"Chicago, IL",msa,IL,2005-09-30,235327.82707000876,,,metro
394463,3,"Chicago, IL",msa,IL,2005-10-31,237479.0251198836,,,metro
394463,3,"Chicago, IL",msa,IL,2005-11-30,239173.25778117543,,,metro
394463,3,"Chicago, IL",msa,IL,2005-12-31,240618.5270906864,,,metro
394463,3,"Chicago, IL",msa,IL,2006-01-31,241822.0975278373,,,metro
394463,3,"Chicago, IL",msa,IL,2006-02-28,243140.77398248867,,,metro
394463,3,"Chicago, IL",msa,IL,2006-03-31,244506.67679984192,,,metro
394463,3,"Chicago, IL",msa,IL,2006-04-30,245755.1582194196,,,metro
394463,3,"Chicago, IL",msa,IL,2006-05-31,247041.03219395236,,,metro
394463,3,"Chicago, IL",msa,IL,2006-06-30,247936.541892614,,,metro
394463,3,"Chicago, IL",msa,IL,2006-07-31,248615.47445899437,,,metro
394463,3,"Chicago, IL",msa,IL,2006-08-31,249089.71198130108,,,metro
394463,3,"Chicago, IL",msa,IL,2006-09-30,249464.33938485835,,,metro
394463,3,"Chicago, IL",msa,IL,2006-10-31,249751.9149596011,,,metro
394463,3,"Chicago, IL",msa,IL,2006-11-30,250000.5022691693,,,metro
394463,3,"Chicago, IL",msa,IL,2006-12-31,250365.3157830997,,,metro
394463,3,"Chicago, IL",msa,IL,2007-01-31,250939.4675604202,,,metro
394463,3,"Chicago, IL",msa,IL,2007-02-28,251556.55228573995,,,metro
394463,3,"Chicago, IL",msa,IL,2007-03-31,252059.37786388004,,,metro
394463,3,"Chicago, IL",msa,IL,2007-04-30,252252.45278452904,,,metro
394463,3,"Chicago, IL",msa,IL,2007-05-31,252174.9256081528,,,metro
394463,3,"Chicago, IL",msa,IL,2007-06-30,251892.2312249537,,,metro
394463,3,"Chicago, IL",msa,IL,2007-07-31,251438.10577751603,,,metro
394463,3,"Chicago, IL",msa,IL,2007-08-31,250902.6979175282,,,metro
394463,3,"Chicago, IL",msa,IL,2007-09-30,250077.15803203968,,,metro
394463,3,"Chicago, IL",msa,IL,2007-10-31,249178.00619419312,,,metro
394463,3,"Chicago, IL",msa,IL,2007-11-30,248287.21941863536,,,metro
394463,3,"Chicago, IL",msa,IL,2007-12-31,247279.30744740425,,,metro
394463,3,"Chicago, IL",msa,IL,2008-01-31,246230.4760825004,,,metro
394463,3,"Chicago, IL",msa,IL,2008-02-29,244118.2213628847,,,metro
394463,3,"Chicago, IL",msa,IL,2008-03-31,243218.2153524106,,,metro
394463,3,"Chicago, IL",msa,IL,2008-04-30,241398.5864281269,,,metro
394463,3,"Chicago, IL",msa,IL,2008-05-31,240824.3081964918,,,metro
394463,3,"Chicago, IL",msa,IL,2008-06-30,238673.2925257529,,,metro
394463,3,"Chicago, IL",msa,IL,2008-07-31,237370.2835796102,,,metro
394463,3,"Chicago, IL",msa,IL,2008-08-31,234821.12993703265,,,metro
394463,3,"Chicago, IL",msa,IL,2008-09-30,232714.97611320004,,,metro
394463,3,"Chicago, IL",msa,IL,2008-10-31,229763.71524792945,,,metro
394463,3,"Chicago, IL",msa,IL,2008-11-30,226988.95797849863,,,metro
394463,3,"Chicago, IL",msa,IL,2008-12-31,223668.4788078731,,,metro
394463,3,"Chicago, IL",msa,IL,2009-01-31,219953.264347636,,,metro
394463,3,"Chicago, IL",msa,IL,2009-02-28,217012.3158562612,,,metro
394463,3,"Chicago, IL",msa,IL,2009-03-31,214142.30006933145,,,metro
394463,3,"Chicago, IL",msa,IL,2009-04-30,212512.3073444455,,,metro
394463,3,"Chicago, IL",msa,IL,2009-05-31,210526.22452349492,,,metro
394463,3,"Chicago, IL",msa,IL,2009-06-30,209034.42049639064,,,metro
394463,3,"Chicago, IL",msa,IL,2009-07-31,207463.3090832057,,,metro
394463,3,"Chicago, IL",msa,IL,2009-08-31,206041.9892105049,,,metro
394463,3,"Chicago, IL",msa,IL,2009-09-30,204004.0027956233,,,metro
394463,3,"Chicago, IL",msa,IL,2009-10-31,202036.60990714945,,,metro
394463,3,"Chicago, IL",msa,IL,2009-11-30,200076.86442732695,,,metro
394463,3,"Chicago, IL",msa,IL,2009-12-31,199099.74886329225,,,metro
394463,3,"Chicago, IL",msa,IL,2010-01-31,198148.91116489164,,,metro
394463,3,"Chicago, IL",msa,IL,2010-02-28,197794.54373691796,,,metro
394463,3,"Chicago, IL",msa,IL,2010-03-31,196803.69643367536,,,metro
394463,3,"Chicago, IL",msa,IL,2010-04-30,196957.43514795575,,,metro
394463,3,"Chicago, IL",msa,IL,2010-05-31,196496.64248716584,,,metro
394463,3,"Chicago, IL",msa,IL,2010-06-30,196862.5053544695,,,metro
394463,3,"Chicago, IL",msa,IL,2010-07-31,195306.71418045703,,,metro
394463,3,"Chicago, IL",msa,IL,2010-08-31,193965.45784281832,,,metro
394463,3,"Chicago, IL",msa,IL,2010-09-30,191815.0097788017,,,metro
394463,3,"Chicago, IL",msa,IL,2010-10-31,190104.9636316843,,,metro
394463,3,"Chicago, IL",msa,IL,2010-11-30,187714.8084825544,,,metro
394463,3,"Chicago, IL",msa,IL,2010-12-31,185398.39337541416,,,metro
394463,3,"Chicago, IL",msa,IL,2011-01-31,183288.84614940968,,,metro
394463,3,"Chicago, IL",msa,IL,2011-02-28,181624.81996918796,,,metro
394463,3,"Chicago, IL",msa,IL,2011-03-31,180482.9188279228,,,metro
394463,3,"Chicago, IL",msa,IL,2011-04-30,179176.296325473,,,metro
394463,3,"Chicago, IL",msa,IL,2011-05-31,178322.5479153859,,,metro
394463,3,"Chicago, IL",msa,IL,2011-06-30,177124.88461721354,,,metro
394463,3,"Chicago, IL",msa,IL,2011-07-31,176463.6329439896,,,metro
394463,3,"Chicago, IL",msa,IL,2011-08-31,175405.12845438137,,,metro
394463,3,"Chicago, IL",msa,IL,2011-09-30,174376.23272227522,,,metro
394463,3,"Chicago, IL",msa,IL,2011-10-31,172525.7725558188,,,metro
394463,3,"Chicago, IL",msa,IL,2011-11-30,171067.1615375286,,,metro
394463,3,"Chicago, IL",msa,IL,2011-12-31,169188.57627660828,,,metro
394463,3,"Chicago, IL",msa,IL,2012-01-31,167967.76257937076,,23.20582164057796,metro
394463,3,"Chicago, IL",msa,IL,2012-02-29,166679.55902655135,,22.9508567176167,metro
394463,3,"Chicago, IL",msa,IL,2012-03-31,165910.86792137858,,22.90392520124883,metro
394463,3,"Chicago, IL",msa,IL,2012-04-30,165210.47001917617,,22.70127177196737,metro
394463,3,"Chicago, IL",msa,IL,2012-05-31,164627.23501590907,,22.4145353298023,metro
394463,3,"Chicago, IL",msa,IL,2012-06-30,164476.4533746982,,22.17709381258733,metro
394463,3,"Chicago, IL",msa,IL,2012-07-31,164604.21460447996,,21.97837307272098,metro
394463,3,"Chicago, IL",msa,IL,2012-08-31,164688.7770584174,,22.02875808406461,metro
394463,3,"Chicago, IL",msa,IL,2012-09-30,164695.84279223715,,21.790450735680718,metro
394463,3,"Chicago, IL",msa,IL,2012-10-31,164504.8156358488,,21.5082273717148,metro
394463,3,"Chicago, IL",msa,IL,2012-11-30,164179.71371880875,,21.34631026791807,metro
394463,3,"Chicago, IL",msa,IL,2012-12-31,164032.90104115396,,21.31567967717575,metro
394463,3,"Chicago, IL",msa,IL,2013-01-31,164414.38440462263,,20.81964168810005,metro
394463,3,"Chicago, IL",msa,IL,2013-02-28,165506.46526287872,,21.11809769689688,metro
394463,3,"Chicago, IL",msa,IL,2013-03-31,166725.3860358832,,21.24809048259618,metro
394463,3,"Chicago, IL",msa,IL,2013-04-30,168298.05368749303,,21.18467059602306,metro
394463,3,"Chicago, IL",msa,IL,2013-05-31,169658.82470275168,,21.41837937753008,metro
394463,3,"Chicago, IL",msa,IL,2013-06-30,171369.79697048804,,22.45463134675649,metro
394463,3,"Chicago, IL",msa,IL,2013-07-31,172801.6329976161,,23.1430387456749,metro
394463,3,"Chicago, IL",msa,IL,2013-08-31,174475.043421877,,23.52189112490847,metro
394463,3,"Chicago, IL",msa,IL,2013-09-30,176035.4578306945,,23.73940339643187,metro
394463,3,"Chicago, IL",msa,IL,2013-10-31,177918.14754977846,,23.44750141448376,metro
394463,3,"Chicago, IL",msa,IL,2013-11-30,179707.08936304197,,23.72641377257273,metro
394463,3,"Chicago, IL",msa,IL,2013-12-31,181456.473154796,,24.23753168286307,metro
394463,3,"Chicago, IL",msa,IL,2014-01-31,182849.1178447297,,23.94860690339874,metro
394463,3,"Chicago, IL",msa,IL,2014-02-28,184251.07448596312,,23.86278896192242,metro
394463,3,"Chicago, IL",msa,IL,2014-03-31,185556.23367467432,,24.02253224585119,metro
394463,3,"Chicago, IL",msa,IL,2014-04-30,186752.4982109188,,24.08738948294062,metro
394463,3,"Chicago, IL",msa,IL,2014-05-31,187940.2748983,,23.91594436419789,metro
394463,3,"Chicago, IL",msa,IL,2014-06-30,188924.47255315268,,23.92101141865108,metro
394463,3,"Chicago, IL",msa,IL,2014-07-31,189922.12117991908,,23.92353043946298,metro
394463,3,"Chicago, IL",msa,IL,2014-08-31,190668.5061779276,,23.92675094819676,metro
394463,3,"Chicago, IL",msa,IL,2014-09-30,191288.9338447535,,24.03176392304058,metro
394463,3,"Chicago, IL",msa,IL,2014-10-31,191788.8421269677,,23.83268333443048,metro
394463,3,"Chicago, IL",msa,IL,2014-11-30,192316.5889622488,,23.783282055593542,metro
394463,3,"Chicago, IL",msa,IL,2014-12-31,192856.228472462,,23.57091980713516,metro
394463,3,"Chicago, IL",msa,IL,2015-01-31,193338.7464779925,1358.1944886456945,23.288927638727543,metro
394463,3,"Chicago, IL",msa,IL,2015-02-28,193649.319295178,1365.287059043705,23.3391243004689,metro
394463,3,"Chicago, IL",msa,IL,2015-03-31,194185.4094623075,1375.185650377819,23.45303362354204,metro
394463,3,"Chicago, IL",msa,IL,2015-04-30,194710.75361119065,1384.606622902613,23.306178750166378,metro
394463,3,"Chicago, IL",msa,IL,2015-05-31,195582.38424672544,1394.471486337961,23.63125648360932,metro
394463,3,"Chicago, IL",msa,IL,2015-06-30,196287.7958370192,1403.9424466634734,23.87862692386517,metro
394463,3,"Chicago, IL",msa,IL,2015-07-31,197080.7700531192,1408.3216926546286,24.000990300535598,metro
394463,3,"Chicago, IL",msa,IL,2015-08-31,197753.24113561556,1410.80954261212,23.76240129786582,metro
394463,3,"Chicago, IL",msa,IL,2015-09-30,198548.30379533555,1405.7619931890144,23.7326180371334,metro
394463,3,"Chicago, IL",msa,IL,2015-10-31,199637.81163137956,1398.8274930690436,23.60182223718351,metro
394463,3,"Chicago, IL",msa,IL,2015-11-30,200781.9922222975,1392.4134708890554,23.88044111442233,metro
394463,3,"Chicago, IL",msa,IL,2015-12-31,201959.8332471836,1392.960474784883,23.9800684883709,metro
394463,3,"Chicago, IL",msa,IL,2016-01-31,203116.50004786285,1401.0893291006485,23.85793927664087,metro
394463,3,"Chicago, IL",msa,IL,2016-02-29,204302.35290624504,1410.297319758099,23.57442902410591,metro
394463,3,"Chicago, IL",msa,IL,2016-03-31,205092.42577227403,1421.5886252926043,23.67546510867798,metro
394463,3,"Chicago, IL",msa,IL,2016-04-30,205833.6878318521,1428.9966405152538,23.56884702912738,metro
394463,3,"Chicago, IL",msa,IL,2016-05-31,206478.14344450756,1437.4534087228053,23.592833055164288,metro
394463,3,"Chicago, IL",msa,IL,2016-06-30,207255.45355183337,1444.561503667102,23.59552368920454,metro
394463,3,"Chicago, IL",msa,IL,2016-07-31,207677.77534986052,1450.4745758485838,23.403695642407122,metro
394463,3,"Chicago, IL",msa,IL,2016-08-31,208055.64669343168,1453.605807544343,23.4062173280607,metro
394463,3,"Chicago, IL",msa,IL,2016-09-30,208484.22066898653,1447.0911944445922,23.44046277726196,metro
394463,3,"Chicago, IL",msa,IL,2016-10-31,209270.1690935436,1437.732425439467,23.48357499124708,metro
394463,3,"Chicago, IL",msa,IL,2016-11-30,210192.134149494,1426.345886663205,24.02466592786899,metro
394463,3,"Chicago, IL",msa,IL,2016-12-31,211411.83984688265,1420.9296923594457,24.822618353880323,metro
394463,3,"Chicago, IL",msa,IL,2017-01-31,212673.17939724456,1426.7839751286351,24.51499154289089,metro
394463,3,"Chicago, IL",msa,IL,2017-02-28,214047.5185180208,1440.1777952134426,24.62231459603077,metro
394463,3,"Chicago, IL",msa,IL,2017-03-31,215587.482275252,1458.3588659670136,24.740819828648,metro
394463,3,"Chicago, IL",msa,IL,2017-04-30,216885.16670934693,1471.6400379740662,24.51125678894348,metro
394463,3,"Chicago, IL",msa,IL,2017-05-31,217920.47876018292,1483.0450015023523,24.46200426581139,metro
394463,3,"Chicago, IL",msa,IL,2017-06-30,218289.08875338416,1488.8878996244744,24.25044244244819,metro
394463,3,"Chicago, IL",msa,IL,2017-07-31,218512.1497243341,1490.652914978303,24.32464914427941,metro
394463,3,"Chicago, IL",msa,IL,2017-08-31,218697.09467830192,1486.1487004443577,24.13779226969492,metro
394463,3,"Chicago, IL",msa,IL,2017-09-30,219374.426051232,1480.4933462256213,24.03520790109081,metro
394463,3,"Chicago, IL",msa,IL,2017-10-31,220324.97998623957,1469.9774565580349,24.24539895293126,metro
394463,3,"Chicago, IL",msa,IL,2017-11-30,221503.2297201641,1463.567697963169,24.36593755813812,metro
394463,3,"Chicago, IL",msa,IL,2017-12-31,222751.27662182177,1461.238875115028,24.46462260221794,metro
394463,3,"Chicago, IL",msa,IL,2018-01-31,224146.68779532344,1469.4930443374164,24.49027466154812,metro
394463,3,"Chicago, IL",msa,IL,2018-02-28,225485.64115156684,1480.7799212675438,25.074193122933202,metro
394463,3,"Chicago, IL",msa,IL,2018-03-31,227032.36629855048,1493.381414210857,25.35724579046214,metro
394463,3,"Chicago, IL",msa,IL,2018-04-30,228241.24418670023,1504.2451015931656,25.43945284512103,metro
394463,3,"Chicago, IL",msa,IL,2018-05-31,229187.29023013596,1514.273617726506,25.66450156276443,metro
394463,3,"Chicago, IL",msa,IL,2018-06-30,229292.16058305436,1523.2082320212453,25.54060732075009,metro
394463,3,"Chicago, IL",msa,IL,2018-07-31,229332.71940225255,1527.3638619912908,25.35760565778988,metro
394463,3,"Chicago, IL",msa,IL,2018-08-31,229250.4138098517,1524.7076022776246,25.27561103926515,metro
394463,3,"Chicago, IL",msa,IL,2018-09-30,229348.16432554385,1514.325588984511,25.31519260142881,metro
394463,3,"Chicago, IL",msa,IL,2018-10-31,229488.4680824929,1503.191272365016,25.58574950663845,metro
394463,3,"Chicago, IL",msa,IL,2018-11-30,229793.3186203497,1496.8109801156625,25.57677057194584,metro
394463,3,"Chicago, IL",msa,IL,2018-12-31,230375.590143796,1497.8527898265288,25.14475949117007,metro
394463,3,"Chicago, IL",msa,IL,2019-01-31,231253.29868745615,1506.536005344531,24.863914894212062,metro
394463,3,"Chicago, IL",msa,IL,2019-02-28,232445.65908384905,1516.5474514450575,24.74469769015057,metro
394463,3,"Chicago, IL",msa,IL,2019-03-31,233571.32429356468,1532.113408972992,24.599550095544352,metro
394463,3,"Chicago, IL",msa,IL,2019-04-30,234472.45388500844,1545.4335014688345,24.39984488661692,metro
394463,3,"Chicago, IL",msa,IL,2019-05-31,234881.8642348173,1557.8466058186336,24.24891246460012,metro
394463,3,"Chicago, IL",msa,IL,2019-06-30,235087.61670640128,1564.5425855478452,23.7650869416034,metro
394463,3,"Chicago, IL",msa,IL,2019-07-31,234908.3002066057,1567.0737288850082,23.65356867596315,metro
394463,3,"Chicago, IL",msa,IL,2019-08-31,234694.33765022483,1566.1867137635409,23.3599766491331,metro
394463,3,"Chicago, IL",msa,IL,2019-09-30,234245.24909140752,1560.9551632195978,23.30283093131639,metro
394463,3,"Chicago, IL",msa,IL,2019-10-31,234135.65445910709,1554.393184342866,23.43856381848869,metro
394463,3,"Chicago, IL",msa,IL,2019-11-30,234331.62779360396,1547.5894771008195,23.476422687828,metro
394463,3,"Chicago, IL",msa,IL,2019-12-31,234955.83162015435,1542.829264439756,23.5914449168116,metro
394463,3,"Chicago, IL",msa,IL,2020-01-31,236072.01742548725,1551.4603741456726,23.47515185687505,metro
394463,3,"Chicago, IL",msa,IL,2020-02-29,237401.64108316207,1563.0760091136774,23.31344847791874,metro
394463,3,"Chicago, IL",msa,IL,2020-03-31,238796.65873955944,1578.1352279625369,23.20337492396474,metro
394463,3,"Chicago, IL",msa,IL,2020-04-30,239668.1751794444,1579.253654121929,22.80122359920976,metro
394463,3,"Chicago, IL",msa,IL,2020-05-31,239760.862759782,1578.697193744946,22.47414818145875,metro
394463,3,"Chicago, IL",msa,IL,2020-06-30,239303.79307919988,1576.3712253315528,22.223772285743358,metro
394463,3,"Chicago, IL",msa,IL,2020-07-31,238831.94336686065,1576.1259718559418,21.869616273426733,metro
394463,3,"Chicago, IL",msa,IL,2020-08-31,239155.9299238605,1570.883816628032,21.70187677232196,metro
394463,3,"Chicago, IL",msa,IL,2020-09-30,240715.02850959307,1556.675652464582,21.79283200382645,metro
394463,3,"Chicago, IL",msa,IL,2020-10-31,243139.09677387905,1536.7022971613585,21.95388128387957,metro
394463,3,"Chicago, IL",msa,IL,2020-11-30,246142.08212520927,1520.5886997459604,22.115045666239112,metro
394463,3,"Chicago, IL",msa,IL,2020-12-31,249128.4091135262,1514.5616363534475,22.090751672574623,metro
394463,3,"Chicago, IL",msa,IL,2021-01-31,252095.8009782693,1517.723517444621,21.771404489695108,metro
394463,3,"Chicago, IL",msa,IL,2021-02-28,255319.95680028968,1528.271422084793,22.01888153728769,metro
394463,3,"Chicago, IL",msa,IL,2021-03-31,258670.1781965436,1544.3010334444657,22.78756716862605,metro
394463,3,"Chicago, IL",msa,IL,2021-04-30,261886.19021019628,1568.643875277868,23.09207278054427,metro
394463,3,"Chicago, IL",msa,IL,2021-05-31,264835.90900898166,1594.5655459982174,23.21267718832631,metro
394463,3,"Chicago, IL",msa,IL,2021-06-30,267678.0142151764,1619.1683232320313,23.31412931660239,metro
394463,3,"Chicago, IL",msa,IL,2021-07-31,270050.91867358884,1637.639780629635,23.14093580569839,metro
394463,3,"Chicago, IL",msa,IL,2021-08-31,271440.4443460584,1649.9649575704254,23.07062863132252,metro
394463,3,"Chicago, IL",msa,IL,2021-09-30,271701.22907193075,1657.2518352515183,23.27251244131315,metro
394463,3,"Chicago, IL",msa,IL,2021-10-31,271844.8717719493,1656.6894538711788,23.694464469521,metro
394463,3,"Chicago, IL",msa,IL,2021-11-30,272509.3142410662,1657.3103568333777,23.83564543334598,metro
394463,3,"Chicago, IL",msa,IL,2021-12-31,273969.7714288197,1662.7216250756217,23.88958864709799,metro
394463,3,"Chicago, IL",msa,IL,2022-01-31,276564.8666641584,1675.8104060209444,24.42602374068989,metro
394463,3,"Chicago, IL",msa,IL,2022-02-28,280345.0481002944,1691.2262824505406,25.17619217083355,metro
394463,3,"Chicago, IL",msa,IL,2022-03-31,285058.7129592747,1710.6441160655304,26.21817365911393,metro
394463,3,"Chicago, IL",msa,IL,2022-04-30,289619.0067952231,1734.465885440139,28.092015000655792,metro
394463,3,"Chicago, IL",msa,IL,2022-05-31,292799.0171052507,1759.7844520006424,28.7448972706341,metro
394463,3,"Chicago, IL",msa,IL,2022-06-30,294947.4921719832,1779.6470058793211,29.42124929390243,metro
394463,3,"Chicago, IL",msa,IL,2022-07-31,295468.94527729106,1794.861061569038,29.10782306670443,metro
394463,3,"Chicago, IL",msa,IL,2022-08-31,294858.1295196586,1802.085199303909,28.54171821152619,metro
394463,3,"Chicago, IL",msa,IL,2022-09-30,293195.4541323552,1803.2973515504616,30.197293530183423,metro
394463,3,"Chicago, IL",msa,IL,2022-10-31,291858.3208556121,1799.1149961742333,31.716987989183338,metro
394463,3,"Chicago, IL",msa,IL,2022-11-30,291093.7148944706,1793.9405613209055,31.360741367043683,metro
394463,3,"Chicago, IL",msa,IL,2022-12-31,290677.399364954,1794.2999265167434,30.26807172083929,metro
394463,3,"Chicago, IL",msa,IL,2023-01-31,290074.40669587627,1801.5392658743835,29.92973098035646,metro
394463,3,"Chicago, IL",msa,IL,2023-02-28,289922.2836549196,1816.1043790139104,29.78869888529762,metro
394463,3,"Chicago, IL",msa,IL,2023-03-31,290561.52627042413,1834.2573713887796,30.36864601469842,metro
394463,3,"Chicago, IL",msa,IL,2023-04-30,292239.0041948022,1853.016887944217,30.016193836339227,metro
394463,3,"Chicago, IL",msa,IL,2023-05-31,294411.7390637372,1874.0386462100269,30.31467619089302,metro
394463,3,"Chicago, IL",msa,IL,2023-06-30,296951.1287826717,1891.277155891288,31.110875159137958,metro
394463,3,"Chicago, IL",msa,IL,2023-07-31,299471.0706104981,1902.926933825618,31.563652369608842,metro
394463,3,"Chicago, IL",msa,IL,2023-08-31,301904.1653436511,1908.7237336658825,32.241715762223,metro
394463,3,"Chicago, IL",msa,IL,2023-09-30,303717.6257444477,1905.4090622405329,32.61696718062439,metro
394463,3,"Chicago, IL",msa,IL,2023-10-31,305067.7908928246,1898.4886261911336,33.604846048087026,metro
394463,3,"Chicago, IL",msa,IL,2023-11-30,305972.6129205205,1891.6622227593275,33.19875437638448,metro
394463,3,"Chicago, IL",msa,IL,2023-12-31,306600.4144044683,1893.8425528741557,31.7841367547701,metro
394463,3,"Chicago, IL",msa,IL,2024-01-31,307253.4218092328,1902.8456279280024,30.91245813469403,metro
394463,3,"Chicago, IL",msa,IL,2024-02-29,308623.6930085568,1917.619844704156,31.25673675749362,metro
394463,3,"Chicago, IL",msa,IL,2024-03-31,311005.63623687014,1932.7964322438168,31.49782595729249,metro
394463,3,"Chicago, IL",msa,IL,2024-04-30,313840.974458171,1952.0704333028384,32.08725860639954,metro
394463,3,"Chicago, IL",msa,IL,2024-05-31,315934.5697441046,1968.7445318019704,32.35045724885592,metro
394463,3,"Chicago, IL",msa,IL,2024-06-30,317142.5761225032,1984.6891953074776,32.08113935990481,metro
394463,3,"Chicago, IL",msa,IL,2024-07-31,317869.45118651894,1993.630351425365,31.93789482696368,metro
394463,3,"Chicago, IL",msa,IL,2024-08-31,318780.0119737826,1997.475188111184,31.18969259018082,metro
394463,3,"Chicago, IL",msa,IL,2024-09-30,319770.9380961131,1996.3964858026109,30.61350828282529,metro
394463,3,"Chicago, IL",msa,IL,2024-10-31,320736.5956304655,1994.70191341724,31.188656197242796,metro
394463,3,"Chicago, IL",msa,IL,2024-11-30,321762.2585337353,1993.6628263399875,32.06522357966189,metro
394463,3,"Chicago, IL",msa,IL,2024-12-31,322994.20228710835,1996.695337063528,31.923528576364763,metro
394463,3,"Chicago, IL",msa,IL,2025-01-31,324320.8933342372,2005.0387703735169,35.38061026015066,metro
394463,3,"Chicago, IL",msa,IL,2025-02-28,325649.07056421344,2021.884398385632,35.177429935263746,metro
394463,3,"Chicago, IL",msa,IL,2025-03-31,326483.3836476405,2041.9195638471488,34.71962936197812,metro
394463,3,"Chicago, IL",msa,IL,2025-04-30,327076.0859119928,2064.105190155248,34.816753460599756,metro
394463,3,"Chicago, IL",msa,IL,2025-05-31,327362.69446884136,2084.2403298752256,34.926141993399916,metro
394463,3,"Chicago, IL",msa,IL,2025-06-30,327718.682483399,2102.8188371006618,34.87335445711618,metro
394463,3,"Chicago, IL",msa,IL,2025-07-31,328546.4576159713,2113.7107502302965,34.65767910066369,metro
394463,3,"Chicago, IL",msa,IL,2025-08-31,329528.5229240581,2117.7830493091105,34.37614877183252,metro
394463,3,"Chicago, IL",msa,IL,2025-09-30,330843.22416999814,2115.912064086127,33.99274850216078,metro
394463,3,"Chicago, IL",msa,IL,2025-10-31,332130.0683368977,2110.206028898795,33.81920630583397,metro
394463,3,"Chicago, IL",msa,IL,2025-11-30,333656.41006966546,2104.9224416376915,33.84803325776044,metro
394463,3,"Chicago, IL",msa,IL,2025-12-31,335364.9515091304,2103.057257558016,33.82576395961031,metro
394463,3,"Chicago, IL",msa,IL,2026-01-31,336962.70356229786,2114.03541812518,33.70290924281255,metro
394463,3,"Chicago, IL",msa,IL,2026-02-28,338685.2991077523,2132.285103756572,33.66235909417308,metro
394530,19,"Denver, CO",msa,CO,2000-01-31,187472.23173677528,,,metro
394530,19,"Denver, CO",msa,CO,2000-02-29,188414.2878771131,,,metro
394530,19,"Denver, CO",msa,CO,2000-03-31,189375.6935870648,,,metro
394530,19,"Denver, CO",msa,CO,2000-04-30,191499.3188506938,,,metro
394530,19,"Denver, CO",msa,CO,2000-05-31,193762.24325054052,,,metro
394530,19,"Denver, CO",msa,CO,2000-06-30,196091.18809071745,,,metro
394530,19,"Denver, CO",msa,CO,2000-07-31,198331.0405054446,,,metro
394530,19,"Denver, CO",msa,CO,2000-08-31,200694.2055907793,,,metro
394530,19,"Denver, CO",msa,CO,2000-09-30,203255.038104606,,,metro
394530,19,"Denver, CO",msa,CO,2000-10-31,205821.90509223347,,,metro
394530,19,"Denver, CO",msa,CO,2000-11-30,208382.4723921913,,,metro
394530,19,"Denver, CO",msa,CO,2000-12-31,210818.4598120624,,,metro
394530,19,"Denver, CO",msa,CO,2001-01-31,213272.7342508327,,,metro
394530,19,"Denver, CO",msa,CO,2001-02-28,215528.1529716733,,,metro
394530,19,"Denver, CO",msa,CO,2001-03-31,217807.8245119919,,,metro
394530,19,"Denver, CO",msa,CO,2001-04-30,220015.49174454276,,,metro
394530,19,"Denver, CO",msa,CO,2001-05-31,222105.29737923024,,,metro
394530,19,"Denver, CO",msa,CO,2001-06-30,223795.92884943492,,,metro
394530,19,"Denver, CO",msa,CO,2001-07-31,225408.317935218,,,metro
394530,19,"Denver, CO",msa,CO,2001-08-31,226974.19402293256,,,metro
394530,19,"Denver, CO",msa,CO,2001-09-30,228501.47659015632,,,metro
394530,19,"Denver, CO",msa,CO,2001-10-31,229791.51523350927,,,metro
394530,19,"Denver, CO",msa,CO,2001-11-30,230879.5399445496,,,metro
394530,19,"Denver, CO",msa,CO,2001-12-31,231688.49752203797,,,metro
394530,19,"Denver, CO",msa,CO,2002-01-31,232113.76881459125,,,metro
394530,19,"Denver, CO",msa,CO,2002-02-28,232544.700981283,,,metro
394530,19,"Denver, CO",msa,CO,2002-03-31,233267.2242939325,,,metro
394530,19,"Denver, CO",msa,CO,2002-04-30,234215.6851754865,,,metro
394530,19,"Denver, CO",msa,CO,2002-05-31,235233.5960780465,,,metro
394530,19,"Denver, CO",msa,CO,2002-06-30,236005.77467079903,,,metro
394530,19,"Denver, CO",msa,CO,2002-07-31,236722.3465013668,,,metro
394530,19,"Denver, CO",msa,CO,2002-08-31,237129.07865645265,,,metro
394530,19,"Denver, CO",msa,CO,2002-09-30,237559.9622622721,,,metro
394530,19,"Denver, CO",msa,CO,2002-10-31,238013.23439721295,,,metro
394530,19,"Denver, CO",msa,CO,2002-11-30,238523.8598201075,,,metro
394530,19,"Denver, CO",msa,CO,2002-12-31,238847.4939052139,,,metro
394530,19,"Denver, CO",msa,CO,2003-01-31,238934.0980557487,,,metro
394530,19,"Denver, CO",msa,CO,2003-02-28,238971.08535960104,,,metro
394530,19,"Denver, CO",msa,CO,2003-03-31,239281.06971817263,,,metro
394530,19,"Denver, CO",msa,CO,2003-04-30,239574.74023679472,,,metro
394530,19,"Denver, CO",msa,CO,2003-05-31,239666.82347243823,,,metro
394530,19,"Denver, CO",msa,CO,2003-06-30,239505.3226776345,,,metro
394530,19,"Denver, CO",msa,CO,2003-07-31,239438.9018943103,,,metro
394530,19,"Denver, CO",msa,CO,2003-08-31,239457.505791496,,,metro
394530,19,"Denver, CO",msa,CO,2003-09-30,239657.35142281096,,,metro
394530,19,"Denver, CO",msa,CO,2003-10-31,239906.60364194144,,,metro
394530,19,"Denver, CO",msa,CO,2003-11-30,240473.79120228955,,,metro
394530,19,"Denver, CO",msa,CO,2003-12-31,241081.00946458883,,,metro
394530,19,"Denver, CO",msa,CO,2004-01-31,241518.3797172287,,,metro
394530,19,"Denver, CO",msa,CO,2004-02-29,241696.9644968,,,metro
394530,19,"Denver, CO",msa,CO,2004-03-31,241876.37563669763,,,metro
394530,19,"Denver, CO",msa,CO,2004-04-30,242342.12472430384,,,metro
394530,19,"Denver, CO",msa,CO,2004-05-31,242970.62875682293,,,metro
394530,19,"Denver, CO",msa,CO,2004-06-30,243591.1602931514,,,metro
394530,19,"Denver, CO",msa,CO,2004-07-31,244132.75130021013,,,metro
394530,19,"Denver, CO",msa,CO,2004-08-31,244652.93887680257,,,metro
394530,19,"Denver, CO",msa,CO,2004-09-30,244900.06044692,,,metro
394530,19,"Denver, CO",msa,CO,2004-10-31,245189.43015701984,,,metro
394530,19,"Denver, CO",msa,CO,2004-11-30,245416.45486200735,,,metro
394530,19,"Denver, CO",msa,CO,2004-12-31,246057.51550931676,,,metro
394530,19,"Denver, CO",msa,CO,2005-01-31,246773.27537752732,,,metro
394530,19,"Denver, CO",msa,CO,2005-02-28,247311.54865254252,,,metro
394530,19,"Denver, CO",msa,CO,2005-03-31,247693.27686408887,,,metro
394530,19,"Denver, CO",msa,CO,2005-04-30,247969.88422611292,,,metro
394530,19,"Denver, CO",msa,CO,2005-05-31,248465.4465545863,,,metro
394530,19,"Denver, CO",msa,CO,2005-06-30,248832.3651586829,,,metro
394530,19,"Denver, CO",msa,CO,2005-07-31,249255.11739741237,,,metro
394530,19,"Denver, CO",msa,CO,2005-08-31,249590.4501634916,,,metro
394530,19,"Denver, CO",msa,CO,2005-09-30,249864.8310230818,,,metro
394530,19,"Denver, CO",msa,CO,2005-10-31,250218.41364262823,,,metro
394530,19,"Denver, CO",msa,CO,2005-11-30,250573.3646086467,,,metro
394530,19,"Denver, CO",msa,CO,2005-12-31,251029.4084104766,,,metro
394530,19,"Denver, CO",msa,CO,2006-01-31,251477.96380540845,,,metro
394530,19,"Denver, CO",msa,CO,2006-02-28,251718.70598685183,,,metro
394530,19,"Denver, CO",msa,CO,2006-03-31,251940.5693488199,,,metro
394530,19,"Denver, CO",msa,CO,2006-04-30,252031.2983168252,,,metro
394530,19,"Denver, CO",msa,CO,2006-05-31,252394.4665638119,,,metro
394530,19,"Denver, CO",msa,CO,2006-06-30,252647.69936076703,,,metro
394530,19,"Denver, CO",msa,CO,2006-07-31,252674.3845245073,,,metro
394530,19,"Denver, CO",msa,CO,2006-08-31,252659.66095312545,,,metro
394530,19,"Denver, CO",msa,CO,2006-09-30,252270.0966062718,,,metro
394530,19,"Denver, CO",msa,CO,2006-10-31,251772.0985812,,,metro
394530,19,"Denver, CO",msa,CO,2006-11-30,251107.6072043472,,,metro
394530,19,"Denver, CO",msa,CO,2006-12-31,250744.1868432357,,,metro
394530,19,"Denver, CO",msa,CO,2007-01-31,250460.18586203625,,,metro
394530,19,"Denver, CO",msa,CO,2007-02-28,249854.31197751063,,,metro
394530,19,"Denver, CO",msa,CO,2007-03-31,249401.85847824908,,,metro
394530,19,"Denver, CO",msa,CO,2007-04-30,249209.94355215307,,,metro
394530,19,"Denver, CO",msa,CO,2007-05-31,249492.9173456208,,,metro
394530,19,"Denver, CO",msa,CO,2007-06-30,249737.8830936431,,,metro
394530,19,"Denver, CO",msa,CO,2007-07-31,249906.8933652287,,,metro
394530,19,"Denver, CO",msa,CO,2007-08-31,249861.6836944981,,,metro
394530,19,"Denver, CO",msa,CO,2007-09-30,249383.9810132025,,,metro
394530,19,"Denver, CO",msa,CO,2007-10-31,248489.4361618339,,,metro
394530,19,"Denver, CO",msa,CO,2007-11-30,247239.678394531,,,metro
394530,19,"Denver, CO",msa,CO,2007-12-31,245642.7115822779,,,metro
394530,19,"Denver, CO",msa,CO,2008-01-31,244185.9730705809,,,metro
394530,19,"Denver, CO",msa,CO,2008-02-29,242924.12898947173,,,metro
394530,19,"Denver, CO",msa,CO,2008-03-31,242013.4194011817,,,metro
394530,19,"Denver, CO",msa,CO,2008-04-30,241157.0529736901,,,metro
394530,19,"Denver, CO",msa,CO,2008-05-31,240250.22358803256,,,metro
394530,19,"Denver, CO",msa,CO,2008-06-30,239491.0594584646,,,metro
394530,19,"Denver, CO",msa,CO,2008-07-31,238352.063663836,,,metro
394530,19,"Denver, CO",msa,CO,2008-08-31,237234.35555853104,,,metro
394530,19,"Denver, CO",msa,CO,2008-09-30,236280.338774855,,,metro
394530,19,"Denver, CO",msa,CO,2008-10-31,235621.13628416116,,,metro
394530,19,"Denver, CO",msa,CO,2008-11-30,234946.45144236405,,,metro
394530,19,"Denver, CO",msa,CO,2008-12-31,234107.0677372216,,,metro
394530,19,"Denver, CO",msa,CO,2009-01-31,233246.19167014371,,,metro
394530,19,"Denver, CO",msa,CO,2009-02-28,232740.20354980693,,,metro
394530,19,"Denver, CO",msa,CO,2009-03-31,232550.32235927143,,,metro
394530,19,"Denver, CO",msa,CO,2009-04-30,232469.92254389197,,,metro
394530,19,"Denver, CO",msa,CO,2009-05-31,232443.5721750815,,,metro
394530,19,"Denver, CO",msa,CO,2009-06-30,232336.16748336225,,,metro
394530,19,"Denver, CO",msa,CO,2009-07-31,232037.02912473705,,,metro
394530,19,"Denver, CO",msa,CO,2009-08-31,231724.59442131105,,,metro
394530,19,"Denver, CO",msa,CO,2009-09-30,231486.77439922435,,,metro
394530,19,"Denver, CO",msa,CO,2009-10-31,231553.40064692052,,,metro
394530,19,"Denver, CO",msa,CO,2009-11-30,231634.5626136964,,,metro
394530,19,"Denver, CO",msa,CO,2009-12-31,231858.9475045,,,metro
394530,19,"Denver, CO",msa,CO,2010-01-31,232494.78688511057,,,metro
394530,19,"Denver, CO",msa,CO,2010-02-28,233541.68125626488,,,metro
394530,19,"Denver, CO",msa,CO,2010-03-31,234523.54378442824,,,metro
394530,19,"Denver, CO",msa,CO,2010-04-30,234923.04251783853,,,metro
394530,19,"Denver, CO",msa,CO,2010-05-31,234724.59074034123,,,metro
394530,19,"Denver, CO",msa,CO,2010-06-30,234017.2401519442,,,metro
394530,19,"Denver, CO",msa,CO,2010-07-31,233062.11296319868,,,metro
394530,19,"Denver, CO",msa,CO,2010-08-31,231865.8414949465,,,metro
394530,19,"Denver, CO",msa,CO,2010-09-30,230594.5720804399,,,metro
394530,19,"Denver, CO",msa,CO,2010-10-31,229302.06885236947,,,metro
394530,19,"Denver, CO",msa,CO,2010-11-30,228236.22487286796,,,metro
394530,19,"Denver, CO",msa,CO,2010-12-31,227367.3752495841,,,metro
394530,19,"Denver, CO",msa,CO,2011-01-31,226638.41585293747,,,metro
394530,19,"Denver, CO",msa,CO,2011-02-28,225801.50966875523,,,metro
394530,19,"Denver, CO",msa,CO,2011-03-31,224918.6814736433,,,metro
394530,19,"Denver, CO",msa,CO,2011-04-30,224223.05945931605,,,metro
394530,19,"Denver, CO",msa,CO,2011-05-31,223244.597990384,,,metro
394530,19,"Denver, CO",msa,CO,2011-06-30,222403.56795537216,,,metro
394530,19,"Denver, CO",msa,CO,2011-07-31,221603.85872188176,,,metro
394530,19,"Denver, CO",msa,CO,2011-08-31,221226.7158607045,,,metro
394530,19,"Denver, CO",msa,CO,2011-09-30,221074.87469652083,,,metro
394530,19,"Denver, CO",msa,CO,2011-10-31,220998.8533856405,,,metro
394530,19,"Denver, CO",msa,CO,2011-11-30,221000.8688019458,,,metro
394530,19,"Denver, CO",msa,CO,2011-12-31,220973.8313667104,,,metro
394530,19,"Denver, CO",msa,CO,2012-01-31,221114.23937840745,,22.58243912429716,metro
394530,19,"Denver, CO",msa,CO,2012-02-29,221394.6595732008,,22.508355990226438,metro
394530,19,"Denver, CO",msa,CO,2012-03-31,221694.86774202465,,22.627423849147892,metro
394530,19,"Denver, CO",msa,CO,2012-04-30,221870.1613204969,,22.51840468394061,metro
394530,19,"Denver, CO",msa,CO,2012-05-31,222343.63655316352,,22.3039620240259,metro
394530,19,"Denver, CO",msa,CO,2012-06-30,223501.66952867608,,22.14544844208745,metro
394530,19,"Denver, CO",msa,CO,2012-07-31,225336.4897461962,,22.047858474504388,metro
394530,19,"Denver, CO",msa,CO,2012-08-31,227667.4370490739,,22.33102574907956,metro
394530,19,"Denver, CO",msa,CO,2012-09-30,230333.02074178105,,22.23324877820477,metro
394530,19,"Denver, CO",msa,CO,2012-10-31,232996.919172485,,22.09706211463668,metro
394530,19,"Denver, CO",msa,CO,2012-11-30,235529.38810840735,,22.12978979503964,metro
394530,19,"Denver, CO",msa,CO,2012-12-31,237758.24492184303,,22.26039895751187,metro
394530,19,"Denver, CO",msa,CO,2013-01-31,239973.4627520507,,22.343759406047102,metro
394530,19,"Denver, CO",msa,CO,2013-02-28,242010.6026579841,,22.71598519471069,metro
394530,19,"Denver, CO",msa,CO,2013-03-31,243599.1947196381,,22.78940185214404,metro
394530,19,"Denver, CO",msa,CO,2013-04-30,245017.69548324155,,22.514707869945948,metro
394530,19,"Denver, CO",msa,CO,2013-05-31,246621.27099945425,,22.71352492672053,metro
394530,19,"Denver, CO",msa,CO,2013-06-30,248870.64349130235,,24.03974144599568,metro
394530,19,"Denver, CO",msa,CO,2013-07-31,251482.45085524544,,24.96088457623398,metro
394530,19,"Denver, CO",msa,CO,2013-08-31,254179.6561158554,,25.425322734905397,metro
394530,19,"Denver, CO",msa,CO,2013-09-30,256750.1469649434,,25.711391123946846,metro
394530,19,"Denver, CO",msa,CO,2013-10-31,259138.6032317793,,25.213994563845247,metro
394530,19,"Denver, CO",msa,CO,2013-11-30,261219.26744291463,,25.49996622847664,metro
394530,19,"Denver, CO",msa,CO,2013-12-31,263109.07458873675,,26.04686184056805,metro
394530,19,"Denver, CO",msa,CO,2014-01-31,264721.3651097788,,26.11941266452816,metro
394530,19,"Denver, CO",msa,CO,2014-02-28,266332.1899990276,,25.86955440561584,metro
394530,19,"Denver, CO",msa,CO,2014-03-31,267740.803807717,,25.98599065025107,metro
394530,19,"Denver, CO",msa,CO,2014-04-30,269390.95072951267,,26.01549482182421,metro
394530,19,"Denver, CO",msa,CO,2014-05-31,271139.0808547184,,25.726135170342516,metro
394530,19,"Denver, CO",msa,CO,2014-06-30,273036.0775011306,,25.69925957568867,metro
394530,19,"Denver, CO",msa,CO,2014-07-31,275002.10670933506,,25.66409835098098,metro
394530,19,"Denver, CO",msa,CO,2014-08-31,276986.2268274328,,25.667065262839262,metro
394530,19,"Denver, CO",msa,CO,2014-09-30,279393.3449885527,,25.87229115729075,metro
394530,19,"Denver, CO",msa,CO,2014-10-31,282022.0201125987,,25.696660215263428,metro
394530,19,"Denver, CO",msa,CO,2014-11-30,285004.1470710793,,25.75716960375271,metro
394530,19,"Denver, CO",msa,CO,2014-12-31,288260.2444120057,,25.64953766370618,metro
394530,19,"Denver, CO",msa,CO,2015-01-31,291968.90008992964,1227.9281300383057,25.02358148816392,metro
394530,19,"Denver, CO",msa,CO,2015-02-28,296145.282440665,1243.193435367374,25.388991574390662,metro
394530,19,"Denver, CO",msa,CO,2015-03-31,300132.5025476865,1260.3988158340394,25.796570424266562,metro
394530,19,"Denver, CO",msa,CO,2015-04-30,303818.3126958453,1277.6042452812433,25.80328383718637,metro
394530,19,"Denver, CO",msa,CO,2015-05-31,307231.21513271343,1291.0949842167263,26.42508447450263,metro
394530,19,"Denver, CO",msa,CO,2015-06-30,310560.0688859379,1308.0562184621317,26.980741444912322,metro
394530,19,"Denver, CO",msa,CO,2015-07-31,313981.4724962481,1316.1742787367127,27.35253877373501,metro
394530,19,"Denver, CO",msa,CO,2015-08-31,317363.3987946703,1321.1496631692523,27.19308068686741,metro
394530,19,"Denver, CO",msa,CO,2015-09-30,320891.81299436186,1319.693909809418,27.28033711145008,metro
394530,19,"Denver, CO",msa,CO,2015-10-31,324194.279108973,1321.627045575432,27.13701456470941,metro
394530,19,"Denver, CO",msa,CO,2015-11-30,327428.8775249994,1320.4230180260872,27.602975693686084,metro
394530,19,"Denver, CO",msa,CO,2015-12-31,330529.9128528523,1323.6334583772075,27.80465176133004,metro
394530,19,"Denver, CO",msa,CO,2016-01-31,333716.206944264,1330.6891317945383,27.60371043476849,metro
394530,19,"Denver, CO",msa,CO,2016-02-29,336804.84250284784,1338.2183071000943,27.20883157624533,metro
394530,19,"Denver, CO",msa,CO,2016-03-31,339870.55266963766,1344.4139960270063,27.40724303468744,metro
394530,19,"Denver, CO",msa,CO,2016-04-30,343133.7744727346,1348.458904372906,27.29820841405084,metro
394530,19,"Denver, CO",msa,CO,2016-05-31,346235.29115068255,1361.3504520195518,27.39930755326841,metro
394530,19,"Denver, CO",msa,CO,2016-06-30,349121.05388417264,1373.007722219836,27.468367362882052,metro
394530,19,"Denver, CO",msa,CO,2016-07-31,351477.29579719325,1378.6578622905963,27.26018883109128,metro
394530,19,"Denver, CO",msa,CO,2016-08-31,353311.500853894,1378.1001877282756,27.3322930920625,metro
394530,19,"Denver, CO",msa,CO,2016-09-30,354893.2856259981,1371.6244212990644,27.48529843985365,metro
394530,19,"Denver, CO",msa,CO,2016-10-31,356816.46266407083,1363.5987155323728,27.627723165128547,metro
394530,19,"Denver, CO",msa,CO,2016-11-30,359485.8620525726,1356.0158807871185,28.57827107694456,metro
394530,19,"Denver, CO",msa,CO,2016-12-31,362820.45604736224,1356.1485749117264,29.887651073216247,metro
394530,19,"Denver, CO",msa,CO,2017-01-31,366084.1756525599,1364.055375196279,30.149467139146978,metro
394530,19,"Denver, CO",msa,CO,2017-02-28,369556.79816242587,1376.4233462364084,30.354736789377117,metro
394530,19,"Denver, CO",msa,CO,2017-03-31,373019.57171103865,1391.1779213140182,30.592357301426482,metro
394530,19,"Denver, CO",msa,CO,2017-04-30,376537.8292859486,1406.361708883787,30.32877168193851,metro
394530,19,"Denver, CO",msa,CO,2017-05-31,379403.79004255217,1421.3845912255192,30.33506249452722,metro
394530,19,"Denver, CO",msa,CO,2017-06-30,381333.7654684983,1431.1453306404685,30.061887184980918,metro
394530,19,"Denver, CO",msa,CO,2017-07-31,382260.5909908876,1437.4531772112553,30.18404552353882,metro
394530,19,"Denver, CO",msa,CO,2017-08-31,382842.910032857,1438.9805602621243,29.8595617978137,metro
394530,19,"Denver, CO",msa,CO,2017-09-30,383770.8465832527,1435.8928951809555,29.5814230926037,metro
394530,19,"Denver, CO",msa,CO,2017-10-31,385417.1067817861,1429.3266726213274,29.80472778991118,metro
394530,19,"Denver, CO",msa,CO,2017-11-30,387691.7144346139,1424.7184570659708,29.899605742660352,metro
394530,19,"Denver, CO",msa,CO,2017-12-31,390546.4080705757,1427.4410697463095,30.02920885795653,metro
394530,19,"Denver, CO",msa,CO,2018-01-31,393662.7141706571,1433.6877294438725,30.24973944418931,metro
394530,19,"Denver, CO",msa,CO,2018-02-28,396795.2991466387,1443.9736603178967,31.15985530991749,metro
394530,19,"Denver, CO",msa,CO,2018-03-31,399795.55874776497,1454.5834583390042,31.53624799143978,metro
394530,19,"Denver, CO",msa,CO,2018-04-30,402435.675454113,1466.980701602475,31.620161806835938,metro
394530,19,"Denver, CO",msa,CO,2018-05-31,404973.677761206,1475.6962941999811,31.97728080939018,metro
394530,19,"Denver, CO",msa,CO,2018-06-30,406737.7072005859,1484.4446984429785,31.929957725306156,metro
394530,19,"Denver, CO",msa,CO,2018-07-31,408559.5366045632,1489.5289718100803,31.818906190037932,metro
394530,19,"Denver, CO",msa,CO,2018-08-31,409877.5116354287,1493.1864553319704,31.868375909012542,metro
394530,19,"Denver, CO",msa,CO,2018-09-30,411238.6947104659,1489.1973035884682,32.13749391700614,metro
394530,19,"Denver, CO",msa,CO,2018-10-31,412237.1023884534,1485.477722410281,32.75565596923512,metro
394530,19,"Denver, CO",msa,CO,2018-11-30,413164.8664866896,1482.5967530076396,32.8717060525858,metro
394530,19,"Denver, CO",msa,CO,2018-12-31,414310.9644247338,1485.5527484229133,32.158589484037556,metro
394530,19,"Denver, CO",msa,CO,2019-01-31,415878.529808376,1491.0669526153351,31.667541189318037,metro
394530,19,"Denver, CO",msa,CO,2019-02-28,418184.9984125591,1499.4022467305613,31.44119997647177,metro
394530,19,"Denver, CO",msa,CO,2019-03-31,420655.4828769565,1509.8869853329277,31.26534410669326,metro
394530,19,"Denver, CO",msa,CO,2019-04-30,422702.432947834,1520.787724521802,31.01934642119521,metro
394530,19,"Denver, CO",msa,CO,2019-05-31,423530.33566840895,1533.5304231371554,30.83165334258543,metro
394530,19,"Denver, CO",msa,CO,2019-06-30,423918.6508956932,1543.1700556800463,30.02654719602973,metro
394530,19,"Denver, CO",msa,CO,2019-07-31,424069.4745417072,1548.7323761219598,29.84959579308691,metro
394530,19,"Denver, CO",msa,CO,2019-08-31,424710.3922790671,1547.029053557892,29.409468770224468,metro
394530,19,"Denver, CO",msa,CO,2019-09-30,425438.8345600464,1541.907587047927,29.42076866933188,metro
394530,19,"Denver, CO",msa,CO,2019-10-31,426754.5522530573,1538.7277507474964,29.7378617537304,metro
394530,19,"Denver, CO",msa,CO,2019-11-30,428608.1277575821,1538.9031740381213,29.871869307941353,metro
394530,19,"Denver, CO",msa,CO,2019-12-31,430769.49492567306,1541.6253007312728,30.012067845550288,metro
394530,19,"Denver, CO",msa,CO,2020-01-31,433123.6176114606,1545.8783734212273,29.849227324436313,metro
394530,19,"Denver, CO",msa,CO,2020-02-29,435879.13219967857,1550.8582976760597,29.488192716198608,metro
394530,19,"Denver, CO",msa,CO,2020-03-31,439208.7557765388,1556.8810102576458,29.42403396979818,metro
394530,19,"Denver, CO",msa,CO,2020-04-30,442466.1065459633,1551.3118548177567,28.98021173439679,metro
394530,19,"Denver, CO",msa,CO,2020-05-31,443857.3778799639,1545.998286264806,28.63835358775536,metro
394530,19,"Denver, CO",msa,CO,2020-06-30,443853.7845362079,1543.1681933094542,28.33675764501021,metro
394530,19,"Denver, CO",msa,CO,2020-07-31,443714.7984385132,1552.3590472342448,27.847426370957518,metro
394530,19,"Denver, CO",msa,CO,2020-08-31,445419.88735721534,1557.0467930920202,27.66370051262097,metro
394530,19,"Denver, CO",msa,CO,2020-09-30,449492.7576453791,1557.399965296109,27.84967885485748,metro
394530,19,"Denver, CO",msa,CO,2020-10-31,455133.4120169298,1549.531475739568,28.11783529159319,metro
394530,19,"Denver, CO",msa,CO,2020-11-30,461571.8277310708,1541.8917549882278,28.34741673638973,metro
394530,19,"Denver, CO",msa,CO,2020-12-31,467735.2602543207,1537.0980792562764,28.233989470444236,metro
394530,19,"Denver, CO",msa,CO,2021-01-31,473531.5946751413,1541.6017077240767,27.73700484370701,metro
394530,19,"Denver, CO",msa,CO,2021-02-28,480232.8100479366,1552.6879676450626,28.058948567734582,metro
394530,19,"Denver, CO",msa,CO,2021-03-31,488802.1770595359,1568.5878752868102,29.21883487344534,metro
394530,19,"Denver, CO",msa,CO,2021-04-30,498950.953117557,1591.5113645041542,29.679199097059026,metro
394530,19,"Denver, CO",msa,CO,2021-05-31,509759.72715886513,1622.024190975525,29.921542630588338,metro
394530,19,"Denver, CO",msa,CO,2021-06-30,520031.8399431079,1658.34333133028,30.257675389252398,metro
394530,19,"Denver, CO",msa,CO,2021-07-31,527995.6397883703,1693.5432825871317,30.084329116759623,metro
394530,19,"Denver, CO",msa,CO,2021-08-31,532962.7533781828,1722.4938480869346,30.04112510642125,metro
394530,19,"Denver, CO",msa,CO,2021-09-30,535480.5785415554,1741.0761251883036,30.41316717405146,metro
394530,19,"Denver, CO",msa,CO,2021-10-31,538239.4231569556,1744.0091230518697,31.18127198451917,metro
394530,19,"Denver, CO",msa,CO,2021-11-30,542477.7435607727,1743.6167198730118,31.48308753814279,metro
394530,19,"Denver, CO",msa,CO,2021-12-31,548045.9639895252,1742.5952170060184,31.645303924003237,metro
394530,19,"Denver, CO",msa,CO,2022-01-31,556304.5967964294,1752.689550914261,33.032520527583145,metro
394530,19,"Denver, CO",msa,CO,2022-02-28,567653.1955431056,1766.6236691554589,34.41957779245108,metro
394530,19,"Denver, CO",msa,CO,2022-03-31,581770.2712548337,1788.3781087223724,36.43115014805165,metro
394530,19,"Denver, CO",msa,CO,2022-04-30,595355.2328406065,1811.4159913266103,39.94726988101667,metro
394530,19,"Denver, CO",msa,CO,2022-05-31,605813.397822474,1836.4111389116165,41.32072718213552,metro
394530,19,"Denver, CO",msa,CO,2022-06-30,611568.4184233659,1855.369301352539,42.43093564315604,metro
394530,19,"Denver, CO",msa,CO,2022-07-31,611173.1990465381,1868.761700270132,41.615211866259884,metro
394530,19,"Denver, CO",msa,CO,2022-08-31,605777.7806904941,1868.602220830485,40.25003073719273,metro
394530,19,"Denver, CO",msa,CO,2022-09-30,597991.532761281,1861.4365576963685,42.90544777855343,metro
394530,19,"Denver, CO",msa,CO,2022-10-31,591779.008574449,1851.571622692882,45.35738115084652,metro
394530,19,"Denver, CO",msa,CO,2022-11-30,587134.6713218036,1838.7144890816064,44.55169416304129,metro
394530,19,"Denver, CO",msa,CO,2022-12-31,583263.1281008892,1828.9671409334724,42.402026074202844,metro
394530,19,"Denver, CO",msa,CO,2023-01-31,579046.5597396485,1827.4573025428847,41.59402256071342,metro
394530,19,"Denver, CO",msa,CO,2023-02-28,575404.6963904718,1838.66370995236,41.07802715632467,metro
394530,19,"Denver, CO",msa,CO,2023-03-31,572453.1674748367,1861.5972317503088,41.84729829509718,metro
394530,19,"Denver, CO",msa,CO,2023-04-30,570951.665502065,1876.934763841999,41.0190153757755,metro
394530,19,"Denver, CO",msa,CO,2023-05-31,571111.8984444101,1893.577867105384,41.28251278851831,metro
394530,19,"Denver, CO",msa,CO,2023-06-30,572946.6431543893,1902.792636697977,42.263313223826685,metro
394530,19,"Denver, CO",msa,CO,2023-07-31,575503.6829191308,1910.710697113128,42.6999774430305,metro
394530,19,"Denver, CO",msa,CO,2023-08-31,578174.7581409877,1914.2258787352464,43.53070122015868,metro
394530,19,"Denver, CO",msa,CO,2023-09-30,580488.8618250014,1910.0987494397689,44.0087273430661,metro
394530,19,"Denver, CO",msa,CO,2023-10-31,582251.5109489592,1901.6637011987389,45.52067481010282,metro
394530,19,"Denver, CO",msa,CO,2023-11-30,582931.622911484,1888.8118230582036,44.7746884381631,metro
394530,19,"Denver, CO",msa,CO,2023-12-31,583035.4588619784,1876.669315284716,42.400906137983355,metro
394530,19,"Denver, CO",msa,CO,2024-01-31,582568.8377925301,1879.652970865307,42.00909516743167,metro
394530,19,"Denver, CO",msa,CO,2024-02-29,582464.7977613503,1888.0807869336056,42.331849949040354,metro
394530,19,"Denver, CO",msa,CO,2024-03-31,582927.2872181144,1906.3794619744529,42.36471262961114,metro
394530,19,"Denver, CO",msa,CO,2024-04-30,584107.2754086475,1918.689986474625,42.916805310822944,metro
394530,19,"Denver, CO",msa,CO,2024-05-31,584799.5424447653,1932.6827175804408,43.04080193209787,metro
394530,19,"Denver, CO",msa,CO,2024-06-30,584442.5268343235,1939.9519767937152,42.40349377358932,metro
394530,19,"Denver, CO",msa,CO,2024-07-31,583913.4859658832,1945.3544245114256,42.024405911336686,metro
394530,19,"Denver, CO",msa,CO,2024-08-31,583814.7420199164,1943.330369786972,40.72020907728154,metro
394530,19,"Denver, CO",msa,CO,2024-09-30,584503.2916236813,1935.3300543058317,39.693945454703176,metro
394530,19,"Denver, CO",msa,CO,2024-10-31,585194.7100422111,1913.750311729196,40.46160713163102,metro
394530,19,"Denver, CO",msa,CO,2024-11-30,586132.641640175,1888.680124077031,41.69266083767717,metro
394530,19,"Denver, CO",msa,CO,2024-12-31,586940.914260353,1864.97113923566,41.33066261716112,metro
394530,19,"Denver, CO",msa,CO,2025-01-31,587027.5033290157,1858.152973980925,42.51255381629317,metro
394530,19,"Denver, CO",msa,CO,2025-02-28,585440.703253536,1861.931315847649,41.9183521867099,metro
394530,19,"Denver, CO",msa,CO,2025-03-31,582025.8098810631,1877.086904865512,40.91468210624389,metro
394530,19,"Denver, CO",msa,CO,2025-04-30,578145.7169984413,1895.3362093243172,40.75554096628191,metro
394530,19,"Denver, CO",msa,CO,2025-05-31,574206.8342285695,1909.8405983072057,40.651662270268105,metro
394530,19,"Denver, CO",msa,CO,2025-06-30,571048.0591798594,1918.258199179224,40.340957771904826,metro
394530,19,"Denver, CO",msa,CO,2025-07-31,568562.7124938924,1915.6554774489864,39.76916687893884,metro
394530,19,"Denver, CO",msa,CO,2025-08-31,567401.3192402004,1907.9027132668232,39.17290046623928,metro
394530,19,"Denver, CO",msa,CO,2025-09-30,567352.2431436371,1893.3119494027303,38.443123931751884,metro
394530,19,"Denver, CO",msa,CO,2025-10-31,567889.9750269166,1874.762761240187,38.07627559941202,metro
394530,19,"Denver, CO",msa,CO,2025-11-30,568423.277081672,1856.3486322138428,37.96765342889596,metro
394530,19,"Denver, CO",msa,CO,2025-12-31,568651.4620901635,1840.7692981818072,37.74426934780521,metro
394530,19,"Denver, CO",msa,CO,2026-01-31,568136.4987241739,1838.0279960056623,37.35076931084928,metro
394530,19,"Denver, CO",msa,CO,2026-02-28,566588.16307631,1843.742786799073,36.99788144207245,metro
753899,2,"Los Angeles, CA",msa,CA,2000-01-31,221540.4690910791,,,metro
753899,2,"Los Angeles, CA",msa,CA,2000-02-29,222364.88072417423,,,metro
753899,2,"Los Angeles, CA",msa,CA,2000-03-31,223462.9891570134,,,metro
753899,2,"Los Angeles, CA",msa,CA,2000-04-30,225647.8560572064,,,metro
753899,2,"Los Angeles, CA",msa,CA,2000-05-31,228037.41548667112,,,metro
753899,2,"Los Angeles, CA",msa,CA,2000-06-30,230410.2405107648,,,metro
753899,2,"Los Angeles, CA",msa,CA,2000-07-31,232842.62496349844,,,metro
753899,2,"Los Angeles, CA",msa,CA,2000-08-31,235298.1827631197,,,metro
753899,2,"Los Angeles, CA",msa,CA,2000-09-30,237611.2977138383,,,metro
753899,2,"Los Angeles, CA",msa,CA,2000-10-31,239676.7922728628,,,metro
753899,2,"Los Angeles, CA",msa,CA,2000-11-30,241544.22873621917,,,metro
753899,2,"Los Angeles, CA",msa,CA,2000-12-31,243412.8620675537,,,metro
753899,2,"Los Angeles, CA",msa,CA,2001-01-31,244774.01295107117,,,metro
753899,2,"Los Angeles, CA",msa,CA,2001-02-28,246255.2516242586,,,metro
753899,2,"Los Angeles, CA",msa,CA,2001-03-31,247938.25117131296,,,metro
753899,2,"Los Angeles, CA",msa,CA,2001-04-30,250412.7216014353,,,metro
753899,2,"Los Angeles, CA",msa,CA,2001-05-31,252996.51737294087,,,metro
753899,2,"Los Angeles, CA",msa,CA,2001-06-30,255465.9997217943,,,metro
753899,2,"Los Angeles, CA",msa,CA,2001-07-31,257946.47255890933,,,metro
753899,2,"Los Angeles, CA",msa,CA,2001-08-31,260426.80942223463,,,metro
753899,2,"Los Angeles, CA",msa,CA,2001-09-30,262907.2069121028,,,metro
753899,2,"Los Angeles, CA",msa,CA,2001-10-31,265309.87245171337,,,metro
753899,2,"Los Angeles, CA",msa,CA,2001-11-30,267449.166225686,,,metro
753899,2,"Los Angeles, CA",msa,CA,2001-12-31,269577.67682673363,,,metro
753899,2,"Los Angeles, CA",msa,CA,2002-01-31,271262.94849591254,,,metro
753899,2,"Los Angeles, CA",msa,CA,2002-02-28,273225.48014679126,,,metro
753899,2,"Los Angeles, CA",msa,CA,2002-03-31,275657.6488839775,,,metro
753899,2,"Los Angeles, CA",msa,CA,2002-04-30,278949.1584919867,,,metro
753899,2,"Los Angeles, CA",msa,CA,2002-05-31,282738.98792794044,,,metro
753899,2,"Los Angeles, CA",msa,CA,2002-06-30,286723.24076165265,,,metro
753899,2,"Los Angeles, CA",msa,CA,2002-07-31,291492.29057727824,,,metro
753899,2,"Los Angeles, CA",msa,CA,2002-08-31,296564.4915041212,,,metro
753899,2,"Los Angeles, CA",msa,CA,2002-09-30,301723.5328437429,,,metro
753899,2,"Los Angeles, CA",msa,CA,2002-10-31,306445.3766364602,,,metro
753899,2,"Los Angeles, CA",msa,CA,2002-11-30,311000.6871514811,,,metro
753899,2,"Los Angeles, CA",msa,CA,2002-12-31,315454.95117770444,,,metro
753899,2,"Los Angeles, CA",msa,CA,2003-01-31,319214.3419303314,,,metro
753899,2,"Los Angeles, CA",msa,CA,2003-02-28,322735.8511073691,,,metro
753899,2,"Los Angeles, CA",msa,CA,2003-03-31,326543.0372191789,,,metro
753899,2,"Los Angeles, CA",msa,CA,2003-04-30,330971.563938913,,,metro
753899,2,"Los Angeles, CA",msa,CA,2003-05-31,336263.2079448473,,,metro
753899,2,"Los Angeles, CA",msa,CA,2003-06-30,340984.5469305725,,,metro
753899,2,"Los Angeles, CA",msa,CA,2003-07-31,346475.53065386583,,,metro
753899,2,"Los Angeles, CA",msa,CA,2003-08-31,352288.9040405198,,,metro
753899,2,"Los Angeles, CA",msa,CA,2003-09-30,358909.9594260937,,,metro
753899,2,"Los Angeles, CA",msa,CA,2003-10-31,364842.2480122175,,,metro
753899,2,"Los Angeles, CA",msa,CA,2003-11-30,370442.6234131512,,,metro
753899,2,"Los Angeles, CA",msa,CA,2003-12-31,375927.0954044168,,,metro
753899,2,"Los Angeles, CA",msa,CA,2004-01-31,381930.9901112309,,,metro
753899,2,"Los Angeles, CA",msa,CA,2004-02-29,388744.4055749664,,,metro
753899,2,"Los Angeles, CA",msa,CA,2004-03-31,396582.34785736166,,,metro
753899,2,"Los Angeles, CA",msa,CA,2004-04-30,405793.1836484186,,,metro
753899,2,"Los Angeles, CA",msa,CA,2004-05-31,416739.8993430541,,,metro
753899,2,"Los Angeles, CA",msa,CA,2004-06-30,428084.8518649736,,,metro
753899,2,"Los Angeles, CA",msa,CA,2004-07-31,438663.1172573301,,,metro
753899,2,"Los Angeles, CA",msa,CA,2004-08-31,447757.609788741,,,metro
753899,2,"Los Angeles, CA",msa,CA,2004-09-30,456360.720867914,,,metro
753899,2,"Los Angeles, CA",msa,CA,2004-10-31,464648.76597433817,,,metro
753899,2,"Los Angeles, CA",msa,CA,2004-11-30,470860.4634361838,,,metro
753899,2,"Los Angeles, CA",msa,CA,2004-12-31,476544.0656996591,,,metro
753899,2,"Los Angeles, CA",msa,CA,2005-01-31,481458.4063232692,,,metro
753899,2,"Los Angeles, CA",msa,CA,2005-02-28,487619.7155643327,,,metro
753899,2,"Los Angeles, CA",msa,CA,2005-03-31,494399.20710967854,,,metro
753899,2,"Los Angeles, CA",msa,CA,2005-04-30,501666.54810174735,,,metro
753899,2,"Los Angeles, CA",msa,CA,2005-05-31,508693.29669787287,,,metro
753899,2,"Los Angeles, CA",msa,CA,2005-06-30,515375.9131742042,,,metro
753899,2,"Los Angeles, CA",msa,CA,2005-07-31,522855.5069421537,,,metro
753899,2,"Los Angeles, CA",msa,CA,2005-08-31,531046.0949959124,,,metro
753899,2,"Los Angeles, CA",msa,CA,2005-09-30,539608.2449671896,,,metro
753899,2,"Los Angeles, CA",msa,CA,2005-10-31,548382.9168030705,,,metro
753899,2,"Los Angeles, CA",msa,CA,2005-11-30,555243.0211158581,,,metro
753899,2,"Los Angeles, CA",msa,CA,2005-12-31,561693.0104320245,,,metro
753899,2,"Los Angeles, CA",msa,CA,2006-01-31,567201.1888491375,,,metro
753899,2,"Los Angeles, CA",msa,CA,2006-02-28,572312.2733578134,,,metro
753899,2,"Los Angeles, CA",msa,CA,2006-03-31,576981.4076920304,,,metro
753899,2,"Los Angeles, CA",msa,CA,2006-04-30,581094.4886625139,,,metro
753899,2,"Los Angeles, CA",msa,CA,2006-05-31,585615.9627753597,,,metro
753899,2,"Los Angeles, CA",msa,CA,2006-06-30,589399.460902952,,,metro
753899,2,"Los Angeles, CA",msa,CA,2006-07-31,591207.9035133802,,,metro
753899,2,"Los Angeles, CA",msa,CA,2006-08-31,592698.7114003976,,,metro
753899,2,"Los Angeles, CA",msa,CA,2006-09-30,592008.3921183684,,,metro
753899,2,"Los Angeles, CA",msa,CA,2006-10-31,591943.8676208119,,,metro
753899,2,"Los Angeles, CA",msa,CA,2006-11-30,591161.0444148125,,,metro
753899,2,"Los Angeles, CA",msa,CA,2006-12-31,590978.1279300358,,,metro
753899,2,"Los Angeles, CA",msa,CA,2007-01-31,591008.9328825825,,,metro
753899,2,"Los Angeles, CA",msa,CA,2007-02-28,590738.807429776,,,metro
753899,2,"Los Angeles, CA",msa,CA,2007-03-31,589807.0132529853,,,metro
753899,2,"Los Angeles, CA",msa,CA,2007-04-30,588103.6758568053,,,metro
753899,2,"Los Angeles, CA",msa,CA,2007-05-31,585032.02804816,,,metro
753899,2,"Los Angeles, CA",msa,CA,2007-06-30,581743.2017570222,,,metro
753899,2,"Los Angeles, CA",msa,CA,2007-07-31,576612.492018616,,,metro
753899,2,"Los Angeles, CA",msa,CA,2007-08-31,570804.2464869317,,,metro
753899,2,"Los Angeles, CA",msa,CA,2007-09-30,563878.3417003658,,,metro
753899,2,"Los Angeles, CA",msa,CA,2007-10-31,556931.7824590957,,,metro
753899,2,"Los Angeles, CA",msa,CA,2007-11-30,551165.5115449874,,,metro
753899,2,"Los Angeles, CA",msa,CA,2007-12-31,544786.9956513293,,,metro
753899,2,"Los Angeles, CA",msa,CA,2008-01-31,538669.4894483836,,,metro
753899,2,"Los Angeles, CA",msa,CA,2008-02-29,530465.8716599173,,,metro
753899,2,"Los Angeles, CA",msa,CA,2008-03-31,521000.96040793904,,,metro
753899,2,"Los Angeles, CA",msa,CA,2008-04-30,508771.704638877,,,metro
753899,2,"Los Angeles, CA",msa,CA,2008-05-31,495404.4258272828,,,metro
753899,2,"Los Angeles, CA",msa,CA,2008-06-30,482462.0078794213,,,metro
753899,2,"Los Angeles, CA",msa,CA,2008-07-31,470499.5454118694,,,metro
753899,2,"Los Angeles, CA",msa,CA,2008-08-31,459922.283255134,,,metro
753899,2,"Los Angeles, CA",msa,CA,2008-09-30,451816.0739053048,,,metro
753899,2,"Los Angeles, CA",msa,CA,2008-10-31,444517.6635129707,,,metro
753899,2,"Los Angeles, CA",msa,CA,2008-11-30,437058.76601308415,,,metro
753899,2,"Los Angeles, CA",msa,CA,2008-12-31,427799.6531490363,,,metro
753899,2,"Los Angeles, CA",msa,CA,2009-01-31,419981.6396197185,,,metro
753899,2,"Los Angeles, CA",msa,CA,2009-02-28,414876.2944181693,,,metro
753899,2,"Los Angeles, CA",msa,CA,2009-03-31,411338.13600523135,,,metro
753899,2,"Los Angeles, CA",msa,CA,2009-04-30,408220.1362588264,,,metro
753899,2,"Los Angeles, CA",msa,CA,2009-05-31,405137.3509039087,,,metro
753899,2,"Los Angeles, CA",msa,CA,2009-06-30,401637.987369568,,,metro
753899,2,"Los Angeles, CA",msa,CA,2009-07-31,398783.3121261883,,,metro
753899,2,"Los Angeles, CA",msa,CA,2009-08-31,396791.3583030167,,,metro
753899,2,"Los Angeles, CA",msa,CA,2009-09-30,396240.0583290705,,,metro
753899,2,"Los Angeles, CA",msa,CA,2009-10-31,396497.1094098308,,,metro
753899,2,"Los Angeles, CA",msa,CA,2009-11-30,398442.00749486353,,,metro
753899,2,"Los Angeles, CA",msa,CA,2009-12-31,402131.0240219841,,,metro
753899,2,"Los Angeles, CA",msa,CA,2010-01-31,404444.6124924759,,,metro
753899,2,"Los Angeles, CA",msa,CA,2010-02-28,404758.4261534245,,,metro
753899,2,"Los Angeles, CA",msa,CA,2010-03-31,404990.5771640629,,,metro
753899,2,"Los Angeles, CA",msa,CA,2010-04-30,406958.9257303073,,,metro
753899,2,"Los Angeles, CA",msa,CA,2010-05-31,409859.7406045367,,,metro
753899,2,"Los Angeles, CA",msa,CA,2010-06-30,410075.70209934143,,,metro
753899,2,"Los Angeles, CA",msa,CA,2010-07-31,408304.8799162286,,,metro
753899,2,"Los Angeles, CA",msa,CA,2010-08-31,404665.7895114692,,,metro
753899,2,"Los Angeles, CA",msa,CA,2010-09-30,400882.1380970481,,,metro
753899,2,"Los Angeles, CA",msa,CA,2010-10-31,397081.5715485189,,,metro
753899,2,"Los Angeles, CA",msa,CA,2010-11-30,393517.91392073705,,,metro
753899,2,"Los Angeles, CA",msa,CA,2010-12-31,391574.6306149892,,,metro
753899,2,"Los Angeles, CA",msa,CA,2011-01-31,390499.7740360988,,,metro
753899,2,"Los Angeles, CA",msa,CA,2011-02-28,390419.1076647095,,,metro
753899,2,"Los Angeles, CA",msa,CA,2011-03-31,389208.29693556647,,,metro
753899,2,"Los Angeles, CA",msa,CA,2011-04-30,387636.4610900412,,,metro
753899,2,"Los Angeles, CA",msa,CA,2011-05-31,383791.4009898172,,,metro
753899,2,"Los Angeles, CA",msa,CA,2011-06-30,381708.250363682,,,metro
753899,2,"Los Angeles, CA",msa,CA,2011-07-31,380179.5529650608,,,metro
753899,2,"Los Angeles, CA",msa,CA,2011-08-31,378434.6257449396,,,metro
753899,2,"Los Angeles, CA",msa,CA,2011-09-30,375043.1831648606,,,metro
753899,2,"Los Angeles, CA",msa,CA,2011-10-31,371366.47666345537,,,metro
753899,2,"Los Angeles, CA",msa,CA,2011-11-30,369955.44218788814,,,metro
753899,2,"Los Angeles, CA",msa,CA,2011-12-31,369657.9481998704,,,metro
753899,2,"Los Angeles, CA",msa,CA,2012-01-31,369134.1599764459,,41.83717833426608,metro
753899,2,"Los Angeles, CA",msa,CA,2012-02-29,367564.6246331765,,41.49629563046149,metro
753899,2,"Los Angeles, CA",msa,CA,2012-03-31,365051.8434521624,,41.39090133865784,metro
753899,2,"Los Angeles, CA",msa,CA,2012-04-30,362774.60803692206,,40.93255183567539,metro
753899,2,"Los Angeles, CA",msa,CA,2012-05-31,361681.9703835494,,40.3688151194,metro
753899,2,"Los Angeles, CA",msa,CA,2012-06-30,362077.9482115277,,39.92913156142109,metro
753899,2,"Los Angeles, CA",msa,CA,2012-07-31,363980.7911940476,,39.6431772880396,metro
753899,2,"Los Angeles, CA",msa,CA,2012-08-31,368023.8347551164,,40.14263919637419,metro
753899,2,"Los Angeles, CA",msa,CA,2012-09-30,373791.1400418858,,40.046831153420584,metro
753899,2,"Los Angeles, CA",msa,CA,2012-10-31,380637.9807911175,,39.97972320799466,metro
753899,2,"Los Angeles, CA",msa,CA,2012-11-30,387781.2109118675,,40.28112938936802,metro
753899,2,"Los Angeles, CA",msa,CA,2012-12-31,394829.41268504434,,40.9920312717835,metro
753899,2,"Los Angeles, CA",msa,CA,2013-01-31,400353.1343847154,,42.50228064461483,metro
753899,2,"Los Angeles, CA",msa,CA,2013-02-28,403902.2932288337,,43.36331801249115,metro
753899,2,"Los Angeles, CA",msa,CA,2013-03-31,405907.9648239124,,43.554546729233266,metro
753899,2,"Los Angeles, CA",msa,CA,2013-04-30,408923.3270572072,,43.24637725103523,metro
753899,2,"Los Angeles, CA",msa,CA,2013-05-31,414145.5742006071,,43.99745440523495,metro
753899,2,"Los Angeles, CA",msa,CA,2013-06-30,421170.6443950346,,46.99685113346886,metro
753899,2,"Los Angeles, CA",msa,CA,2013-07-31,428898.3357620786,,49.33272519429015,metro
753899,2,"Los Angeles, CA",msa,CA,2013-08-31,436941.919946918,,50.81425675468929,metro
753899,2,"Los Angeles, CA",msa,CA,2013-09-30,445491.9565248482,,51.72971295182833,metro
753899,2,"Los Angeles, CA",msa,CA,2013-10-31,454086.4400272949,,51.134326325376435,metro
753899,2,"Los Angeles, CA",msa,CA,2013-11-30,461393.6216648945,,51.964271036121545,metro
753899,2,"Los Angeles, CA",msa,CA,2013-12-31,467217.0173500988,,53.354991652729254,metro
753899,2,"Los Angeles, CA",msa,CA,2014-01-31,470290.9509123869,,50.30714812480356,metro
753899,2,"Los Angeles, CA",msa,CA,2014-02-28,471685.5793903571,,49.74358625376984,metro
753899,2,"Los Angeles, CA",msa,CA,2014-03-31,472152.3357815598,,49.77531435438478,metro
753899,2,"Los Angeles, CA",msa,CA,2014-04-30,473764.1128032962,,49.70583726653954,metro
753899,2,"Los Angeles, CA",msa,CA,2014-05-31,475920.5030716304,,49.0747650487792,metro
753899,2,"Los Angeles, CA",msa,CA,2014-06-30,477954.21172110696,,48.97744604729235,metro
753899,2,"Los Angeles, CA",msa,CA,2014-07-31,479870.0153944576,,48.8580515998741,metro
753899,2,"Los Angeles, CA",msa,CA,2014-08-31,482455.2377975539,,48.88725815531136,metro
753899,2,"Los Angeles, CA",msa,CA,2014-09-30,486904.8708182497,,49.44388741262557,metro
753899,2,"Los Angeles, CA",msa,CA,2014-10-31,492115.7576402573,,49.30908036126955,metro
753899,2,"Los Angeles, CA",msa,CA,2014-11-30,497743.2924537783,,49.588908115061194,metro
753899,2,"Los Angeles, CA",msa,CA,2014-12-31,502652.6929341797,,49.29651602705018,metro
753899,2,"Los Angeles, CA",msa,CA,2015-01-31,506045.6120981358,1741.8275266987723,48.96269806402807,metro
753899,2,"Los Angeles, CA",msa,CA,2015-02-28,507809.1198327124,1752.6912669781696,49.14595474128556,metro
753899,2,"Los Angeles, CA",msa,CA,2015-03-31,508185.0774091522,1767.9849419059472,49.32777150190734,metro
753899,2,"Los Angeles, CA",msa,CA,2015-04-30,508331.9576881805,1782.9730570432453,48.7885932593869,metro
753899,2,"Los Angeles, CA",msa,CA,2015-05-31,508963.1669465013,1797.8617304815652,49.46339398170796,metro
753899,2,"Los Angeles, CA",msa,CA,2015-06-30,510219.5912701336,1809.22045986503,50.013880094663676,metro
753899,2,"Los Angeles, CA",msa,CA,2015-07-31,510960.46059642587,1821.539690720907,50.152548503003366,metro
753899,2,"Los Angeles, CA",msa,CA,2015-08-31,509819.2716479935,1831.9233392615952,49.19878003474233,metro
753899,2,"Los Angeles, CA",msa,CA,2015-09-30,506912.9647443073,1841.804597442716,48.64247571215168,metro
753899,2,"Los Angeles, CA",msa,CA,2015-10-31,503463.5327162665,1846.483428963711,47.699536657444405,metro
753899,2,"Los Angeles, CA",msa,CA,2015-11-30,499820.1150141907,1851.049094048171,47.78169215329593,metro
753899,2,"Los Angeles, CA",msa,CA,2015-12-31,496448.3337364888,1856.9563719127927,47.35839731329495,metro
753899,2,"Los Angeles, CA",msa,CA,2016-01-31,498973.7772148094,1866.9241088116469,47.12469088695581,metro
753899,2,"Los Angeles, CA",msa,CA,2016-02-29,507651.99522440246,1877.213780856118,46.81235630317934,metro
753899,2,"Los Angeles, CA",msa,CA,2016-03-31,519659.2545964348,1888.301639286045,47.85419659532641,metro
753899,2,"Los Angeles, CA",msa,CA,2016-04-30,528757.3890702104,1898.4367531495373,48.10151036594638,metro
753899,2,"Los Angeles, CA",msa,CA,2016-05-31,534440.5090671318,1912.1443547976976,48.40452740146976,metro
753899,2,"Los Angeles, CA",msa,CA,2016-06-30,539032.3851636276,1924.5295139195384,48.47203898598424,metro
753899,2,"Los Angeles, CA",msa,CA,2016-07-31,539606.7449742263,1936.781049416704,47.76853943458895,metro
753899,2,"Los Angeles, CA",msa,CA,2016-08-31,536170.2178817262,1942.919753412984,47.264990192241406,metro
753899,2,"Los Angeles, CA",msa,CA,2016-09-30,529665.8902820527,1947.7618487187187,46.66501731871328,metro
753899,2,"Los Angeles, CA",msa,CA,2016-10-31,525087.1925958163,1948.6990794128485,46.171176238278946,metro
753899,2,"Los Angeles, CA",msa,CA,2016-11-30,524052.665194956,1950.7473418015009,47.193021632770936,metro
753899,2,"Los Angeles, CA",msa,CA,2016-12-31,525846.713607478,1953.5424799109092,48.99201750573733,metro
753899,2,"Los Angeles, CA",msa,CA,2017-01-31,533662.7234191309,1967.039967224844,48.78717407155313,metro
753899,2,"Los Angeles, CA",msa,CA,2017-02-28,545219.4947570942,1983.2578671470576,49.67687261212641,metro
753899,2,"Los Angeles, CA",msa,CA,2017-03-31,558724.1803352451,2004.8853090921368,50.79021038449033,metro
753899,2,"Los Angeles, CA",msa,CA,2017-04-30,568454.7250132755,2018.4364439734284,50.735588349761215,metro
753899,2,"Los Angeles, CA",msa,CA,2017-05-31,575093.3125613962,2031.7342353434888,50.93501226894358,metro
753899,2,"Los Angeles, CA",msa,CA,2017-06-30,580052.3584446169,2040.796123041735,50.650985062984276,metro
753899,2,"Los Angeles, CA",msa,CA,2017-07-31,581167.6948619873,2050.7384426380468,50.823696628626244,metro
753899,2,"Los Angeles, CA",msa,CA,2017-08-31,581039.9878942054,2056.15050271755,50.191047937497224,metro
753899,2,"Los Angeles, CA",msa,CA,2017-09-30,580714.0528599126,2060.9634320797795,49.57017569411951,metro
753899,2,"Los Angeles, CA",msa,CA,2017-10-31,584026.1831299214,2061.5508843874195,49.99344804472329,metro
753899,2,"Los Angeles, CA",msa,CA,2017-11-30,588136.6648469012,2065.668291626273,50.20380672710453,metro
753899,2,"Los Angeles, CA",msa,CA,2017-12-31,593127.2978555904,2069.95908517982,50.530249024881435,metro
753899,2,"Los Angeles, CA",msa,CA,2018-01-31,599666.8304395882,2080.807112111918,50.710205468779336,metro
753899,2,"Los Angeles, CA",msa,CA,2018-02-28,607631.7395936348,2092.8369453285063,52.561008864554104,metro
753899,2,"Los Angeles, CA",msa,CA,2018-03-31,615196.4504993045,2103.377363903141,53.49830232180245,metro
753899,2,"Los Angeles, CA",msa,CA,2018-04-30,620956.461316638,2112.008250899545,53.83581437297175,metro
753899,2,"Los Angeles, CA",msa,CA,2018-05-31,625574.4268143884,2119.804927649344,54.54712460041948,metro
753899,2,"Los Angeles, CA",msa,CA,2018-06-30,629040.0876088454,2131.441486478059,54.53165617179445,metro
753899,2,"Los Angeles, CA",msa,CA,2018-07-31,632666.7876336371,2141.597601616737,54.40304275989599,metro
753899,2,"Los Angeles, CA",msa,CA,2018-08-31,638123.3935660593,2150.312166712677,54.738523379652,metro
753899,2,"Los Angeles, CA",msa,CA,2018-09-30,645405.6279433011,2153.8973795899205,55.490043579004286,metro
753899,2,"Los Angeles, CA",msa,CA,2018-10-31,653140.2942431325,2157.845483807968,56.9150860691655,metro
753899,2,"Los Angeles, CA",msa,CA,2018-11-30,658616.6947206616,2163.27611419672,57.31042943592646,metro
753899,2,"Los Angeles, CA",msa,CA,2018-12-31,661535.5449691159,2168.7055105294216,56.1246741431216,metro
753899,2,"Los Angeles, CA",msa,CA,2019-01-31,659114.4186018776,2173.763456753806,55.3267331575214,metro
753899,2,"Los Angeles, CA",msa,CA,2019-02-28,652801.6087099202,2177.412700786411,54.10689791295897,metro
753899,2,"Los Angeles, CA",msa,CA,2019-03-31,645112.7647467162,2189.0400371053497,52.752091925113795,metro
753899,2,"Los Angeles, CA",msa,CA,2019-04-30,640211.7542589392,2199.6698378391466,51.55310250781777,metro
753899,2,"Los Angeles, CA",msa,CA,2019-05-31,637715.7181439105,2212.4356678873896,50.81834402342004,metro
753899,2,"Los Angeles, CA",msa,CA,2019-06-30,636451.7926285611,2221.387389391558,49.38506057481981,metro
753899,2,"Los Angeles, CA",msa,CA,2019-07-31,637278.4227399522,2229.578226536417,49.18741103811299,metro
753899,2,"Los Angeles, CA",msa,CA,2019-08-31,641052.2834393887,2234.9004114425184,48.72425176190904,metro
753899,2,"Los Angeles, CA",msa,CA,2019-09-30,647255.4993296043,2237.8990254411347,49.142251879170665,metro
753899,2,"Los Angeles, CA",msa,CA,2019-10-31,653896.1572587955,2239.387951935421,50.03446182814234,metro
753899,2,"Los Angeles, CA",msa,CA,2019-11-30,659947.1376713789,2242.5138304931847,50.53861525286438,metro
753899,2,"Los Angeles, CA",msa,CA,2019-12-31,665437.8422607678,2246.267571960943,51.07249188805266,metro
753899,2,"Los Angeles, CA",msa,CA,2020-01-31,668663.8720827798,2254.099603598401,50.636248023066976,metro
753899,2,"Los Angeles, CA",msa,CA,2020-02-29,670197.9145403933,2258.7926349459926,49.96283230000458,metro
753899,2,"Los Angeles, CA",msa,CA,2020-03-31,670965.7465268174,2258.999870711244,49.56129267620686,metro
753899,2,"Los Angeles, CA",msa,CA,2020-04-30,671932.363232477,2247.3771816647018,48.535760681349984,metro
753899,2,"Los Angeles, CA",msa,CA,2020-05-31,670990.9264844117,2238.0680618507185,47.719743538652196,metro
753899,2,"Los Angeles, CA",msa,CA,2020-06-30,668159.2780573036,2233.4908994021234,46.83300821351299,metro
753899,2,"Los Angeles, CA",msa,CA,2020-07-31,667842.4415919796,2235.8242366208387,45.808875146919156,metro
753899,2,"Los Angeles, CA",msa,CA,2020-08-31,672893.907895794,2235.1667505346627,45.48538763094916,metro
753899,2,"Los Angeles, CA",msa,CA,2020-09-30,683722.9303286714,2233.8315608754083,46.01241720793778,metro
753899,2,"Los Angeles, CA",msa,CA,2020-10-31,696686.4803620158,2234.1541394642627,46.67556910189141,metro
753899,2,"Los Angeles, CA",msa,CA,2020-11-30,711042.5789248948,2235.8486000665216,47.298368865232135,metro
753899,2,"Los Angeles, CA",msa,CA,2020-12-31,724738.7761660236,2235.849756772366,47.41309276599916,metro
753899,2,"Los Angeles, CA",msa,CA,2021-01-31,733962.8154924152,2245.9360987928617,46.94806839702016,metro
753899,2,"Los Angeles, CA",msa,CA,2021-02-28,739717.400007614,2256.780295559947,47.29249775682105,metro
753899,2,"Los Angeles, CA",msa,CA,2021-03-31,742915.5908457162,2271.77720599156,48.94608403921531,metro
753899,2,"Los Angeles, CA",msa,CA,2021-04-30,749740.0922078574,2282.6894411689477,49.58322158702741,metro
753899,2,"Los Angeles, CA",msa,CA,2021-05-31,759415.8290089102,2301.42757254484,49.95259470254625,metro
753899,2,"Los Angeles, CA",msa,CA,2021-06-30,771372.4937536647,2334.762046792225,50.41564104519952,metro
753899,2,"Los Angeles, CA",msa,CA,2021-07-31,783119.5809491134,2378.7085185823044,50.18891041438487,metro
753899,2,"Los Angeles, CA",msa,CA,2021-08-31,792107.3716211729,2429.7066898,50.243829817482265,metro
753899,2,"Los Angeles, CA",msa,CA,2021-09-30,799073.0032729289,2468.0944814425416,50.976100487390916,metro
753899,2,"Los Angeles, CA",msa,CA,2021-10-31,805802.2664797116,2492.888949248317,52.31064005552258,metro
753899,2,"Los Angeles, CA",msa,CA,2021-11-30,814168.013983429,2506.8691795528675,52.874220518729686,metro
753899,2,"Los Angeles, CA",msa,CA,2021-12-31,824219.5516762822,2523.7916659378866,53.36566162506584,metro
753899,2,"Los Angeles, CA",msa,CA,2022-01-31,836303.4890644302,2542.720820058815,55.18224798304887,metro
753899,2,"Los Angeles, CA",msa,CA,2022-02-28,850598.8251279248,2567.3452094848967,57.457922433757545,metro
753899,2,"Los Angeles, CA",msa,CA,2022-03-31,866666.63824435,2591.810317152607,60.51795205470556,metro
753899,2,"Los Angeles, CA",msa,CA,2022-04-30,881241.1970910268,2621.541459993977,65.9588883293794,metro
753899,2,"Los Angeles, CA",msa,CA,2022-05-31,892698.3110743492,2645.9975948136184,67.99778445486604,metro
753899,2,"Los Angeles, CA",msa,CA,2022-06-30,899157.4365473036,2669.535616340785,69.9977338217609,metro
753899,2,"Los Angeles, CA",msa,CA,2022-07-31,900990.009701361,2688.0650134132707,69.18018037786466,metro
753899,2,"Los Angeles, CA",msa,CA,2022-08-31,897907.3445236938,2702.5153004769822,67.52186365555748,metro
753899,2,"Los Angeles, CA",msa,CA,2022-09-30,892230.7051610277,2707.9440205818,72.33148490728489,metro
753899,2,"Los Angeles, CA",msa,CA,2022-10-31,886952.794450215,2703.429956148568,76.64960613412315,metro
753899,2,"Los Angeles, CA",msa,CA,2022-11-30,883199.4752623778,2697.486438050171,75.46121765155213,metro
753899,2,"Los Angeles, CA",msa,CA,2022-12-31,880067.1580756567,2690.036688475081,72.12452426586717,metro
753899,2,"Los Angeles, CA",msa,CA,2023-01-31,871753.4623845398,2689.293783845801,70.85893125282522,metro
753899,2,"Los Angeles, CA",msa,CA,2023-02-28,860828.179703443,2694.012364622668,69.59893410604815,metro
753899,2,"Los Angeles, CA",msa,CA,2023-03-31,851042.3088252265,2708.176369153261,70.1650393352461,metro
753899,2,"Los Angeles, CA",msa,CA,2023-04-30,848660.4883834686,2718.519296209209,68.41435212048744,metro
753899,2,"Los Angeles, CA",msa,CA,2023-05-31,852450.9808163863,2728.0456850175965,68.84198857754338,metro
753899,2,"Los Angeles, CA",msa,CA,2023-06-30,860263.1184698632,2735.387440445672,70.92515331841459,metro
753899,2,"Los Angeles, CA",msa,CA,2023-07-31,871493.4589238497,2748.2528765133293,72.35699603056239,metro
753899,2,"Los Angeles, CA",msa,CA,2023-08-31,885081.2020503221,2758.375408695241,74.64690440338735,metro
753899,2,"Los Angeles, CA",msa,CA,2023-09-30,898800.6802714589,2761.4704504204283,76.35537725129956,metro
753899,2,"Los Angeles, CA",msa,CA,2023-10-31,910215.4015771372,2758.348161099734,79.76417561010027,metro
753899,2,"Los Angeles, CA",msa,CA,2023-11-30,918805.6096353972,2748.499658040761,79.10602628002364,metro
753899,2,"Los Angeles, CA",msa,CA,2023-12-31,924199.845689096,2743.0911036539446,75.25789803686574,metro
753899,2,"Los Angeles, CA",msa,CA,2024-01-31,924353.8018491688,2746.9617121355304,73.69880415706845,metro
753899,2,"Los Angeles, CA",msa,CA,2024-02-29,921393.442906942,2757.910232029815,74.01803147474625,metro
753899,2,"Los Angeles, CA",msa,CA,2024-03-31,920273.7761765352,2770.732059582525,73.91447659856796,metro
753899,2,"Los Angeles, CA",msa,CA,2024-04-30,923752.4430489696,2779.65203272942,74.98427827704715,metro
753899,2,"Los Angeles, CA",msa,CA,2024-05-31,929666.0976906238,2790.2977813054217,75.56621906691662,metro
753899,2,"Los Angeles, CA",msa,CA,2024-06-30,933634.2034682198,2801.695220435509,74.6728270349672,metro
753899,2,"Los Angeles, CA",msa,CA,2024-07-31,938027.1640815294,2813.6101647719406,74.26996029609799,metro
753899,2,"Los Angeles, CA",msa,CA,2024-08-31,943232.792216848,2820.2309447146163,72.21831796807967,metro
753899,2,"Los Angeles, CA",msa,CA,2024-09-30,949681.5299328458,2824.3870920384206,70.60521439961005,metro
753899,2,"Los Angeles, CA",msa,CA,2024-10-31,954923.878447094,2821.1931864735675,72.2858067506031,metro
753899,2,"Los Angeles, CA",msa,CA,2024-11-30,959440.7091996894,2816.257353359644,74.74064221277727,metro
753899,2,"Los Angeles, CA",msa,CA,2024-12-31,963478.0656940473,2810.032143907484,74.26088216471567,metro
753899,2,"Los Angeles, CA",msa,CA,2025-01-31,964015.904711712,2829.7869355506496,76.0731543923441,metro
753899,2,"Los Angeles, CA",msa,CA,2025-02-28,961986.8000472815,2852.631353089179,75.02410006657004,metro
753899,2,"Los Angeles, CA",msa,CA,2025-03-31,956891.1223500372,2877.048611607826,73.20428548369463,metro
753899,2,"Los Angeles, CA",msa,CA,2025-04-30,952574.7654241164,2878.935166907821,73.06546724030018,metro
753899,2,"Los Angeles, CA",msa,CA,2025-05-31,947802.3905881704,2884.428716389909,73.00088274067369,metro
753899,2,"Los Angeles, CA",msa,CA,2025-06-30,943448.9922966966,2889.534828616025,72.49149726416897,metro
753899,2,"Los Angeles, CA",msa,CA,2025-07-31,940857.2647842808,2892.8079650028744,71.54044905937373,metro
753899,2,"Los Angeles, CA",msa,CA,2025-08-31,939786.1053923952,2893.9112673159407,70.49829829495204,metro
753899,2,"Los Angeles, CA",msa,CA,2025-09-30,940842.7015407588,2893.4733293082354,69.11426581205954,metro
753899,2,"Los Angeles, CA",msa,CA,2025-10-31,943258.5655129114,2890.562622125686,68.54594933873645,metro
753899,2,"Los Angeles, CA",msa,CA,2025-11-30,946575.4922974302,2883.618896566897,68.5193679304858,metro
753899,2,"Los Angeles, CA",msa,CA,2025-12-31,950534.8113182269,2874.69401299114,68.35679149187712,metro
753899,2,"Los Angeles, CA",msa,CA,2026-01-31,953064.414891206,2877.160651256651,67.86026123724716,metro
753899,2,"Los Angeles, CA",msa,CA,2026-02-28,954296.0881354932,2884.124774777187,67.4642945952077,metro
394856,8,"Miami, FL",msa,FL,2000-01-31,114165.05255842676,,,metro
394856,8,"Miami, FL",msa,FL,2000-02-29,114478.459542029,,,metro
394856,8,"Miami, FL",msa,FL,2000-03-31,114810.34143176176,,,metro
394856,8,"Miami, FL",msa,FL,2000-04-30,115480.81512182888,,,metro
394856,8,"Miami, FL",msa,FL,2000-05-31,116129.64046572696,,,metro
394856,8,"Miami, FL",msa,FL,2000-06-30,116770.75188720702,,,metro
394856,8,"Miami, FL",msa,FL,2000-07-31,117433.85241978784,,,metro
394856,8,"Miami, FL",msa,FL,2000-08-31,118114.01656410522,,,metro
394856,8,"Miami, FL",msa,FL,2000-09-30,118844.54484384536,,,metro
394856,8,"Miami, FL",msa,FL,2000-10-31,119578.85743474874,,,metro
394856,8,"Miami, FL",msa,FL,2000-11-30,120363.88523039383,,,metro
394856,8,"Miami, FL",msa,FL,2000-12-31,121202.8317913973,,,metro
394856,8,"Miami, FL",msa,FL,2001-01-31,121968.0512003725,,,metro
394856,8,"Miami, FL",msa,FL,2001-02-28,122740.54188204969,,,metro
394856,8,"Miami, FL",msa,FL,2001-03-31,123632.24353651617,,,metro
394856,8,"Miami, FL",msa,FL,2001-04-30,124711.1491473276,,,metro
394856,8,"Miami, FL",msa,FL,2001-05-31,125989.10652385022,,,metro
394856,8,"Miami, FL",msa,FL,2001-06-30,127323.48563642404,,,metro
394856,8,"Miami, FL",msa,FL,2001-07-31,128838.3977687268,,,metro
394856,8,"Miami, FL",msa,FL,2001-08-31,130500.7295284933,,,metro
394856,8,"Miami, FL",msa,FL,2001-09-30,132280.18937748295,,,metro
394856,8,"Miami, FL",msa,FL,2001-10-31,134116.74788367873,,,metro
394856,8,"Miami, FL",msa,FL,2001-11-30,135806.1414612124,,,metro
394856,8,"Miami, FL",msa,FL,2001-12-31,137390.82734549476,,,metro
394856,8,"Miami, FL",msa,FL,2002-01-31,138778.23623651426,,,metro
394856,8,"Miami, FL",msa,FL,2002-02-28,140076.08957735205,,,metro
394856,8,"Miami, FL",msa,FL,2002-03-31,141286.63965663445,,,metro
394856,8,"Miami, FL",msa,FL,2002-04-30,142620.9839212745,,,metro
394856,8,"Miami, FL",msa,FL,2002-05-31,144056.90366054166,,,metro
394856,8,"Miami, FL",msa,FL,2002-06-30,145573.15606574423,,,metro
394856,8,"Miami, FL",msa,FL,2002-07-31,147171.1998754647,,,metro
394856,8,"Miami, FL",msa,FL,2002-08-31,148931.1800903387,,,metro
394856,8,"Miami, FL",msa,FL,2002-09-30,150667.9253413102,,,metro
394856,8,"Miami, FL",msa,FL,2002-10-31,152342.162465726,,,metro
394856,8,"Miami, FL",msa,FL,2002-11-30,153876.87424526448,,,metro
394856,8,"Miami, FL",msa,FL,2002-12-31,155671.59167036315,,,metro
394856,8,"Miami, FL",msa,FL,2003-01-31,157478.03431404152,,,metro
394856,8,"Miami, FL",msa,FL,2003-02-28,159342.3130781796,,,metro
394856,8,"Miami, FL",msa,FL,2003-03-31,161236.60602517915,,,metro
394856,8,"Miami, FL",msa,FL,2003-04-30,163295.2785513238,,,metro
394856,8,"Miami, FL",msa,FL,2003-05-31,165473.1181460049,,,metro
394856,8,"Miami, FL",msa,FL,2003-06-30,167530.99174173808,,,metro
394856,8,"Miami, FL",msa,FL,2003-07-31,169530.84625306682,,,metro
394856,8,"Miami, FL",msa,FL,2003-08-31,171537.6560743278,,,metro
394856,8,"Miami, FL",msa,FL,2003-09-30,173681.63722415396,,,metro
394856,8,"Miami, FL",msa,FL,2003-10-31,175829.81644304426,,,metro
394856,8,"Miami, FL",msa,FL,2003-11-30,177972.6164415139,,,metro
394856,8,"Miami, FL",msa,FL,2003-12-31,179927.97753329217,,,metro
394856,8,"Miami, FL",msa,FL,2004-01-31,181972.0364681976,,,metro
394856,8,"Miami, FL",msa,FL,2004-02-29,183926.95177778043,,,metro
394856,8,"Miami, FL",msa,FL,2004-03-31,186056.91111248577,,,metro
394856,8,"Miami, FL",msa,FL,2004-04-30,188297.07972606772,,,metro
394856,8,"Miami, FL",msa,FL,2004-05-31,191075.91183748303,,,metro
394856,8,"Miami, FL",msa,FL,2004-06-30,194209.26617316063,,,metro
394856,8,"Miami, FL",msa,FL,2004-07-31,197650.9094599297,,,metro
394856,8,"Miami, FL",msa,FL,2004-08-31,201281.52107329693,,,metro
394856,8,"Miami, FL",msa,FL,2004-09-30,204994.3664718304,,,metro
394856,8,"Miami, FL",msa,FL,2004-10-31,208682.76475554504,,,metro
394856,8,"Miami, FL",msa,FL,2004-11-30,212188.33332069824,,,metro
394856,8,"Miami, FL",msa,FL,2004-12-31,215871.182575166,,,metro
394856,8,"Miami, FL",msa,FL,2005-01-31,219433.79443045685,,,metro
394856,8,"Miami, FL",msa,FL,2005-02-28,223192.8351795722,,,metro
394856,8,"Miami, FL",msa,FL,2005-03-31,227223.84880537217,,,metro
394856,8,"Miami, FL",msa,FL,2005-04-30,231724.93762567223,,,metro
394856,8,"Miami, FL",msa,FL,2005-05-31,236789.24989327404,,,metro
394856,8,"Miami, FL",msa,FL,2005-06-30,242249.5656820297,,,metro
394856,8,"Miami, FL",msa,FL,2005-07-31,248278.5003863347,,,metro
394856,8,"Miami, FL",msa,FL,2005-08-31,254291.66714137103,,,metro
394856,8,"Miami, FL",msa,FL,2005-09-30,260160.27529042496,,,metro
394856,8,"Miami, FL",msa,FL,2005-10-31,265436.5495487835,,,metro
394856,8,"Miami, FL",msa,FL,2005-11-30,270146.2126663728,,,metro
394856,8,"Miami, FL",msa,FL,2005-12-31,274376.44059795403,,,metro
394856,8,"Miami, FL",msa,FL,2006-01-31,278403.9162600783,,,metro
394856,8,"Miami, FL",msa,FL,2006-02-28,282039.0551806317,,,metro
394856,8,"Miami, FL",msa,FL,2006-03-31,285884.4642978707,,,metro
394856,8,"Miami, FL",msa,FL,2006-04-30,290596.3936230244,,,metro
394856,8,"Miami, FL",msa,FL,2006-05-31,295497.2472073875,,,metro
394856,8,"Miami, FL",msa,FL,2006-06-30,299956.0844547997,,,metro
394856,8,"Miami, FL",msa,FL,2006-07-31,303052.3782997173,,,metro
394856,8,"Miami, FL",msa,FL,2006-08-31,305178.0940674827,,,metro
394856,8,"Miami, FL",msa,FL,2006-09-30,306469.0236906432,,,metro
394856,8,"Miami, FL",msa,FL,2006-10-31,307012.3571001598,,,metro
394856,8,"Miami, FL",msa,FL,2006-11-30,307547.89422007045,,,metro
394856,8,"Miami, FL",msa,FL,2006-12-31,307718.05274309457,,,metro
394856,8,"Miami, FL",msa,FL,2007-01-31,307491.27889548446,,,metro
394856,8,"Miami, FL",msa,FL,2007-02-28,306894.5079295578,,,metro
394856,8,"Miami, FL",msa,FL,2007-03-31,305499.41232396493,,,metro
394856,8,"Miami, FL",msa,FL,2007-04-30,303580.2786232649,,,metro
394856,8,"Miami, FL",msa,FL,2007-05-31,301096.18489135714,,,metro
394856,8,"Miami, FL",msa,FL,2007-06-30,298319.6198390852,,,metro
394856,8,"Miami, FL",msa,FL,2007-07-31,295081.4470545967,,,metro
394856,8,"Miami, FL",msa,FL,2007-08-31,291471.7175441722,,,metro
394856,8,"Miami, FL",msa,FL,2007-09-30,287573.6767225621,,,metro
394856,8,"Miami, FL",msa,FL,2007-10-31,284033.8956347467,,,metro
394856,8,"Miami, FL",msa,FL,2007-11-30,279971.16365828656,,,metro
394856,8,"Miami, FL",msa,FL,2007-12-31,275925.0305901892,,,metro
394856,8,"Miami, FL",msa,FL,2008-01-31,270740.5512884284,,,metro
394856,8,"Miami, FL",msa,FL,2008-02-29,265677.8098285476,,,metro
394856,8,"Miami, FL",msa,FL,2008-03-31,259800.58249885176,,,metro
394856,8,"Miami, FL",msa,FL,2008-04-30,254381.7276401704,,,metro
394856,8,"Miami, FL",msa,FL,2008-05-31,248742.25511193508,,,metro
394856,8,"Miami, FL",msa,FL,2008-06-30,243665.0980487821,,,metro
394856,8,"Miami, FL",msa,FL,2008-07-31,238129.76682058687,,,metro
394856,8,"Miami, FL",msa,FL,2008-08-31,232082.60235202467,,,metro
394856,8,"Miami, FL",msa,FL,2008-09-30,225554.3368974703,,,metro
394856,8,"Miami, FL",msa,FL,2008-10-31,218935.67969443655,,,metro
394856,8,"Miami, FL",msa,FL,2008-11-30,212741.2161734602,,,metro
394856,8,"Miami, FL",msa,FL,2008-12-31,207152.19655852544,,,metro
394856,8,"Miami, FL",msa,FL,2009-01-31,202049.44684933277,,,metro
394856,8,"Miami, FL",msa,FL,2009-02-28,197560.51430752172,,,metro
394856,8,"Miami, FL",msa,FL,2009-03-31,193075.50844820772,,,metro
394856,8,"Miami, FL",msa,FL,2009-04-30,188900.4871788521,,,metro
394856,8,"Miami, FL",msa,FL,2009-05-31,184587.5054876165,,,metro
394856,8,"Miami, FL",msa,FL,2009-06-30,180891.28442167572,,,metro
394856,8,"Miami, FL",msa,FL,2009-07-31,177585.70785839777,,,metro
394856,8,"Miami, FL",msa,FL,2009-08-31,174789.95412208117,,,metro
394856,8,"Miami, FL",msa,FL,2009-09-30,172276.78429308697,,,metro
394856,8,"Miami, FL",msa,FL,2009-10-31,170353.54129542864,,,metro
394856,8,"Miami, FL",msa,FL,2009-11-30,168890.07411150102,,,metro
394856,8,"Miami, FL",msa,FL,2009-12-31,167511.3664225904,,,metro
394856,8,"Miami, FL",msa,FL,2010-01-31,166549.85916765052,,,metro
394856,8,"Miami, FL",msa,FL,2010-02-28,166002.4132315426,,,metro
394856,8,"Miami, FL",msa,FL,2010-03-31,165920.59781541346,,,metro
394856,8,"Miami, FL",msa,FL,2010-04-30,165716.83670415674,,,metro
394856,8,"Miami, FL",msa,FL,2010-05-31,165193.41147425454,,,metro
394856,8,"Miami, FL",msa,FL,2010-06-30,164112.1489023626,,,metro
394856,8,"Miami, FL",msa,FL,2010-07-31,162879.739456746,,,metro
394856,8,"Miami, FL",msa,FL,2010-08-31,161508.9554876232,,,metro
394856,8,"Miami, FL",msa,FL,2010-09-30,160231.03872417143,,,metro
394856,8,"Miami, FL",msa,FL,2010-10-31,158597.44253369197,,,metro
394856,8,"Miami, FL",msa,FL,2010-11-30,157094.67899007417,,,metro
394856,8,"Miami, FL",msa,FL,2010-12-31,155732.62147476713,,,metro
394856,8,"Miami, FL",msa,FL,2011-01-31,154481.47541465185,,,metro
394856,8,"Miami, FL",msa,FL,2011-02-28,153325.63245465845,,,metro
394856,8,"Miami, FL",msa,FL,2011-03-31,152282.8789766615,,,metro
394856,8,"Miami, FL",msa,FL,2011-04-30,151516.67360344136,,,metro
394856,8,"Miami, FL",msa,FL,2011-05-31,150659.07889535464,,,metro
394856,8,"Miami, FL",msa,FL,2011-06-30,149693.82475537038,,,metro
394856,8,"Miami, FL",msa,FL,2011-07-31,148682.49655203664,,,metro
394856,8,"Miami, FL",msa,FL,2011-08-31,147944.0617913067,,,metro
394856,8,"Miami, FL",msa,FL,2011-09-30,147491.10793286006,,,metro
394856,8,"Miami, FL",msa,FL,2011-10-31,147301.26961926595,,,metro
394856,8,"Miami, FL",msa,FL,2011-11-30,147320.5911206574,,,metro
394856,8,"Miami, FL",msa,FL,2011-12-31,147390.96226090254,,,metro
394856,8,"Miami, FL",msa,FL,2012-01-31,147674.9333438592,,25.481282580590047,metro
394856,8,"Miami, FL",msa,FL,2012-02-29,147839.70407512956,,25.430239477469918,metro
394856,8,"Miami, FL",msa,FL,2012-03-31,147957.6334558604,,25.526439442121664,metro
394856,8,"Miami, FL",msa,FL,2012-04-30,148062.76893946007,,25.42840278770236,metro
394856,8,"Miami, FL",msa,FL,2012-05-31,148379.13172962412,,25.24283857468937,metro
394856,8,"Miami, FL",msa,FL,2012-06-30,149202.84428071984,,25.12402500982897,metro
394856,8,"Miami, FL",msa,FL,2012-07-31,150214.81923248144,,25.04343636366711,metro
394856,8,"Miami, FL",msa,FL,2012-08-31,151331.11938247367,,25.27192963426488,metro
394856,8,"Miami, FL",msa,FL,2012-09-30,152464.00016163546,,25.051930223315228,metro
394856,8,"Miami, FL",msa,FL,2012-10-31,153645.5219952875,,24.79506297624637,metro
394856,8,"Miami, FL",msa,FL,2012-11-30,155157.8261124671,,24.7594508882194,metro
394856,8,"Miami, FL",msa,FL,2012-12-31,156999.60889937388,,24.98344893941549,metro
394856,8,"Miami, FL",msa,FL,2013-01-31,159385.5973236237,,24.86802502661038,metro
394856,8,"Miami, FL",msa,FL,2013-02-28,161915.19101650332,,25.419484379724228,metro
394856,8,"Miami, FL",msa,FL,2013-03-31,164577.13854354082,,25.74847618469052,metro
394856,8,"Miami, FL",msa,FL,2013-04-30,167167.6635068379,,25.763892523051652,metro
394856,8,"Miami, FL",msa,FL,2013-05-31,169945.94021031208,,26.22626593961473,metro
394856,8,"Miami, FL",msa,FL,2013-06-30,172633.738198994,,27.731104661579398,metro
394856,8,"Miami, FL",msa,FL,2013-07-31,175288.88340097704,,28.85348714012349,metro
394856,8,"Miami, FL",msa,FL,2013-08-31,177875.30463304088,,29.526514000496018,metro
394856,8,"Miami, FL",msa,FL,2013-09-30,180441.17155696865,,29.9466383511281,metro
394856,8,"Miami, FL",msa,FL,2013-10-31,183049.2756450704,,29.62337527315464,metro
394856,8,"Miami, FL",msa,FL,2013-11-30,185389.4112930557,,30.041587056977946,metro
394856,8,"Miami, FL",msa,FL,2013-12-31,187678.8353566968,,30.746985042953874,metro
394856,8,"Miami, FL",msa,FL,2014-01-31,189829.3181208296,,30.749234447607943,metro
394856,8,"Miami, FL",msa,FL,2014-02-28,192065.8017384721,,30.69021122745021,metro
394856,8,"Miami, FL",msa,FL,2014-03-31,194308.29130517176,,30.96414001369416,metro
394856,8,"Miami, FL",msa,FL,2014-04-30,196548.24146304783,,31.121521075195304,metro
394856,8,"Miami, FL",msa,FL,2014-05-31,198922.51562672915,,30.97390304436283,metro
394856,8,"Miami, FL",msa,FL,2014-06-30,200980.7784335401,,31.06765222290782,metro
394856,8,"Miami, FL",msa,FL,2014-07-31,203031.9194178986,,31.15448434798669,metro
394856,8,"Miami, FL",msa,FL,2014-08-31,204825.0833259047,,31.25459140408505,metro
394856,8,"Miami, FL",msa,FL,2014-09-30,206640.0668245333,,31.560712574698258,metro
394856,8,"Miami, FL",msa,FL,2014-10-31,208245.4191115296,,31.43882624508063,metro
394856,8,"Miami, FL",msa,FL,2014-11-30,210022.6862305968,,31.542686484032238,metro
394856,8,"Miami, FL",msa,FL,2014-12-31,211926.8744675843,,31.42881142284491,metro
394856,8,"Miami, FL",msa,FL,2015-01-31,213882.1967362253,1464.119276980527,31.082765150314312,metro
394856,8,"Miami, FL",msa,FL,2015-02-28,215624.61371282733,1469.8151714544802,31.354485796700672,metro
394856,8,"Miami, FL",msa,FL,2015-03-31,217214.7658251717,1475.5085338097615,31.67351232097117,metro
394856,8,"Miami, FL",msa,FL,2015-04-30,218827.7451824191,1482.3526598301205,31.620134739525007,metro
394856,8,"Miami, FL",msa,FL,2015-05-31,220594.97392905704,1490.9121710764794,32.218068741919296,metro
394856,8,"Miami, FL",msa,FL,2015-06-30,222341.1987595921,1499.1627528223762,32.71935710584566,metro
394856,8,"Miami, FL",msa,FL,2015-07-31,224222.5364508497,1508.102850888517,33.03509379958323,metro
394856,8,"Miami, FL",msa,FL,2015-08-31,226148.90605533952,1515.4813352472172,32.82970958436643,metro
394856,8,"Miami, FL",msa,FL,2015-09-30,228244.9222832712,1526.602933405086,32.898929627539516,metro
394856,8,"Miami, FL",msa,FL,2015-10-31,230383.9615539075,1534.0725444042332,32.76597824366446,metro
394856,8,"Miami, FL",msa,FL,2015-11-30,232413.3714101133,1543.2659922237242,33.22702492398819,metro
394856,8,"Miami, FL",msa,FL,2015-12-31,234149.42846288803,1546.124623454722,33.38897349656441,metro
394856,8,"Miami, FL",msa,FL,2016-01-31,235727.06073257956,1549.672616703089,33.34913451188921,metro
394856,8,"Miami, FL",msa,FL,2016-02-29,237264.30616594356,1550.965187247515,32.9026190561048,metro
394856,8,"Miami, FL",msa,FL,2016-03-31,238958.3485752733,1553.333745010234,33.07411885554189,metro
394856,8,"Miami, FL",msa,FL,2016-04-30,240694.2354332989,1554.8432505749065,32.93611482857274,metro
394856,8,"Miami, FL",msa,FL,2016-05-31,242415.37866782572,1554.3834390248232,33.01396447078554,metro
394856,8,"Miami, FL",msa,FL,2016-06-30,244207.8673262304,1554.7931303539112,33.07668921737652,metro
394856,8,"Miami, FL",msa,FL,2016-07-31,245902.83245783407,1556.7778850627976,32.88737542701648,metro
394856,8,"Miami, FL",msa,FL,2016-08-31,247509.63342392916,1559.634354575095,32.995603759742984,metro
394856,8,"Miami, FL",msa,FL,2016-09-30,249107.0084003082,1564.6428609331244,33.21184727943165,metro
394856,8,"Miami, FL",msa,FL,2016-10-31,250972.3054480576,1567.4128524393582,33.42624068856258,metro
394856,8,"Miami, FL",msa,FL,2016-11-30,252655.20559098828,1571.0171547430168,34.36387334197381,metro
394856,8,"Miami, FL",msa,FL,2016-12-31,253934.16209935816,1569.9025373518334,35.55057488936555,metro
394856,8,"Miami, FL",msa,FL,2017-01-31,254954.6930539373,1574.685428653091,35.40106110662717,metro
394856,8,"Miami, FL",msa,FL,2017-02-28,256431.80571967887,1578.1630760906385,35.508176560659535,metro
394856,8,"Miami, FL",msa,FL,2017-03-31,258444.00133445635,1586.313935344645,35.69574183611004,metro
394856,8,"Miami, FL",msa,FL,2017-04-30,260446.3075686348,1588.497775839218,35.38609698262919,metro
394856,8,"Miami, FL",msa,FL,2017-05-31,262066.62459103545,1590.9591565696412,35.33971113828381,metro
394856,8,"Miami, FL",msa,FL,2017-06-30,263589.7915867688,1593.6586788774075,35.05799206561505,metro
394856,8,"Miami, FL",msa,FL,2017-07-31,265076.32057392,1598.923530999104,35.234613007706876,metro
394856,8,"Miami, FL",msa,FL,2017-08-31,266719.5355068865,1606.171570843979,35.03019711829104,metro
394856,8,"Miami, FL",msa,FL,2017-09-30,268277.05102484155,1612.9136695550433,34.85208525891208,metro
394856,8,"Miami, FL",msa,FL,2017-10-31,269944.2984813655,1618.251920101581,35.130501877639816,metro
394856,8,"Miami, FL",msa,FL,2017-11-30,271725.9661834134,1619.4882086763428,35.2544649630685,metro
394856,8,"Miami, FL",msa,FL,2017-12-31,273806.1285426544,1620.5546500004957,35.42793346795361,metro
394856,8,"Miami, FL",msa,FL,2018-01-31,275642.74921670795,1622.282812810257,35.69054169913038,metro
394856,8,"Miami, FL",msa,FL,2018-02-28,277049.0685071704,1625.1237485739566,36.54348571515297,metro
394856,8,"Miami, FL",msa,FL,2018-03-31,278239.9889315626,1628.803677484914,36.86905248213936,metro
394856,8,"Miami, FL",msa,FL,2018-04-30,279398.0271041267,1632.8686041548256,36.93257334461651,metro
394856,8,"Miami, FL",msa,FL,2018-05-31,280832.35686287825,1636.9884967006476,37.29705560777419,metro
394856,8,"Miami, FL",msa,FL,2018-06-30,282119.9886107301,1642.04245820068,37.25769881554447,metro
394856,8,"Miami, FL",msa,FL,2018-07-31,283801.13878604193,1647.3068672998286,37.18846450873693,metro
394856,8,"Miami, FL",msa,FL,2018-08-31,285328.81639584707,1654.1361285431078,37.28887195122039,metro
394856,8,"Miami, FL",msa,FL,2018-09-30,286788.3783022062,1659.117657740165,37.56512821703556,metro
394856,8,"Miami, FL",msa,FL,2018-10-31,288039.2671138588,1666.136679126645,38.18371824467783,metro
394856,8,"Miami, FL",msa,FL,2018-11-30,289521.7483953244,1672.113420082039,38.341260481730984,metro
394856,8,"Miami, FL",msa,FL,2018-12-31,291207.9589202853,1677.4552595452376,37.70123279018926,metro
394856,8,"Miami, FL",msa,FL,2019-01-31,292600.1583558285,1676.577415332289,37.24678655953484,metro
394856,8,"Miami, FL",msa,FL,2019-02-28,293759.2808891019,1675.168420941713,36.94465369611132,metro
394856,8,"Miami, FL",msa,FL,2019-03-31,294421.59255678166,1675.4996409373678,36.59499239085408,metro
394856,8,"Miami, FL",msa,FL,2019-04-30,294788.137829766,1678.6499178027836,36.16944847934102,metro
394856,8,"Miami, FL",msa,FL,2019-05-31,294643.59628671693,1683.847286454216,35.84309766885197,metro
394856,8,"Miami, FL",msa,FL,2019-06-30,294571.02726327337,1687.8706023718016,35.01986380278085,metro
394856,8,"Miami, FL",msa,FL,2019-07-31,294722.4251526764,1692.9596889751897,34.86957526212726,metro
394856,8,"Miami, FL",msa,FL,2019-08-31,295248.50409923174,1696.7717502543985,34.47793808655388,metro
394856,8,"Miami, FL",msa,FL,2019-09-30,295950.4423594276,1702.97514891301,34.51333205869898,metro
394856,8,"Miami, FL",msa,FL,2019-10-31,297027.13050508406,1712.593718131163,34.84397727920676,metro
394856,8,"Miami, FL",msa,FL,2019-11-30,298673.91071249265,1722.9113154974373,35.03245043917916,metro
394856,8,"Miami, FL",msa,FL,2019-12-31,300714.1935384204,1729.3105190174967,35.32449445757831,metro
394856,8,"Miami, FL",msa,FL,2020-01-31,303161.59526590724,1731.0339830058572,35.33237876791671,metro
394856,8,"Miami, FL",msa,FL,2020-02-29,305375.23549814965,1733.6471410210386,35.09689489294257,metro
394856,8,"Miami, FL",msa,FL,2020-03-31,307284.1235839694,1734.841433421625,34.9412295182916,metro
394856,8,"Miami, FL",msa,FL,2020-04-30,308247.8562922988,1728.727453919519,34.30417224506971,metro
394856,8,"Miami, FL",msa,FL,2020-05-31,308164.5296462039,1720.0128388669532,33.79998228663852,metro
394856,8,"Miami, FL",msa,FL,2020-06-30,307705.9305340131,1718.5242892790889,33.47131149544478,metro
394856,8,"Miami, FL",msa,FL,2020-07-31,307770.93142953905,1724.1191787353691,33.02367272484537,metro
394856,8,"Miami, FL",msa,FL,2020-08-31,309149.3780977524,1729.542474132719,32.88210553539643,metro
394856,8,"Miami, FL",msa,FL,2020-09-30,311721.93534162786,1735.0514021745803,33.0844510506285,metro
394856,8,"Miami, FL",msa,FL,2020-10-31,314925.61872706906,1747.6667419103107,33.338313965529544,metro
394856,8,"Miami, FL",msa,FL,2020-11-30,318855.4908467694,1765.4169420420517,33.56173239933644,metro
394856,8,"Miami, FL",msa,FL,2020-12-31,322886.37843103457,1781.1066236303302,33.384789065867935,metro
394856,8,"Miami, FL",msa,FL,2021-01-31,326988.78039201925,1796.3163195090754,32.739873908061426,metro
394856,8,"Miami, FL",msa,FL,2021-02-28,330895.1434046332,1818.8413214463612,32.94815744006524,metro
394856,8,"Miami, FL",msa,FL,2021-03-31,334922.984179169,1847.20660704616,33.94552128043017,metro
394856,8,"Miami, FL",msa,FL,2021-04-30,339220.7467403348,1881.0205822002167,34.22249569305582,metro
394856,8,"Miami, FL",msa,FL,2021-05-31,344363.3707429036,1919.7165385378444,34.321830017627434,metro
394856,8,"Miami, FL",msa,FL,2021-06-30,350430.9384233416,1969.152179270016,34.54462070278606,metro
394856,8,"Miami, FL",msa,FL,2021-07-31,356641.5736190483,2033.6283699962532,34.42186822258304,metro
394856,8,"Miami, FL",msa,FL,2021-08-31,362063.4569346504,2097.290564319482,34.54256560976579,metro
394856,8,"Miami, FL",msa,FL,2021-09-30,366490.2471622134,2154.3618865345347,35.22179819744072,metro
394856,8,"Miami, FL",msa,FL,2021-10-31,370744.79665370873,2195.6380513156187,36.27973139166368,metro
394856,8,"Miami, FL",msa,FL,2021-11-30,375740.37924087566,2239.524085427188,36.87643670851568,metro
394856,8,"Miami, FL",msa,FL,2021-12-31,381463.1471121114,2284.8779705527927,37.28629705888038,metro
394856,8,"Miami, FL",msa,FL,2022-01-31,389134.9764105165,2326.0501387896247,37.93390704806327,metro
394856,8,"Miami, FL",msa,FL,2022-02-28,398141.10060947767,2359.32426246909,39.47470209223114,metro
394856,8,"Miami, FL",msa,FL,2022-03-31,408818.9102758076,2394.9080280391945,41.4683445015441,metro
394856,8,"Miami, FL",msa,FL,2022-04-30,419858.4457718111,2435.6004040597377,44.963519630625136,metro
394856,8,"Miami, FL",msa,FL,2022-05-31,430342.005120084,2474.791800484692,46.52616364631508,metro
394856,8,"Miami, FL",msa,FL,2022-06-30,439768.589640747,2501.636903977471,48.21778782104047,metro
394856,8,"Miami, FL",msa,FL,2022-07-31,446694.18037653295,2521.191938440868,48.17662703900448,metro
394856,8,"Miami, FL",msa,FL,2022-08-31,450945.82997093326,2529.254532655011,47.584409031480405,metro
394856,8,"Miami, FL",msa,FL,2022-09-30,452567.2224402867,2536.955680099314,50.9145410572789,metro
394856,8,"Miami, FL",msa,FL,2022-10-31,453461.8200447297,2539.345910470419,53.88595799553132,metro
394856,8,"Miami, FL",msa,FL,2022-11-30,454362.1491920177,2545.11876036815,53.331501402750604,metro
394856,8,"Miami, FL",msa,FL,2022-12-31,455537.6802212395,2547.8874349070848,51.41799909708832,metro
394856,8,"Miami, FL",msa,FL,2023-01-31,456092.897568933,2549.340860933425,51.27586901885493,metro
394856,8,"Miami, FL",msa,FL,2023-02-28,456346.7638090568,2551.3730692989325,50.98028180612123,metro
394856,8,"Miami, FL",msa,FL,2023-03-31,456942.8401794237,2557.4534722916646,51.948101463668884,metro
394856,8,"Miami, FL",msa,FL,2023-04-30,458522.2385516236,2563.1949242113583,51.135128514677774,metro
394856,8,"Miami, FL",msa,FL,2023-05-31,461107.6953305562,2569.465491966816,51.51764975718811,metro
394856,8,"Miami, FL",msa,FL,2023-06-30,464715.140436922,2572.3789625594936,52.80498702267623,metro
394856,8,"Miami, FL",msa,FL,2023-07-31,468447.1445908839,2576.1818166850303,53.477566984714095,metro
394856,8,"Miami, FL",msa,FL,2023-08-31,472181.1137111634,2580.1585589967813,54.57197206233848,metro
394856,8,"Miami, FL",msa,FL,2023-09-30,475152.05769021,2584.3620031442165,55.178783144750376,metro
394856,8,"Miami, FL",msa,FL,2023-10-31,478047.221900391,2591.3715271977826,56.96568530091602,metro
394856,8,"Miami, FL",msa,FL,2023-11-30,480981.4539014592,2593.489693590897,56.32849636464298,metro
394856,8,"Miami, FL",msa,FL,2023-12-31,483697.9355193097,2588.868052295304,53.86540408328059,metro
394856,8,"Miami, FL",msa,FL,2024-01-31,486112.1241000562,2587.209654992118,53.486361147398284,metro
394856,8,"Miami, FL",msa,FL,2024-02-29,488071.582091413,2592.7860405159818,53.9700584014535,metro
394856,8,"Miami, FL",msa,FL,2024-03-31,490246.6697556872,2603.817882808271,54.124754865854776,metro
394856,8,"Miami, FL",msa,FL,2024-04-30,492252.1329459392,2611.843236080338,54.82750725102131,metro
394856,8,"Miami, FL",msa,FL,2024-05-31,493962.3485281445,2615.352429801292,55.00759571366791,metro
394856,8,"Miami, FL",msa,FL,2024-06-30,494534.97156449297,2618.896714983006,54.259067513062966,metro
394856,8,"Miami, FL",msa,FL,2024-07-31,494728.2458142939,2624.292983539303,53.781198899137294,metro
394856,8,"Miami, FL",msa,FL,2024-08-31,494748.3327967595,2629.126034783787,52.208487278145874,metro
394856,8,"Miami, FL",msa,FL,2024-09-30,494804.9249759289,2634.274787763197,51.09152489523059,metro
394856,8,"Miami, FL",msa,FL,2024-10-31,494356.4613572391,2634.7533858245984,51.82855187776699,metro
394856,8,"Miami, FL",msa,FL,2024-11-30,493382.3963986123,2633.949722544364,53.0138759719957,metro
394856,8,"Miami, FL",msa,FL,2024-12-31,492532.1504135882,2632.7977158094627,52.43407924608994,metro
394856,8,"Miami, FL",msa,FL,2025-01-31,491912.4115414549,2634.910994590698,53.18879887798927,metro
394856,8,"Miami, FL",msa,FL,2025-02-28,491163.1950297013,2639.70226451718,52.56577972205243,metro
394856,8,"Miami, FL",msa,FL,2025-03-31,489194.7290026736,2646.655379181421,51.512389026778095,metro
394856,8,"Miami, FL",msa,FL,2025-04-30,486567.53431104025,2650.952989747192,51.35744601324011,metro
394856,8,"Miami, FL",msa,FL,2025-05-31,483341.4376322255,2653.87026316677,51.21573929972776,metro
394856,8,"Miami, FL",msa,FL,2025-06-30,480135.23873929615,2654.552853712476,50.78911368592595,metro
394856,8,"Miami, FL",msa,FL,2025-07-31,476567.72972792014,2655.454100535629,49.9971287040247,metro
394856,8,"Miami, FL",msa,FL,2025-08-31,473617.79396115657,2655.525069122877,49.13742016728897,metro
394856,8,"Miami, FL",msa,FL,2025-09-30,471626.7114294356,2654.0595185776924,48.27303697772412,metro
394856,8,"Miami, FL",msa,FL,2025-10-31,470685.0023510655,2652.861337299181,47.73452756187711,metro
394856,8,"Miami, FL",msa,FL,2025-11-30,469974.02854074497,2651.507207463255,47.50314243904383,metro
394856,8,"Miami, FL",msa,FL,2025-12-31,469513.27875003096,2649.860091319902,47.189513076783015,metro
394856,8,"Miami, FL",msa,FL,2026-01-31,469361.1799526993,2649.1126089811464,46.7643262748893,metro
394856,8,"Miami, FL",msa,FL,2026-02-28,469603.41199952574,2654.1438680133983,46.48639641383817,metro
394913,1,"New York, NY",msa,NY,2000-01-31,216280.79660953904,,,metro
394913,1,"New York, NY",msa,NY,2000-02-29,217199.86796529172,,,metro
394913,1,"New York, NY",msa,NY,2000-03-31,218127.4515780396,,,metro
394913,1,"New York, NY",msa,NY,2000-04-30,220007.09490782084,,,metro
394913,1,"New York, NY",msa,NY,2000-05-31,221953.5306678815,,,metro
394913,1,"New York, NY",msa,NY,2000-06-30,224111.4416289965,,,metro
394913,1,"New York, NY",msa,NY,2000-07-31,226469.01318425452,,,metro
394913,1,"New York, NY",msa,NY,2000-08-31,228979.95572001068,,,metro
394913,1,"New York, NY",msa,NY,2000-09-30,231549.62797777177,,,metro
394913,1,"New York, NY",msa,NY,2000-10-31,234112.64505005247,,,metro
394913,1,"New York, NY",msa,NY,2000-11-30,236597.52218180508,,,metro
394913,1,"New York, NY",msa,NY,2000-12-31,238944.1025018097,,,metro
394913,1,"New York, NY",msa,NY,2001-01-31,241180.10150826417,,,metro
394913,1,"New York, NY",msa,NY,2001-02-28,243472.91559001236,,,metro
394913,1,"New York, NY",msa,NY,2001-03-31,245698.0329268773,,,metro
394913,1,"New York, NY",msa,NY,2001-04-30,247947.9690149757,,,metro
394913,1,"New York, NY",msa,NY,2001-05-31,250159.2115014924,,,metro
394913,1,"New York, NY",msa,NY,2001-06-30,252540.63019900653,,,metro
394913,1,"New York, NY",msa,NY,2001-07-31,254967.5829741242,,,metro
394913,1,"New York, NY",msa,NY,2001-08-31,257573.9435444785,,,metro
394913,1,"New York, NY",msa,NY,2001-09-30,260263.05329942543,,,metro
394913,1,"New York, NY",msa,NY,2001-10-31,263159.4808877364,,,metro
394913,1,"New York, NY",msa,NY,2001-11-30,265949.73715493496,,,metro
394913,1,"New York, NY",msa,NY,2001-12-31,268633.75547871256,,,metro
394913,1,"New York, NY",msa,NY,2002-01-31,271293.3358068561,,,metro
394913,1,"New York, NY",msa,NY,2002-02-28,273842.6674839507,,,metro
394913,1,"New York, NY",msa,NY,2002-03-31,276266.2653579247,,,metro
394913,1,"New York, NY",msa,NY,2002-04-30,278569.07197132456,,,metro
394913,1,"New York, NY",msa,NY,2002-05-31,280968.3020764396,,,metro
394913,1,"New York, NY",msa,NY,2002-06-30,283684.10328127875,,,metro
394913,1,"New York, NY",msa,NY,2002-07-31,286688.23781806097,,,metro
394913,1,"New York, NY",msa,NY,2002-08-31,290311.1779389838,,,metro
394913,1,"New York, NY",msa,NY,2002-09-30,294249.6396118113,,,metro
394913,1,"New York, NY",msa,NY,2002-10-31,298273.16203887487,,,metro
394913,1,"New York, NY",msa,NY,2002-11-30,301999.8435397507,,,metro
394913,1,"New York, NY",msa,NY,2002-12-31,305656.80991058215,,,metro
394913,1,"New York, NY",msa,NY,2003-01-31,309298.26889826136,,,metro
394913,1,"New York, NY",msa,NY,2003-02-28,312947.37336458854,,,metro
394913,1,"New York, NY",msa,NY,2003-03-31,316736.7943730892,,,metro
394913,1,"New York, NY",msa,NY,2003-04-30,320354.79018711945,,,metro
394913,1,"New York, NY",msa,NY,2003-05-31,324013.7352212348,,,metro
394913,1,"New York, NY",msa,NY,2003-06-30,327630.8999850561,,,metro
394913,1,"New York, NY",msa,NY,2003-07-31,331420.9292211861,,,metro
394913,1,"New York, NY",msa,NY,2003-08-31,335192.90226259665,,,metro
394913,1,"New York, NY",msa,NY,2003-09-30,338736.3939808496,,,metro
394913,1,"New York, NY",msa,NY,2003-10-31,342049.1631455392,,,metro
394913,1,"New York, NY",msa,NY,2003-11-30,345141.12176106306,,,metro
394913,1,"New York, NY",msa,NY,2003-12-31,348107.3446450723,,,metro
394913,1,"New York, NY",msa,NY,2004-01-31,351268.94246971054,,,metro
394913,1,"New York, NY",msa,NY,2004-02-29,354426.8820000041,,,metro
394913,1,"New York, NY",msa,NY,2004-03-31,357694.17906899814,,,metro
394913,1,"New York, NY",msa,NY,2004-04-30,360885.1178152476,,,metro
394913,1,"New York, NY",msa,NY,2004-05-31,364537.5049798262,,,metro
394913,1,"New York, NY",msa,NY,2004-06-30,368570.7144923988,,,metro
394913,1,"New York, NY",msa,NY,2004-07-31,373076.320612851,,,metro
394913,1,"New York, NY",msa,NY,2004-08-31,377744.8639734694,,,metro
394913,1,"New York, NY",msa,NY,2004-09-30,382586.50028818304,,,metro
394913,1,"New York, NY",msa,NY,2004-10-31,387443.614222942,,,metro
394913,1,"New York, NY",msa,NY,2004-11-30,392108.7107323205,,,metro
394913,1,"New York, NY",msa,NY,2004-12-31,396441.6043999004,,,metro
394913,1,"New York, NY",msa,NY,2005-01-31,400507.8309558259,,,metro
394913,1,"New York, NY",msa,NY,2005-02-28,404458.0333454188,,,metro
394913,1,"New York, NY",msa,NY,2005-03-31,408472.2115695157,,,metro
394913,1,"New York, NY",msa,NY,2005-04-30,413042.7152855115,,,metro
394913,1,"New York, NY",msa,NY,2005-05-31,417997.2430756716,,,metro
394913,1,"New York, NY",msa,NY,2005-06-30,423015.5754983348,,,metro
394913,1,"New York, NY",msa,NY,2005-07-31,427775.4116777358,,,metro
394913,1,"New York, NY",msa,NY,2005-08-31,432478.0280000743,,,metro
394913,1,"New York, NY",msa,NY,2005-09-30,437230.0732228483,,,metro
394913,1,"New York, NY",msa,NY,2005-10-31,442081.0369367137,,,metro
394913,1,"New York, NY",msa,NY,2005-11-30,446557.8373000359,,,metro
394913,1,"New York, NY",msa,NY,2005-12-31,450876.3988816827,,,metro
394913,1,"New York, NY",msa,NY,2006-01-31,454720.4868528165,,,metro
394913,1,"New York, NY",msa,NY,2006-02-28,458545.81150261307,,,metro
394913,1,"New York, NY",msa,NY,2006-03-31,461811.418336256,,,metro
394913,1,"New York, NY",msa,NY,2006-04-30,464751.8061992762,,,metro
394913,1,"New York, NY",msa,NY,2006-05-31,467292.4593571192,,,metro
394913,1,"New York, NY",msa,NY,2006-06-30,469664.6130455397,,,metro
394913,1,"New York, NY",msa,NY,2006-07-31,471399.4145030437,,,metro
394913,1,"New York, NY",msa,NY,2006-08-31,472251.2466512072,,,metro
394913,1,"New York, NY",msa,NY,2006-09-30,472170.1746723205,,,metro
394913,1,"New York, NY",msa,NY,2006-10-31,471262.1618017226,,,metro
394913,1,"New York, NY",msa,NY,2006-11-30,469867.8614896696,,,metro
394913,1,"New York, NY",msa,NY,2006-12-31,468224.8788323803,,,metro
394913,1,"New York, NY",msa,NY,2007-01-31,466655.7349296089,,,metro
394913,1,"New York, NY",msa,NY,2007-02-28,465453.8709277864,,,metro
394913,1,"New York, NY",msa,NY,2007-03-31,465185.547601785,,,metro
394913,1,"New York, NY",msa,NY,2007-04-30,465009.3172132133,,,metro
394913,1,"New York, NY",msa,NY,2007-05-31,464840.196830408,,,metro
394913,1,"New York, NY",msa,NY,2007-06-30,463715.7626139449,,,metro
394913,1,"New York, NY",msa,NY,2007-07-31,462136.926285302,,,metro
394913,1,"New York, NY",msa,NY,2007-08-31,460426.21039230167,,,metro
394913,1,"New York, NY",msa,NY,2007-09-30,458591.3489598997,,,metro
394913,1,"New York, NY",msa,NY,2007-10-31,457226.7677269718,,,metro
394913,1,"New York, NY",msa,NY,2007-11-30,455852.37261820136,,,metro
394913,1,"New York, NY",msa,NY,2007-12-31,454521.03164756094,,,metro
394913,1,"New York, NY",msa,NY,2008-01-31,453261.1159328485,,,metro
394913,1,"New York, NY",msa,NY,2008-02-29,451918.96228588576,,,metro
394913,1,"New York, NY",msa,NY,2008-03-31,450190.51137326704,,,metro
394913,1,"New York, NY",msa,NY,2008-04-30,448205.1594176061,,,metro
394913,1,"New York, NY",msa,NY,2008-05-31,445375.7821151784,,,metro
394913,1,"New York, NY",msa,NY,2008-06-30,442486.3438163639,,,metro
394913,1,"New York, NY",msa,NY,2008-07-31,439307.7665934656,,,metro
394913,1,"New York, NY",msa,NY,2008-08-31,436334.9187778853,,,metro
394913,1,"New York, NY",msa,NY,2008-09-30,433268.9664394353,,,metro
394913,1,"New York, NY",msa,NY,2008-10-31,429968.7830918634,,,metro
394913,1,"New York, NY",msa,NY,2008-11-30,426510.7993968545,,,metro
394913,1,"New York, NY",msa,NY,2008-12-31,423191.1767354928,,,metro
394913,1,"New York, NY",msa,NY,2009-01-31,419749.2587599207,,,metro
394913,1,"New York, NY",msa,NY,2009-02-28,416407.7261006909,,,metro
394913,1,"New York, NY",msa,NY,2009-03-31,413182.85709553707,,,metro
394913,1,"New York, NY",msa,NY,2009-04-30,410036.02954517934,,,metro
394913,1,"New York, NY",msa,NY,2009-05-31,407320.4461052763,,,metro
394913,1,"New York, NY",msa,NY,2009-06-30,404603.9839856694,,,metro
394913,1,"New York, NY",msa,NY,2009-07-31,402067.1135302247,,,metro
394913,1,"New York, NY",msa,NY,2009-08-31,399375.1765396372,,,metro
394913,1,"New York, NY",msa,NY,2009-09-30,397144.1355010609,,,metro
394913,1,"New York, NY",msa,NY,2009-10-31,395416.1985244656,,,metro
394913,1,"New York, NY",msa,NY,2009-11-30,394311.8014823113,,,metro
394913,1,"New York, NY",msa,NY,2009-12-31,393624.1344492505,,,metro
394913,1,"New York, NY",msa,NY,2010-01-31,393380.3601970225,,,metro
394913,1,"New York, NY",msa,NY,2010-02-28,393542.8304612801,,,metro
394913,1,"New York, NY",msa,NY,2010-03-31,393505.7828718002,,,metro
394913,1,"New York, NY",msa,NY,2010-04-30,393499.87055144814,,,metro
394913,1,"New York, NY",msa,NY,2010-05-31,393323.9971518554,,,metro
394913,1,"New York, NY",msa,NY,2010-06-30,393702.6917395661,,,metro
394913,1,"New York, NY",msa,NY,2010-07-31,394126.6516777437,,,metro
394913,1,"New York, NY",msa,NY,2010-08-31,394320.0622871806,,,metro
394913,1,"New York, NY",msa,NY,2010-09-30,393882.29172594025,,,metro
394913,1,"New York, NY",msa,NY,2010-10-31,392749.88154782914,,,metro
394913,1,"New York, NY",msa,NY,2010-11-30,391177.1623711898,,,metro
394913,1,"New York, NY",msa,NY,2010-12-31,389287.190850744,,,metro
394913,1,"New York, NY",msa,NY,2011-01-31,387824.8317722345,,,metro
394913,1,"New York, NY",msa,NY,2011-02-28,386679.5962239127,,,metro
394913,1,"New York, NY",msa,NY,2011-03-31,386032.2943568908,,,metro
394913,1,"New York, NY",msa,NY,2011-04-30,385082.6922674234,,,metro
394913,1,"New York, NY",msa,NY,2011-05-31,383989.73775353975,,,metro
394913,1,"New York, NY",msa,NY,2011-06-30,382445.3153913243,,,metro
394913,1,"New York, NY",msa,NY,2011-07-31,380872.1146288674,,,metro
394913,1,"New York, NY",msa,NY,2011-08-31,379267.1169347348,,,metro
394913,1,"New York, NY",msa,NY,2011-09-30,377712.1153419828,,,metro
394913,1,"New York, NY",msa,NY,2011-10-31,376148.4833616309,,,metro
394913,1,"New York, NY",msa,NY,2011-11-30,374480.79839787656,,,metro
394913,1,"New York, NY",msa,NY,2011-12-31,372957.7656194459,,,metro
394913,1,"New York, NY",msa,NY,2012-01-31,371558.9821865114,,42.83082873044744,metro
394913,1,"New York, NY",msa,NY,2012-02-29,370698.4360219901,,42.61715693785348,metro
394913,1,"New York, NY",msa,NY,2012-03-31,370640.6441956397,,42.74039141490144,metro
394913,1,"New York, NY",msa,NY,2012-04-30,371155.350649378,,42.59190566429231,metro
394913,1,"New York, NY",msa,NY,2012-05-31,372009.9472422663,,42.27649492267029,metro
394913,1,"New York, NY",msa,NY,2012-06-30,372499.1946848908,,41.90199253509509,metro
394913,1,"New York, NY",msa,NY,2012-07-31,372853.6797761296,,41.5131485608959,metro
394913,1,"New York, NY",msa,NY,2012-08-31,372760.1333852427,,41.57670283141973,metro
394913,1,"New York, NY",msa,NY,2012-09-30,372876.7889624431,,41.04029523799616,metro
394913,1,"New York, NY",msa,NY,2012-10-31,372831.0615887237,,40.44020584807654,metro
394913,1,"New York, NY",msa,NY,2012-11-30,372986.30534572434,,40.15235682205588,metro
394913,1,"New York, NY",msa,NY,2012-12-31,373034.14185059984,,40.16173702496707,metro
394913,1,"New York, NY",msa,NY,2013-01-31,373730.5085595396,,40.11258081673413,metro
394913,1,"New York, NY",msa,NY,2013-02-28,374673.6958239167,,40.59526597108817,metro
394913,1,"New York, NY",msa,NY,2013-03-31,375728.8095915737,,40.69711908117871,metro
394913,1,"New York, NY",msa,NY,2013-04-30,376671.8470996736,,40.31393588181707,metro
394913,1,"New York, NY",msa,NY,2013-05-31,377829.0057254189,,40.60547305809802,metro
394913,1,"New York, NY",msa,NY,2013-06-30,379413.3250877473,,42.48523771003106,metro
394913,1,"New York, NY",msa,NY,2013-07-31,381131.54666076927,,43.76046758072323,metro
394913,1,"New York, NY",msa,NY,2013-08-31,383075.320775254,,44.38002733080365,metro
394913,1,"New York, NY",msa,NY,2013-09-30,385039.4882124896,,44.626389919113166,metro
394913,1,"New York, NY",msa,NY,2013-10-31,387050.0792579238,,43.7882860995969,metro
394913,1,"New York, NY",msa,NY,2013-11-30,388516.38199020486,,44.0446436243135,metro
394913,1,"New York, NY",msa,NY,2013-12-31,389515.7352397541,,44.75768568977644,metro
394913,1,"New York, NY",msa,NY,2014-01-31,390682.32801501575,,45.24362942996033,metro
394913,1,"New York, NY",msa,NY,2014-02-28,392411.8492867739,,44.979814828647044,metro
394913,1,"New York, NY",msa,NY,2014-03-31,394916.75017371983,,45.28699749710825,metro
394913,1,"New York, NY",msa,NY,2014-04-30,397647.7536232385,,45.461727948962846,metro
394913,1,"New York, NY",msa,NY,2014-05-31,400334.1770237281,,45.179549547193346,metro
394913,1,"New York, NY",msa,NY,2014-06-30,402135.9681232984,,45.18687763516635,metro
394913,1,"New York, NY",msa,NY,2014-07-31,403118.12372114445,,45.09063955561403,metro
394913,1,"New York, NY",msa,NY,2014-08-31,403572.36467422015,,44.98446442839421,metro
394913,1,"New York, NY",msa,NY,2014-09-30,404344.3314809453,,45.12026897117714,metro
394913,1,"New York, NY",msa,NY,2014-10-31,405300.6579424014,,44.72020011154725,metro
394913,1,"New York, NY",msa,NY,2014-11-30,406536.5283969252,,44.6346088976143,metro
394913,1,"New York, NY",msa,NY,2014-12-31,407356.7922021187,,44.22695781379234,metro
394913,1,"New York, NY",msa,NY,2015-01-31,407879.7092920499,2152.864279902009,41.47831044103365,metro
394913,1,"New York, NY",msa,NY,2015-02-28,408077.75994530274,2167.5210071294773,41.56099067109136,metro
394913,1,"New York, NY",msa,NY,2015-03-31,408546.19575595175,2185.8422847848983,41.72568562238606,metro
394913,1,"New York, NY",msa,NY,2015-04-30,409152.7334716762,2204.124600550188,41.40722880629275,metro
394913,1,"New York, NY",msa,NY,2015-05-31,410365.8246555376,2218.209486843921,41.97551413527539,metro
394913,1,"New York, NY",msa,NY,2015-06-30,411542.749533402,2233.024157441372,42.448435992215785,metro
394913,1,"New York, NY",msa,NY,2015-07-31,412915.0575917145,2243.051977790897,42.69061004569963,metro
394913,1,"New York, NY",msa,NY,2015-08-31,414666.9378100215,2252.7488572101865,42.31354299690894,metro
394913,1,"New York, NY",msa,NY,2015-09-30,417205.07627647993,2256.768784504,42.387321509504325,metro
394913,1,"New York, NY",msa,NY,2015-10-31,420154.6197963466,2255.112586543736,42.24416753572252,metro
394913,1,"New York, NY",msa,NY,2015-11-30,422785.5443827823,2246.0352451272306,42.83539137379296,metro
394913,1,"New York, NY",msa,NY,2015-12-31,425064.5458220136,2237.0073660269863,42.99135183092318,metro
394913,1,"New York, NY",msa,NY,2016-01-31,426803.57441960817,2234.418874845501,43.50334331496271,metro
394913,1,"New York, NY",msa,NY,2016-02-29,428137.018719133,2238.770956261162,42.827320730278004,metro
394913,1,"New York, NY",msa,NY,2016-03-31,428859.3635193685,2247.16919207678,42.90059827889887,metro
394913,1,"New York, NY",msa,NY,2016-04-30,429833.0993228838,2259.195517694965,42.610997217065176,metro
394913,1,"New York, NY",msa,NY,2016-05-31,431092.3047446735,2273.4121182391027,42.61258258855905,metro
394913,1,"New York, NY",msa,NY,2016-06-30,432700.6859203241,2287.905710250478,42.55514970980549,metro
394913,1,"New York, NY",msa,NY,2016-07-31,433930.3800250885,2300.1469414621506,42.160974576140994,metro
394913,1,"New York, NY",msa,NY,2016-08-31,434551.3771162733,2304.0410627728206,42.10515882218593,metro
394913,1,"New York, NY",msa,NY,2016-09-30,434908.1842198982,2304.6221304667934,42.1761140014301,metro
394913,1,"New York, NY",msa,NY,2016-10-31,435668.51081211725,2297.4204135405976,42.24636814799196,metro
394913,1,"New York, NY",msa,NY,2016-11-30,437199.0232388021,2293.186027755746,43.29102820693001,metro
394913,1,"New York, NY",msa,NY,2016-12-31,439683.3792086069,2281.696771493989,44.774491624260484,metro
394913,1,"New York, NY",msa,NY,2017-01-31,442128.0254537822,2278.7528624852457,44.96556576028473,metro
394913,1,"New York, NY",msa,NY,2017-02-28,444674.1599570183,2279.554570601785,45.111032283384375,metro
394913,1,"New York, NY",msa,NY,2017-03-31,447014.07583107287,2291.374136555584,45.25042595960455,metro
394913,1,"New York, NY",msa,NY,2017-04-30,449964.22065835743,2305.3666677183337,44.84603968028234,metro
394913,1,"New York, NY",msa,NY,2017-05-31,452552.8809226018,2322.421669446709,44.78828848308388,metro
394913,1,"New York, NY",msa,NY,2017-06-30,454773.4249516514,2336.3454466421467,44.46018570708503,metro
394913,1,"New York, NY",msa,NY,2017-07-31,456332.6329067036,2346.166774834995,44.62453521290794,metro
394913,1,"New York, NY",msa,NY,2017-08-31,457920.9866557916,2348.426109827803,44.28878345337609,metro
394913,1,"New York, NY",msa,NY,2017-09-30,459511.3766853725,2346.696751948952,43.95822882158457,metro
394913,1,"New York, NY",msa,NY,2017-10-31,461303.2865305988,2333.953460814349,44.17470649630828,metro
394913,1,"New York, NY",msa,NY,2017-11-30,462850.95503587526,2319.350769118668,44.17901369688718,metro
394913,1,"New York, NY",msa,NY,2017-12-31,464587.725617436,2306.661840946032,44.28549605625962,metro
394913,1,"New York, NY",msa,NY,2018-01-31,466310.168137508,2305.4518828417254,44.2402673475975,metro
394913,1,"New York, NY",msa,NY,2018-02-28,467853.5875270883,2312.180556338973,45.23422334343681,metro
394913,1,"New York, NY",msa,NY,2018-03-31,469640.6500927306,2325.2134139870013,45.63017538436238,metro
394913,1,"New York, NY",msa,NY,2018-04-30,471511.7012068445,2343.9791123046803,45.723481323479746,metro
394913,1,"New York, NY",msa,NY,2018-05-31,474082.5134587903,2361.716221528663,46.21157034688892,metro
394913,1,"New York, NY",msa,NY,2018-06-30,476275.016129741,2378.1220592276777,46.26206796093477,metro
394913,1,"New York, NY",msa,NY,2018-07-31,478670.600763578,2389.708117740803,46.24816167677941,metro
394913,1,"New York, NY",msa,NY,2018-08-31,480672.6114833112,2398.0835143509307,46.41004503327646,metro
394913,1,"New York, NY",msa,NY,2018-09-30,482502.530523499,2398.27244815155,46.717649998942804,metro
394913,1,"New York, NY",msa,NY,2018-10-31,483518.6463243142,2389.919403761028,47.37808922357462,metro
394913,1,"New York, NY",msa,NY,2018-11-30,484394.5025745411,2379.742013718919,47.44459350982529,metro
394913,1,"New York, NY",msa,NY,2018-12-31,485005.6661504979,2370.3918036161526,46.52960406946598,metro
394913,1,"New York, NY",msa,NY,2019-01-31,486039.64266463503,2369.799684497497,44.984547610629846,metro
394913,1,"New York, NY",msa,NY,2019-02-28,487598.23805036215,2378.759469924273,44.62990922015586,metro
394913,1,"New York, NY",msa,NY,2019-03-31,489588.10706884327,2393.935077735666,44.28526251072201,metro
394913,1,"New York, NY",msa,NY,2019-04-30,491755.5929503282,2411.216752556659,43.89533571311649,metro
394913,1,"New York, NY",msa,NY,2019-05-31,493194.3455312291,2430.510033637692,43.62720023024902,metro
394913,1,"New York, NY",msa,NY,2019-06-30,494462.2725510799,2451.282716565718,42.75497677457561,metro
394913,1,"New York, NY",msa,NY,2019-07-31,495154.18107032607,2466.128245763068,42.60963245055774,metro
394913,1,"New York, NY",msa,NY,2019-08-31,495641.1919823554,2473.371262781965,42.11571237517858,metro
394913,1,"New York, NY",msa,NY,2019-09-30,495374.0847688315,2471.566866814017,42.108552790193485,metro
394913,1,"New York, NY",msa,NY,2019-10-31,495408.6979545723,2467.092044295317,42.44359214107991,metro
394913,1,"New York, NY",msa,NY,2019-11-30,496377.1810368004,2454.981390015949,42.61867938268367,metro
394913,1,"New York, NY",msa,NY,2019-12-31,498030.4907616344,2448.2308386814543,42.9502914519608,metro
394913,1,"New York, NY",msa,NY,2020-01-31,500463.3556872347,2447.5457682393885,42.871910464185866,metro
394913,1,"New York, NY",msa,NY,2020-02-29,502699.7872171141,2460.2406421674277,42.60366148702734,metro
394913,1,"New York, NY",msa,NY,2020-03-31,505272.1152735194,2469.103828754479,42.493022434604896,metro
394913,1,"New York, NY",msa,NY,2020-04-30,507610.9297592623,2463.2665860834977,41.89402324195025,metro
394913,1,"New York, NY",msa,NY,2020-05-31,509464.5750308812,2448.349986161066,41.51016172517154,metro
394913,1,"New York, NY",msa,NY,2020-06-30,509805.053961278,2427.1112880877035,41.145943684543305,metro
394913,1,"New York, NY",msa,NY,2020-07-31,508891.1565936641,2404.0768113106574,40.46380188310953,metro
394913,1,"New York, NY",msa,NY,2020-08-31,508207.8983423356,2360.248893935558,40.02851552777247,metro
394913,1,"New York, NY",msa,NY,2020-09-30,509877.5922919596,2310.842054766871,40.06505042541423,metro
394913,1,"New York, NY",msa,NY,2020-10-31,513577.3328532007,2271.182770338308,40.24761504162327,metro
394913,1,"New York, NY",msa,NY,2020-11-30,518933.5660615743,2241.1485141453604,40.45487368900404,metro
394913,1,"New York, NY",msa,NY,2020-12-31,525222.1269329657,2228.644495388006,40.34228948999199,metro
394913,1,"New York, NY",msa,NY,2021-01-31,531207.1851397889,2227.9829819426627,40.34879865039409,metro
394913,1,"New York, NY",msa,NY,2021-02-28,537463.9118319093,2241.85955778519,40.728654853937066,metro
394913,1,"New York, NY",msa,NY,2021-03-31,543272.0631873095,2262.287483670827,42.09053215681793,metro
394913,1,"New York, NY",msa,NY,2021-04-30,549093.4219195911,2288.1744722919893,42.58483076626639,metro
394913,1,"New York, NY",msa,NY,2021-05-31,554706.409364968,2329.8995801263504,42.7509216485887,metro
394913,1,"New York, NY",msa,NY,2021-06-30,559740.2921648335,2381.601135845411,42.84399516485945,metro
394913,1,"New York, NY",msa,NY,2021-07-31,563937.2131589309,2441.467290305713,42.426429836455085,metro
394913,1,"New York, NY",msa,NY,2021-08-31,566463.0527348166,2498.5545556578563,42.23697036053157,metro
394913,1,"New York, NY",msa,NY,2021-09-30,568005.0496457816,2545.124175716431,42.654034318764474,metro
394913,1,"New York, NY",msa,NY,2021-10-31,570180.5859815638,2577.10573853918,43.55351001677611,metro
394913,1,"New York, NY",msa,NY,2021-11-30,573671.2123392127,2598.397941843437,43.94179883628825,metro
394913,1,"New York, NY",msa,NY,2021-12-31,577607.0472650509,2617.8338268115194,44.12388816132543,metro
394913,1,"New York, NY",msa,NY,2022-01-31,581791.1601514036,2641.3295289643584,44.56296697555969,metro
394913,1,"New York, NY",msa,NY,2022-02-28,586397.3378523096,2672.199181876512,45.765498602293206,metro
394913,1,"New York, NY",msa,NY,2022-03-31,592676.8386903324,2708.9086204066016,47.48021066207151,metro
394913,1,"New York, NY",msa,NY,2022-04-30,599283.8319937418,2747.7851342843783,50.801933130529406,metro
394913,1,"New York, NY",msa,NY,2022-05-31,605950.6235850245,2795.9355571664046,52.05395328996042,metro
394913,1,"New York, NY",msa,NY,2022-06-30,612050.1204060415,2846.544621370562,53.51284540963148,metro
394913,1,"New York, NY",msa,NY,2022-07-31,615931.6553274753,2891.8607571751727,53.1920336295433,metro
394913,1,"New York, NY",msa,NY,2022-08-31,616653.4027350195,2918.088486400972,52.29835955836667,metro
394913,1,"New York, NY",msa,NY,2022-09-30,614147.724758395,2922.058598898395,55.53179822183131,metro
394913,1,"New York, NY",msa,NY,2022-10-31,611584.0947332504,2908.338938292537,58.43816816077623,metro
394913,1,"New York, NY",msa,NY,2022-11-30,609560.5945609923,2883.897599803162,57.6933953763423,metro
394913,1,"New York, NY",msa,NY,2022-12-31,608131.7140517342,2865.944949958921,55.55692257318805,metro
394913,1,"New York, NY",msa,NY,2023-01-31,607311.9408654696,2864.4841321101667,54.25213238348244,metro
394913,1,"New York, NY",msa,NY,2023-02-28,605954.2166033466,2877.2351928918947,53.89870745346354,metro
394913,1,"New York, NY",msa,NY,2023-03-31,606269.8026222222,2902.673356663744,54.8896150985773,metro
394913,1,"New York, NY",msa,NY,2023-04-30,608278.9625646226,2933.3102552129567,54.0475650636144,metro
394913,1,"New York, NY",msa,NY,2023-05-31,612311.7802081254,2967.556718668278,54.52622753123979,metro
394913,1,"New York, NY",msa,NY,2023-06-30,616484.203670508,2995.375041162264,55.871712624987204,metro
394913,1,"New York, NY",msa,NY,2023-07-31,620088.7111859382,3015.9486885482347,56.51200060471538,metro
394913,1,"New York, NY",msa,NY,2023-08-31,623390.1452378538,3025.383939003228,57.56821655916793,metro
394913,1,"New York, NY",msa,NY,2023-09-30,626118.6610547885,3024.575879878709,58.14610910222672,metro
394913,1,"New York, NY",msa,NY,2023-10-31,628467.252877649,3010.7018504920634,59.93355813355146,metro
394913,1,"New York, NY",msa,NY,2023-11-30,630781.054293849,2992.009224693445,59.181348938036,metro
394913,1,"New York, NY",msa,NY,2023-12-31,633546.4706808921,2980.217862819962,56.61220833088018,metro
394913,1,"New York, NY",msa,NY,2024-01-31,636433.078775352,2985.611529857152,55.26214586601485,metro
394913,1,"New York, NY",msa,NY,2024-02-29,640473.9778929468,3003.302241371846,55.98990490264055,metro
394913,1,"New York, NY",msa,NY,2024-03-31,645873.9323753999,3031.0397306396667,56.46934778213498,metro
394913,1,"New York, NY",msa,NY,2024-04-30,651978.2853837135,3058.071797621831,57.57263459720379,metro
394913,1,"New York, NY",msa,NY,2024-05-31,656633.833125688,3087.46762168775,58.07947240657907,metro
394913,1,"New York, NY",msa,NY,2024-06-30,659712.3778516875,3113.5503827079974,57.53139268659277,metro
394913,1,"New York, NY",msa,NY,2024-07-31,662457.0054873918,3129.5327905768395,57.26489855246447,metro
394913,1,"New York, NY",msa,NY,2024-08-31,666197.0452271659,3134.968411762169,55.91182851998172,metro
394913,1,"New York, NY",msa,NY,2024-09-30,670220.7087972665,3125.84832684982,54.86218459893565,metro
394913,1,"New York, NY",msa,NY,2024-10-31,673742.2941376787,3112.9305360084427,56.04535499790744,metro
394913,1,"New York, NY",msa,NY,2024-11-30,676510.8258765885,3103.521073353102,57.734046448600786,metro
394913,1,"New York, NY",msa,NY,2024-12-31,678293.7097852546,3099.2877710806256,57.36453443609692,metro
394913,1,"New York, NY",msa,NY,2025-01-31,679364.6268293204,3109.08718833759,58.779045180030145,metro
394913,1,"New York, NY",msa,NY,2025-02-28,680645.7849090934,3125.972279754525,58.25894273219069,metro
394913,1,"New York, NY",msa,NY,2025-03-31,682328.256037054,3154.452594730916,57.388480763598984,metro
394913,1,"New York, NY",msa,NY,2025-04-30,684741.6457358774,3183.495539517451,57.685200913652956,metro
394913,1,"New York, NY",msa,NY,2025-05-31,686494.9590663869,3211.098795715287,58.0080405512684,metro
394913,1,"New York, NY",msa,NY,2025-06-30,687957.6641422899,3242.000576096561,57.979585901523734,metro
394913,1,"New York, NY",msa,NY,2025-07-31,689119.9413961497,3271.187945357746,57.52176442905541,metro
394913,1,"New York, NY",msa,NY,2025-08-31,689903.0281840726,3291.583636174205,56.88387727110455,metro
394913,1,"New York, NY",msa,NY,2025-09-30,691291.3618083864,3288.8816933313683,55.971627573989494,metro
394913,1,"New York, NY",msa,NY,2025-10-31,693606.4720339456,3276.190179119438,55.60788870000803,metro
394913,1,"New York, NY",msa,NY,2025-11-30,696919.5343087119,3255.50618768516,55.66084921380278,metro
394913,1,"New York, NY",msa,NY,2025-12-31,700309.6796688925,3243.75172760219,55.59015603862697,metro
394913,1,"New York, NY",msa,NY,2026-01-31,703346.4790155417,3241.3661159500366,55.32365280947202,metro
394913,1,"New York, NY",msa,NY,2026-02-28,706888.193138504,3258.384199753898,55.228977043870884,metro
394976,11,"Phoenix, AZ",msa,AZ,2000-01-31,143037.8648750812,,,metro
394976,11,"Phoenix, AZ",msa,AZ,2000-02-29,143328.13127010694,,,metro
394976,11,"Phoenix, AZ",msa,AZ,2000-03-31,143710.4006543291,,,metro
394976,11,"Phoenix, AZ",msa,AZ,2000-04-30,144495.43427604492,,,metro
394976,11,"Phoenix, AZ",msa,AZ,2000-05-31,145358.65863459045,,,metro
394976,11,"Phoenix, AZ",msa,AZ,2000-06-30,146092.49954706553,,,metro
394976,11,"Phoenix, AZ",msa,AZ,2000-07-31,146821.77790509007,,,metro
394976,11,"Phoenix, AZ",msa,AZ,2000-08-31,147508.0845953086,,,metro
394976,11,"Phoenix, AZ",msa,AZ,2000-09-30,148286.72745940447,,,metro
394976,11,"Phoenix, AZ",msa,AZ,2000-10-31,149013.51164416628,,,metro
394976,11,"Phoenix, AZ",msa,AZ,2000-11-30,149738.9918963638,,,metro
394976,11,"Phoenix, AZ",msa,AZ,2000-12-31,150458.20749615415,,,metro
394976,11,"Phoenix, AZ",msa,AZ,2001-01-31,151145.82565367114,,,metro
394976,11,"Phoenix, AZ",msa,AZ,2001-02-28,151813.91853798853,,,metro
394976,11,"Phoenix, AZ",msa,AZ,2001-03-31,152475.3170035327,,,metro
394976,11,"Phoenix, AZ",msa,AZ,2001-04-30,153151.4530882343,,,metro
394976,11,"Phoenix, AZ",msa,AZ,2001-05-31,153829.82474820327,,,metro
394976,11,"Phoenix, AZ",msa,AZ,2001-06-30,154489.1634489821,,,metro
394976,11,"Phoenix, AZ",msa,AZ,2001-07-31,155098.1011937567,,,metro
394976,11,"Phoenix, AZ",msa,AZ,2001-08-31,155688.8331891694,,,metro
394976,11,"Phoenix, AZ",msa,AZ,2001-09-30,156280.2784627922,,,metro
394976,11,"Phoenix, AZ",msa,AZ,2001-10-31,156930.4173287372,,,metro
394976,11,"Phoenix, AZ",msa,AZ,2001-11-30,157639.6486358553,,,metro
394976,11,"Phoenix, AZ",msa,AZ,2001-12-31,158300.33910053447,,,metro
394976,11,"Phoenix, AZ",msa,AZ,2002-01-31,158843.25549965666,,,metro
394976,11,"Phoenix, AZ",msa,AZ,2002-02-28,159304.6333446064,,,metro
394976,11,"Phoenix, AZ",msa,AZ,2002-03-31,159823.55844504642,,,metro
394976,11,"Phoenix, AZ",msa,AZ,2002-04-30,160409.97374400366,,,metro
394976,11,"Phoenix, AZ",msa,AZ,2002-05-31,160974.9823988943,,,metro
394976,11,"Phoenix, AZ",msa,AZ,2002-06-30,161614.4459952543,,,metro
394976,11,"Phoenix, AZ",msa,AZ,2002-07-31,162312.57865845656,,,metro
394976,11,"Phoenix, AZ",msa,AZ,2002-08-31,163164.5365610768,,,metro
394976,11,"Phoenix, AZ",msa,AZ,2002-09-30,163875.4682676273,,,metro
394976,11,"Phoenix, AZ",msa,AZ,2002-10-31,164562.45939146038,,,metro
394976,11,"Phoenix, AZ",msa,AZ,2002-11-30,165162.3351378944,,,metro
394976,11,"Phoenix, AZ",msa,AZ,2002-12-31,165852.24764810284,,,metro
394976,11,"Phoenix, AZ",msa,AZ,2003-01-31,166506.67966114578,,,metro
394976,11,"Phoenix, AZ",msa,AZ,2003-02-28,167198.7188587099,,,metro
394976,11,"Phoenix, AZ",msa,AZ,2003-03-31,167806.82291257076,,,metro
394976,11,"Phoenix, AZ",msa,AZ,2003-04-30,168489.67868243228,,,metro
394976,11,"Phoenix, AZ",msa,AZ,2003-05-31,169176.95702306725,,,metro
394976,11,"Phoenix, AZ",msa,AZ,2003-06-30,169933.81636045527,,,metro
394976,11,"Phoenix, AZ",msa,AZ,2003-07-31,170692.81491326867,,,metro
394976,11,"Phoenix, AZ",msa,AZ,2003-08-31,171517.53064595876,,,metro
394976,11,"Phoenix, AZ",msa,AZ,2003-09-30,172499.13068797218,,,metro
394976,11,"Phoenix, AZ",msa,AZ,2003-10-31,173507.1673023566,,,metro
394976,11,"Phoenix, AZ",msa,AZ,2003-11-30,174418.46763687,,,metro
394976,11,"Phoenix, AZ",msa,AZ,2003-12-31,175185.71964897992,,,metro
394976,11,"Phoenix, AZ",msa,AZ,2004-01-31,175840.22736598089,,,metro
394976,11,"Phoenix, AZ",msa,AZ,2004-02-29,176643.37768909967,,,metro
394976,11,"Phoenix, AZ",msa,AZ,2004-03-31,177649.81867149295,,,metro
394976,11,"Phoenix, AZ",msa,AZ,2004-04-30,178895.2912147738,,,metro
394976,11,"Phoenix, AZ",msa,AZ,2004-05-31,180422.529752847,,,metro
394976,11,"Phoenix, AZ",msa,AZ,2004-06-30,182078.97344777943,,,metro
394976,11,"Phoenix, AZ",msa,AZ,2004-07-31,,,,metro
394976,11,"Phoenix, AZ",msa,AZ,2004-08-31,,,,metro
394976,11,"Phoenix, AZ",msa,AZ,2004-09-30,189786.6896673852,,,metro
394976,11,"Phoenix, AZ",msa,AZ,2004-10-31,192533.93214349213,,,metro
394976,11,"Phoenix, AZ",msa,AZ,2004-11-30,195312.69416013488,,,metro
394976,11,"Phoenix, AZ",msa,AZ,2004-12-31,198869.20367052805,,,metro
394976,11,"Phoenix, AZ",msa,AZ,2005-01-31,202794.04527241152,,,metro
394976,11,"Phoenix, AZ",msa,AZ,2005-02-28,207761.13602269627,,,metro
394976,11,"Phoenix, AZ",msa,AZ,2005-03-31,212878.1994067167,,,metro
394976,11,"Phoenix, AZ",msa,AZ,2005-04-30,218808.40351734532,,,metro
394976,11,"Phoenix, AZ",msa,AZ,2005-05-31,225445.7253885909,,,metro
394976,11,"Phoenix, AZ",msa,AZ,2005-06-30,234078.59660043963,,,metro
394976,11,"Phoenix, AZ",msa,AZ,2005-07-31,243910.84269315063,,,metro
394976,11,"Phoenix, AZ",msa,AZ,2005-08-31,253775.1162046166,,,metro
394976,11,"Phoenix, AZ",msa,AZ,2005-09-30,264027.2792843879,,,metro
394976,11,"Phoenix, AZ",msa,AZ,2005-10-31,273075.3044545932,,,metro
394976,11,"Phoenix, AZ",msa,AZ,2005-11-30,281643.96902157454,,,metro
394976,11,"Phoenix, AZ",msa,AZ,2005-12-31,287168.80447652226,,,metro
394976,11,"Phoenix, AZ",msa,AZ,2006-01-31,289897.8425008839,,,metro
394976,11,"Phoenix, AZ",msa,AZ,2006-02-28,293525.8484485729,,,metro
394976,11,"Phoenix, AZ",msa,AZ,2006-03-31,297986.95939325454,,,metro
394976,11,"Phoenix, AZ",msa,AZ,2006-04-30,303293.8636746,,,metro
394976,11,"Phoenix, AZ",msa,AZ,2006-05-31,306281.6426900834,,,metro
394976,11,"Phoenix, AZ",msa,AZ,2006-06-30,307729.9829253154,,,metro
394976,11,"Phoenix, AZ",msa,AZ,2006-07-31,307419.9849243696,,,metro
394976,11,"Phoenix, AZ",msa,AZ,2006-08-31,305540.98932567914,,,metro
394976,11,"Phoenix, AZ",msa,AZ,2006-09-30,302532.8544475975,,,metro
394976,11,"Phoenix, AZ",msa,AZ,2006-10-31,300588.84921137936,,,metro
394976,11,"Phoenix, AZ",msa,AZ,2006-11-30,298230.1457840848,,,metro
394976,11,"Phoenix, AZ",msa,AZ,2006-12-31,296042.0355919931,,,metro
394976,11,"Phoenix, AZ",msa,AZ,2007-01-31,293556.14685230376,,,metro
394976,11,"Phoenix, AZ",msa,AZ,2007-02-28,291847.81783414027,,,metro
394976,11,"Phoenix, AZ",msa,AZ,2007-03-31,290829.0017160456,,,metro
394976,11,"Phoenix, AZ",msa,AZ,2007-04-30,290445.1342173826,,,metro
394976,11,"Phoenix, AZ",msa,AZ,2007-05-31,290194.3682361184,,,metro
394976,11,"Phoenix, AZ",msa,AZ,2007-06-30,289266.7392084918,,,metro
394976,11,"Phoenix, AZ",msa,AZ,2007-07-31,287527.54908199614,,,metro
394976,11,"Phoenix, AZ",msa,AZ,2007-08-31,285032.5317516774,,,metro
394976,11,"Phoenix, AZ",msa,AZ,2007-09-30,282062.94562958536,,,metro
394976,11,"Phoenix, AZ",msa,AZ,2007-10-31,279040.4956054045,,,metro
394976,11,"Phoenix, AZ",msa,AZ,2007-11-30,275035.6004091001,,,metro
394976,11,"Phoenix, AZ",msa,AZ,2007-12-31,270778.0907589114,,,metro
394976,11,"Phoenix, AZ",msa,AZ,2008-01-31,266261.578057332,,,metro
394976,11,"Phoenix, AZ",msa,AZ,2008-02-29,260929.82545441444,,,metro
394976,11,"Phoenix, AZ",msa,AZ,2008-03-31,255231.9601063408,,,metro
394976,11,"Phoenix, AZ",msa,AZ,2008-04-30,248428.75121071463,,,metro
394976,11,"Phoenix, AZ",msa,AZ,2008-05-31,242974.6363151937,,,metro
394976,11,"Phoenix, AZ",msa,AZ,2008-06-30,237725.81118740255,,,metro
394976,11,"Phoenix, AZ",msa,AZ,2008-07-31,232227.8217455117,,,metro
394976,11,"Phoenix, AZ",msa,AZ,2008-08-31,225376.25178965545,,,metro
394976,11,"Phoenix, AZ",msa,AZ,2008-09-30,218402.0357313572,,,metro
394976,11,"Phoenix, AZ",msa,AZ,2008-10-31,212396.7193064956,,,metro
394976,11,"Phoenix, AZ",msa,AZ,2008-11-30,205357.5075755643,,,metro
394976,11,"Phoenix, AZ",msa,AZ,2008-12-31,198034.94448593623,,,metro
394976,11,"Phoenix, AZ",msa,AZ,2009-01-31,191098.143360584,,,metro
394976,11,"Phoenix, AZ",msa,AZ,2009-02-28,186716.27224078448,,,metro
394976,11,"Phoenix, AZ",msa,AZ,2009-03-31,182991.4657747604,,,metro
394976,11,"Phoenix, AZ",msa,AZ,2009-04-30,179470.83926796148,,,metro
394976,11,"Phoenix, AZ",msa,AZ,2009-05-31,175464.9782894115,,,metro
394976,11,"Phoenix, AZ",msa,AZ,2009-06-30,172085.16791092977,,,metro
394976,11,"Phoenix, AZ",msa,AZ,2009-07-31,169374.5272910417,,,metro
394976,11,"Phoenix, AZ",msa,AZ,2009-08-31,167159.80704668583,,,metro
394976,11,"Phoenix, AZ",msa,AZ,2009-09-30,165165.53255248707,,,metro
394976,11,"Phoenix, AZ",msa,AZ,2009-10-31,162559.2903856101,,,metro
394976,11,"Phoenix, AZ",msa,AZ,2009-11-30,161539.9028934947,,,metro
394976,11,"Phoenix, AZ",msa,AZ,2009-12-31,161293.32375598748,,,metro
394976,11,"Phoenix, AZ",msa,AZ,2010-01-31,161660.84817184095,,,metro
394976,11,"Phoenix, AZ",msa,AZ,2010-02-28,160961.18744003162,,,metro
394976,11,"Phoenix, AZ",msa,AZ,2010-03-31,159823.04172033112,,,metro
394976,11,"Phoenix, AZ",msa,AZ,2010-04-30,159249.2899947475,,,metro
394976,11,"Phoenix, AZ",msa,AZ,2010-05-31,158520.369928329,,,metro
394976,11,"Phoenix, AZ",msa,AZ,2010-06-30,157801.34122604126,,,metro
394976,11,"Phoenix, AZ",msa,AZ,2010-07-31,155604.62695117036,,,metro
394976,11,"Phoenix, AZ",msa,AZ,2010-08-31,153557.18556560588,,,metro
394976,11,"Phoenix, AZ",msa,AZ,2010-09-30,150967.71671850764,,,metro
394976,11,"Phoenix, AZ",msa,AZ,2010-10-31,149217.9942762881,,,metro
394976,11,"Phoenix, AZ",msa,AZ,2010-11-30,147363.85854615373,,,metro
394976,11,"Phoenix, AZ",msa,AZ,2010-12-31,145566.8860293944,,,metro
394976,11,"Phoenix, AZ",msa,AZ,2011-01-31,143352.38370161317,,,metro
394976,11,"Phoenix, AZ",msa,AZ,2011-02-28,141406.65167110364,,,metro
394976,11,"Phoenix, AZ",msa,AZ,2011-03-31,140104.1464389753,,,metro
394976,11,"Phoenix, AZ",msa,AZ,2011-04-30,138643.62692115406,,,metro
394976,11,"Phoenix, AZ",msa,AZ,2011-05-31,137117.8827625711,,,metro
394976,11,"Phoenix, AZ",msa,AZ,2011-06-30,135417.62120228587,,,metro
394976,11,"Phoenix, AZ",msa,AZ,2011-07-31,134563.3200261619,,,metro
394976,11,"Phoenix, AZ",msa,AZ,2011-08-31,134217.8381730233,,,metro
394976,11,"Phoenix, AZ",msa,AZ,2011-09-30,134158.06920058027,,,metro
394976,11,"Phoenix, AZ",msa,AZ,2011-10-31,134237.84826589082,,,metro
394976,11,"Phoenix, AZ",msa,AZ,2011-11-30,134297.05226620214,,,metro
394976,11,"Phoenix, AZ",msa,AZ,2011-12-31,135240.35394598046,,,metro
394976,11,"Phoenix, AZ",msa,AZ,2012-01-31,136099.26307687594,,16.90060123967326,metro
394976,11,"Phoenix, AZ",msa,AZ,2012-02-29,137242.84947253673,,16.9654821546449,metro
394976,11,"Phoenix, AZ",msa,AZ,2012-03-31,138067.21011932837,,17.12397736808195,metro
394976,11,"Phoenix, AZ",msa,AZ,2012-04-30,139751.03221480045,,17.21597560799787,metro
394976,11,"Phoenix, AZ",msa,AZ,2012-05-31,142263.04754160353,,17.29872012284326,metro
394976,11,"Phoenix, AZ",msa,AZ,2012-06-30,145333.47674322876,,17.44531561391037,metro
394976,11,"Phoenix, AZ",msa,AZ,2012-07-31,148747.47029816246,,17.62942981608798,metro
394976,11,"Phoenix, AZ",msa,AZ,2012-08-31,152227.24436675516,,18.09024593452327,metro
394976,11,"Phoenix, AZ",msa,AZ,2012-09-30,155949.05313552628,,18.2490101070345,metro
394976,11,"Phoenix, AZ",msa,AZ,2012-10-31,159352.0571978422,,18.33676443421079,metro
394976,11,"Phoenix, AZ",msa,AZ,2012-11-30,162363.97131544095,,18.528897779740237,metro
394976,11,"Phoenix, AZ",msa,AZ,2012-12-31,164793.25570342012,,18.77088488233801,metro
394976,11,"Phoenix, AZ",msa,AZ,2013-01-31,167161.97217687464,,19.1490780988103,metro
394976,11,"Phoenix, AZ",msa,AZ,2013-02-28,169518.23384901666,,19.60624076846429,metro
394976,11,"Phoenix, AZ",msa,AZ,2013-03-31,172132.17596655697,,19.87737662826482,metro
394976,11,"Phoenix, AZ",msa,AZ,2013-04-30,175093.6379761726,,19.897466442648838,metro
394976,11,"Phoenix, AZ",msa,AZ,2013-05-31,178412.3139282004,,20.34655356234131,metro
394976,11,"Phoenix, AZ",msa,AZ,2013-06-30,181823.6085640105,,21.74092286532589,metro
394976,11,"Phoenix, AZ",msa,AZ,2013-07-31,185083.27158581128,,22.73280500148117,metro
394976,11,"Phoenix, AZ",msa,AZ,2013-08-31,188173.86926204243,,23.282934066424172,metro
394976,11,"Phoenix, AZ",msa,AZ,2013-09-30,191087.51341615609,,23.64817728933957,metro
394976,11,"Phoenix, AZ",msa,AZ,2013-10-31,193700.33547358672,,23.27523770037602,metro
394976,11,"Phoenix, AZ",msa,AZ,2013-11-30,195676.53864261636,,23.57704609994963,metro
394976,11,"Phoenix, AZ",msa,AZ,2013-12-31,197063.77068599468,,24.1069500483945,metro
394976,11,"Phoenix, AZ",msa,AZ,2014-01-31,198721.3556954561,,24.74083392608663,metro
394976,11,"Phoenix, AZ",msa,AZ,2014-02-28,200562.50122425973,,24.61945370635028,metro
394976,11,"Phoenix, AZ",msa,AZ,2014-03-31,202429.61388397423,,24.85168102836215,metro
394976,11,"Phoenix, AZ",msa,AZ,2014-04-30,203584.125915948,,24.90101452847896,metro
394976,11,"Phoenix, AZ",msa,AZ,2014-05-31,204288.93790654445,,24.59476708177796,metro
394976,11,"Phoenix, AZ",msa,AZ,2014-06-30,204639.35153333575,,24.49135115801255,metro
394976,11,"Phoenix, AZ",msa,AZ,2014-07-31,204848.3243273676,,24.37097844132862,metro
394976,11,"Phoenix, AZ",msa,AZ,2014-08-31,205076.3814785518,,24.30061531470887,metro
394976,11,"Phoenix, AZ",msa,AZ,2014-09-30,205406.63512851225,,24.39913630495455,metro
394976,11,"Phoenix, AZ",msa,AZ,2014-10-31,205589.0682506195,,24.11646547525048,metro
394976,11,"Phoenix, AZ",msa,AZ,2014-11-30,205951.5049359448,,24.03557488161647,metro
394976,11,"Phoenix, AZ",msa,AZ,2014-12-31,206339.17463163123,,23.729732766447782,metro
394976,11,"Phoenix, AZ",msa,AZ,2015-01-31,207020.3966902964,909.2299136986248,22.43960757941376,metro
394976,11,"Phoenix, AZ",msa,AZ,2015-02-28,207821.5818498102,923.0414037253804,22.53741771208453,metro
394976,11,"Phoenix, AZ",msa,AZ,2015-03-31,208921.07674264105,930.2726904639916,22.71052548216177,metro
394976,11,"Phoenix, AZ",msa,AZ,2015-04-30,210189.4943424729,942.9364037049578,22.57191442996712,metro
394976,11,"Phoenix, AZ",msa,AZ,2015-05-31,211732.5358005121,944.0811189593996,23.01331984909799,metro
394976,11,"Phoenix, AZ",msa,AZ,2015-06-30,213313.45868480756,952.0144976482368,23.41418245422514,metro
394976,11,"Phoenix, AZ",msa,AZ,2015-07-31,215017.85519348923,952.0144909949872,23.65625456747125,metro
394976,11,"Phoenix, AZ",msa,AZ,2015-08-31,216796.2544480374,953.3394433731754,23.45463691840672,metro
394976,11,"Phoenix, AZ",msa,AZ,2015-09-30,218810.9329203549,955.9387351286256,23.52588308513498,metro
394976,11,"Phoenix, AZ",msa,AZ,2015-10-31,220922.66158940704,958.6552230291204,23.43283924284547,metro
394976,11,"Phoenix, AZ",msa,AZ,2015-11-30,223055.01324102384,962.0773846328764,23.8601802288029,metro
394976,11,"Phoenix, AZ",msa,AZ,2015-12-31,225031.968730504,963.4663427147336,24.01232859816125,metro
394976,11,"Phoenix, AZ",msa,AZ,2016-01-31,227336.3018678079,968.400777294248,23.96888329857583,metro
394976,11,"Phoenix, AZ",msa,AZ,2016-02-29,229423.8986553884,973.3765189944048,23.6165189630546,metro
394976,11,"Phoenix, AZ",msa,AZ,2016-03-31,230981.454658238,980.6740524317596,23.72126127591431,metro
394976,11,"Phoenix, AZ",msa,AZ,2016-04-30,231916.8134161352,987.6073611406958,23.49301486938925,metro
394976,11,"Phoenix, AZ",msa,AZ,2016-05-31,232784.8480088556,995.2116308340642,23.44417877176488,metro
394976,11,"Phoenix, AZ",msa,AZ,2016-06-30,233801.5408887312,1002.1131618918124,23.36734583134577,metro
394976,11,"Phoenix, AZ",msa,AZ,2016-07-31,234833.21219764187,1006.2694431154524,23.09033032035445,metro
394976,11,"Phoenix, AZ",msa,AZ,2016-08-31,235738.65122399305,1008.4373375665308,23.07118418284521,metro
394976,11,"Phoenix, AZ",msa,AZ,2016-09-30,236937.53554001453,1009.3257647284826,23.17238255801847,metro
394976,11,"Phoenix, AZ",msa,AZ,2016-10-31,238128.30591496907,1008.8798053095708,23.245072298636348,metro
394976,11,"Phoenix, AZ",msa,AZ,2016-11-30,239302.0479411854,1010.3395911547336,23.942516155230738,metro
394976,11,"Phoenix, AZ",msa,AZ,2016-12-31,240393.31100051108,1011.336866496532,24.8984716941705,metro
394976,11,"Phoenix, AZ",msa,AZ,2017-01-31,241480.5774297982,1018.0839404623854,24.84000397631801,metro
394976,11,"Phoenix, AZ",msa,AZ,2017-02-28,242755.06654430903,1026.183882857907,24.89726041285463,metro
394976,11,"Phoenix, AZ",msa,AZ,2017-03-31,244205.85025301497,1037.845271329854,25.00537118510903,metro
394976,11,"Phoenix, AZ",msa,AZ,2017-04-30,245750.01096928748,1047.286140692329,24.71423197876697,metro
394976,11,"Phoenix, AZ",msa,AZ,2017-05-31,247247.82208134272,1056.8982146104768,24.67437687967624,metro
394976,11,"Phoenix, AZ",msa,AZ,2017-06-30,248727.5274052452,1063.012630150088,24.43883599826997,metro
394976,11,"Phoenix, AZ",msa,AZ,2017-07-31,250156.5391981852,1068.1629211481172,24.5755032008328,metro
394976,11,"Phoenix, AZ",msa,AZ,2017-08-31,251615.8275419676,1070.2016349200728,24.383974660117282,metro
394976,11,"Phoenix, AZ",msa,AZ,2017-09-30,253089.79861050428,1073.3254169279242,24.26089380671379,metro
394976,11,"Phoenix, AZ",msa,AZ,2017-10-31,254619.6997351184,1074.5322135642346,24.5170054165911,metro
394976,11,"Phoenix, AZ",msa,AZ,2017-11-30,255891.4876605574,1077.556877549199,24.605096964576408,metro
394976,11,"Phoenix, AZ",msa,AZ,2017-12-31,257159.2156446305,1079.463649205511,24.67000150082131,metro
394976,11,"Phoenix, AZ",msa,AZ,2018-01-31,258743.0427833444,1084.7838927249763,24.80996228396623,metro
394976,11,"Phoenix, AZ",msa,AZ,2018-02-28,260655.4889260381,1090.8732413243958,25.556378675208656,metro
394976,11,"Phoenix, AZ",msa,AZ,2018-03-31,262598.41151665105,1102.7466185264825,25.913876366436927,metro
394976,11,"Phoenix, AZ",msa,AZ,2018-04-30,264192.22889109125,1116.0182930903593,26.029412230050852,metro
394976,11,"Phoenix, AZ",msa,AZ,2018-05-31,265943.98528314685,1127.2344292199257,26.38104261174954,metro
394976,11,"Phoenix, AZ",msa,AZ,2018-06-30,267726.63021353725,1135.4399840812446,26.396775029141672,metro
394976,11,"Phoenix, AZ",msa,AZ,2018-07-31,269880.199842832,1142.5514824882505,26.377846307057766,metro
394976,11,"Phoenix, AZ",msa,AZ,2018-08-31,271824.1183565121,1148.3337357113353,26.49499751219691,metro
394976,11,"Phoenix, AZ",msa,AZ,2018-09-30,273671.3365614246,1153.3995264556663,26.7661428358071,metro
394976,11,"Phoenix, AZ",msa,AZ,2018-10-31,275144.69973996555,1156.3468724667716,27.3131447705165,metro
394976,11,"Phoenix, AZ",msa,AZ,2018-11-30,276473.4228299028,1161.4014243827314,27.434990640668687,metro
394976,11,"Phoenix, AZ",msa,AZ,2018-12-31,277624.4640973866,1166.843793019484,26.842586617412827,metro
394976,11,"Phoenix, AZ",msa,AZ,2019-01-31,278976.76322713954,1170.8501040966498,26.24386372315256,metro
394976,11,"Phoenix, AZ",msa,AZ,2019-02-28,280557.80689908395,1179.313925608911,26.02063263031559,metro
394976,11,"Phoenix, AZ",msa,AZ,2019-03-31,282036.0684858794,1189.530494601683,25.770556585254,metro
394976,11,"Phoenix, AZ",msa,AZ,2019-04-30,283220.82718736323,1204.6697088175254,25.45290334178258,metro
394976,11,"Phoenix, AZ",msa,AZ,2019-05-31,284070.3206195803,1216.5050608763866,25.23691376437028,metro
394976,11,"Phoenix, AZ",msa,AZ,2019-06-30,284968.56372423103,1226.7415743803392,24.60120232617415,metro
394976,11,"Phoenix, AZ",msa,AZ,2019-07-31,285817.15226330835,1234.3023744394538,24.50657473716778,metro
394976,11,"Phoenix, AZ",msa,AZ,2019-08-31,286962.0608316322,1240.762758973966,24.198064954921268,metro
394976,11,"Phoenix, AZ",msa,AZ,2019-09-30,288422.40105621034,1245.3320992798172,24.30018392053169,metro
394976,11,"Phoenix, AZ",msa,AZ,2019-10-31,290251.421468293,1249.0453782540694,24.65826751178432,metro
394976,11,"Phoenix, AZ",msa,AZ,2019-11-30,292406.64177130884,1253.8221370471497,24.87340822284004,metro
394976,11,"Phoenix, AZ",msa,AZ,2019-12-31,294628.8052054663,1261.0006086802662,25.15987698353363,metro
394976,11,"Phoenix, AZ",msa,AZ,2020-01-31,297454.193491204,1269.9801055774617,25.032082689929542,metro
394976,11,"Phoenix, AZ",msa,AZ,2020-02-29,300692.17114263104,1280.3091268994738,24.91380560613023,metro
394976,11,"Phoenix, AZ",msa,AZ,2020-03-31,304450.25009746075,1286.87295833167,24.85970335733704,metro
394976,11,"Phoenix, AZ",msa,AZ,2020-04-30,307805.5796929405,1287.2276753485291,24.420513824220443,metro
394976,11,"Phoenix, AZ",msa,AZ,2020-05-31,310111.9661112164,1286.5450445555318,24.09430811299059,metro
394976,11,"Phoenix, AZ",msa,AZ,2020-06-30,311620.94181266346,1291.2590343362558,23.83262559792744,metro
394976,11,"Phoenix, AZ",msa,AZ,2020-07-31,313259.50782699714,1305.2874981968882,23.42849640674886,metro
394976,11,"Phoenix, AZ",msa,AZ,2020-08-31,316097.71104786603,1321.850381540245,23.272821312875138,metro
394976,11,"Phoenix, AZ",msa,AZ,2020-09-30,320641.6329595435,1337.4431250300506,23.41615749852185,metro
394976,11,"Phoenix, AZ",msa,AZ,2020-10-31,326080.0143489677,1351.330787483152,23.607678986411777,metro
394976,11,"Phoenix, AZ",msa,AZ,2020-11-30,332046.5501411113,1363.9172632380014,23.77784099131704,metro
394976,11,"Phoenix, AZ",msa,AZ,2020-12-31,337852.2209899326,1373.8303886247625,23.76767685620182,metro
394976,11,"Phoenix, AZ",msa,AZ,2021-01-31,343616.0538639578,1385.9980841276456,23.62527635249593,metro
394976,11,"Phoenix, AZ",msa,AZ,2021-02-28,349726.8673660727,1399.410769477216,24.00551897469283,metro
394976,11,"Phoenix, AZ",msa,AZ,2021-03-31,357034.5353681352,1421.8246767067542,25.1514019783719,metro
394976,11,"Phoenix, AZ",msa,AZ,2021-04-30,365580.49809710594,1449.660783239936,25.707258512603797,metro
394976,11,"Phoenix, AZ",msa,AZ,2021-05-31,375826.7015398168,1487.920436997765,26.13592690510171,metro
394976,11,"Phoenix, AZ",msa,AZ,2021-06-30,387043.5084880188,1531.9411997211291,26.63729881581119,metro
394976,11,"Phoenix, AZ",msa,AZ,2021-07-31,398191.2258060965,1578.0966547959877,26.76256379718998,metro
394976,11,"Phoenix, AZ",msa,AZ,2021-08-31,408017.4557905749,1619.1176540158513,27.060462002654166,metro
394976,11,"Phoenix, AZ",msa,AZ,2021-09-30,416261.5025806834,1648.5284632692703,27.81019804726196,metro
394976,11,"Phoenix, AZ",msa,AZ,2021-10-31,423630.2920545537,1669.31895521732,28.88180787522924,metro
394976,11,"Phoenix, AZ",msa,AZ,2021-11-30,430611.08559018624,1681.2099358126682,29.418967155972048,metro
394976,11,"Phoenix, AZ",msa,AZ,2021-12-31,437097.39120144607,1690.3164743359634,29.7054248193327,metro
394976,11,"Phoenix, AZ",msa,AZ,2022-01-31,443971.60957978346,1698.6056676074295,30.553354538852552,metro
394976,11,"Phoenix, AZ",msa,AZ,2022-02-28,451847.3705268483,1709.219070133717,31.77959304396089,metro
394976,11,"Phoenix, AZ",msa,AZ,2022-03-31,461603.0635903724,1723.0039814055356,33.48863012814846,metro
394976,11,"Phoenix, AZ",msa,AZ,2022-04-30,472398.3281542882,1734.484973416012,36.693818209866016,metro
394976,11,"Phoenix, AZ",msa,AZ,2022-05-31,483029.1122994059,1742.2204909129807,38.07108822253713,metro
394976,11,"Phoenix, AZ",msa,AZ,2022-06-30,491758.5452753776,1748.3349338261316,39.5493231786091,metro
394976,11,"Phoenix, AZ",msa,AZ,2022-07-31,496030.7599215074,1753.472912331166,39.25567488996642,metro
394976,11,"Phoenix, AZ",msa,AZ,2022-08-31,494668.3916807648,1754.6775787252875,38.27429074062792,metro
394976,11,"Phoenix, AZ",msa,AZ,2022-09-30,488365.6426241633,1745.8710620490365,40.907946310303004,metro
394976,11,"Phoenix, AZ",msa,AZ,2022-10-31,480497.7007435708,1734.127832571059,43.0800936316584,metro
394976,11,"Phoenix, AZ",msa,AZ,2022-11-30,472027.9386606256,1723.24126639654,41.904227971969,metro
394976,11,"Phoenix, AZ",msa,AZ,2022-12-31,463720.7029956947,1718.703131509804,39.44876122025917,metro
394976,11,"Phoenix, AZ",msa,AZ,2023-01-31,455638.29035488033,1716.5958919112454,38.29091872288295,metro
394976,11,"Phoenix, AZ",msa,AZ,2023-02-28,449363.9116607031,1721.71110317289,37.55438753320118,metro
394976,11,"Phoenix, AZ",msa,AZ,2023-03-31,445734.1762732678,1735.8481695604028,38.051077121902885,metro
394976,11,"Phoenix, AZ",msa,AZ,2023-04-30,444365.3270356465,1743.564197987625,37.11549447701984,metro
394976,11,"Phoenix, AZ",msa,AZ,2023-05-31,444795.9142918568,1748.0893396424535,37.25870617574211,metro
394976,11,"Phoenix, AZ",msa,AZ,2023-06-30,446497.587054281,1744.9303652680371,38.171638585945,metro
394976,11,"Phoenix, AZ",msa,AZ,2023-07-31,449064.9974446253,1749.2020502551975,38.62140088518509,metro
394976,11,"Phoenix, AZ",msa,AZ,2023-08-31,451943.0068501634,1748.7723567195033,39.46556297427073,metro
394976,11,"Phoenix, AZ",msa,AZ,2023-09-30,454378.6161677938,1745.4127176902327,40.011375333667246,metro
394976,11,"Phoenix, AZ",msa,AZ,2023-10-31,456466.5720147842,1735.8139166654885,41.54473423036608,metro
394976,11,"Phoenix, AZ",msa,AZ,2023-11-30,458106.6481212363,1726.978047619769,40.98665044374145,metro
394976,11,"Phoenix, AZ",msa,AZ,2023-12-31,458936.27637265046,1719.738627625827,38.80670251025818,metro
394976,11,"Phoenix, AZ",msa,AZ,2024-01-31,459307.2316114911,1721.1159376290334,38.057367362943026,metro
394976,11,"Phoenix, AZ",msa,AZ,2024-02-29,459895.4758502068,1728.4548845924294,38.41544879487465,metro
394976,11,"Phoenix, AZ",msa,AZ,2024-03-31,461360.6722732861,1737.483599075853,38.54776724729898,metro
394976,11,"Phoenix, AZ",msa,AZ,2024-04-30,463058.1845921076,1745.2870010647237,39.142013161975456,metro
394976,11,"Phoenix, AZ",msa,AZ,2024-05-31,464341.342964564,1749.9652284004326,39.32916118176652,metro
394976,11,"Phoenix, AZ",msa,AZ,2024-06-30,464419.0923419187,1752.8586692285362,38.71311201382381,metro
394976,11,"Phoenix, AZ",msa,AZ,2024-07-31,463728.57645626186,1753.959576981545,38.284575482293086,metro
394976,11,"Phoenix, AZ",msa,AZ,2024-08-31,462543.5838976079,1752.96715194451,36.92543191105674,metro
394976,11,"Phoenix, AZ",msa,AZ,2024-09-30,461560.44268658914,1749.7230911495506,35.826111938502656,metro
394976,11,"Phoenix, AZ",msa,AZ,2024-10-31,460831.1348588706,1740.9365208072063,36.480392438709266,metro
394976,11,"Phoenix, AZ",msa,AZ,2024-11-30,460220.41283827246,1731.5977494100673,37.561375728876364,metro
394976,11,"Phoenix, AZ",msa,AZ,2024-12-31,459705.9154041844,1724.675784779239,37.15591830228044,metro
394976,11,"Phoenix, AZ",msa,AZ,2025-01-31,458840.5522784322,1726.3768435458376,37.84967641347748,metro
394976,11,"Phoenix, AZ",msa,AZ,2025-02-28,457405.6524143823,1735.4864360115218,37.2846624916713,metro
394976,11,"Phoenix, AZ",msa,AZ,2025-03-31,455279.4359574522,1745.165771708041,36.39597138489219,metro
394976,11,"Phoenix, AZ",msa,AZ,2025-04-30,453269.9849917262,1749.683984504407,36.34064427473264,metro
394976,11,"Phoenix, AZ",msa,AZ,2025-05-31,451268.4973054387,1748.5634192781934,36.34139122034541,metro
394976,11,"Phoenix, AZ",msa,AZ,2025-06-30,449416.0210274116,1746.5955149703505,36.10871011510053,metro
394976,11,"Phoenix, AZ",msa,AZ,2025-07-31,447463.5299809476,1744.776532210475,35.57766219387333,metro
394976,11,"Phoenix, AZ",msa,AZ,2025-08-31,445823.8228712945,1740.0898146526083,34.96719614513931,metro
394976,11,"Phoenix, AZ",msa,AZ,2025-09-30,444739.98331078194,1736.1028239176694,34.17949125263773,metro
394976,11,"Phoenix, AZ",msa,AZ,2025-10-31,444223.4929761449,1729.393222620144,33.77032576120908,metro
394976,11,"Phoenix, AZ",msa,AZ,2025-11-30,444351.76368115126,1721.190007170566,33.65093546472678,metro
394976,11,"Phoenix, AZ",msa,AZ,2025-12-31,444995.5526693243,1715.7588152027731,33.478365171054705,metro
394976,11,"Phoenix, AZ",msa,AZ,2026-01-31,445712.9804305597,1716.41579645412,33.19375383229137,metro
394976,11,"Phoenix, AZ",msa,AZ,2026-02-28,446248.2530867693,1723.9049767234983,32.99211098157371,metro
395056,17,"San Diego, CA",msa,CA,2000-01-31,216090.1165824268,,,metro
395056,17,"San Diego, CA",msa,CA,2000-02-29,216945.64286793783,,,metro
395056,17,"San Diego, CA",msa,CA,2000-03-31,217982.6678813804,,,metro
395056,17,"San Diego, CA",msa,CA,2000-04-30,220330.74711346684,,,metro
395056,17,"San Diego, CA",msa,CA,2000-05-31,222867.1024639953,,,metro
395056,17,"San Diego, CA",msa,CA,2000-06-30,226058.3326591706,,,metro
395056,17,"San Diego, CA",msa,CA,2000-07-31,229727.7170884217,,,metro
395056,17,"San Diego, CA",msa,CA,2000-08-31,233753.25938164385,,,metro
395056,17,"San Diego, CA",msa,CA,2000-09-30,237547.0843511049,,,metro
395056,17,"San Diego, CA",msa,CA,2000-10-31,240785.0612886696,,,metro
395056,17,"San Diego, CA",msa,CA,2000-11-30,243944.04558315585,,,metro
395056,17,"San Diego, CA",msa,CA,2000-12-31,246739.6662855929,,,metro
395056,17,"San Diego, CA",msa,CA,2001-01-31,249177.31777758608,,,metro
395056,17,"San Diego, CA",msa,CA,2001-02-28,251942.3543415314,,,metro
395056,17,"San Diego, CA",msa,CA,2001-03-31,255510.07348643837,,,metro
395056,17,"San Diego, CA",msa,CA,2001-04-30,259946.79087951864,,,metro
395056,17,"San Diego, CA",msa,CA,2001-05-31,264028.0869775959,,,metro
395056,17,"San Diego, CA",msa,CA,2001-06-30,267220.74942379823,,,metro
395056,17,"San Diego, CA",msa,CA,2001-07-31,269770.10135369684,,,metro
395056,17,"San Diego, CA",msa,CA,2001-08-31,272186.7387649862,,,metro
395056,17,"San Diego, CA",msa,CA,2001-09-30,274851.4638888604,,,metro
395056,17,"San Diego, CA",msa,CA,2001-10-31,277547.8053975549,,,metro
395056,17,"San Diego, CA",msa,CA,2001-11-30,280226.51464696164,,,metro
395056,17,"San Diego, CA",msa,CA,2001-12-31,282385.50592157204,,,metro
395056,17,"San Diego, CA",msa,CA,2002-01-31,284436.4198241445,,,metro
395056,17,"San Diego, CA",msa,CA,2002-02-28,286416.1300160937,,,metro
395056,17,"San Diego, CA",msa,CA,2002-03-31,288931.5148242508,,,metro
395056,17,"San Diego, CA",msa,CA,2002-04-30,291928.3500178668,,,metro
395056,17,"San Diego, CA",msa,CA,2002-05-31,295650.125509895,,,metro
395056,17,"San Diego, CA",msa,CA,2002-06-30,299769.1808864326,,,metro
395056,17,"San Diego, CA",msa,CA,2002-07-31,304888.8879073276,,,metro
395056,17,"San Diego, CA",msa,CA,2002-08-31,310478.17579243885,,,metro
395056,17,"San Diego, CA",msa,CA,2002-09-30,316309.58960836683,,,metro
395056,17,"San Diego, CA",msa,CA,2002-10-31,322006.292362365,,,metro
395056,17,"San Diego, CA",msa,CA,2002-11-30,327234.32861064613,,,metro
395056,17,"San Diego, CA",msa,CA,2002-12-31,332749.3468423569,,,metro
395056,17,"San Diego, CA",msa,CA,2003-01-31,337574.1266846535,,,metro
395056,17,"San Diego, CA",msa,CA,2003-02-28,342134.946201599,,,metro
395056,17,"San Diego, CA",msa,CA,2003-03-31,346781.76541969745,,,metro
395056,17,"San Diego, CA",msa,CA,2003-04-30,351702.6632136111,,,metro
395056,17,"San Diego, CA",msa,CA,2003-05-31,357150.90995622537,,,metro
395056,17,"San Diego, CA",msa,CA,2003-06-30,361907.5430653052,,,metro
395056,17,"San Diego, CA",msa,CA,2003-07-31,367676.3971845321,,,metro
395056,17,"San Diego, CA",msa,CA,2003-08-31,373146.4771790104,,,metro
395056,17,"San Diego, CA",msa,CA,2003-09-30,379577.1697268221,,,metro
395056,17,"San Diego, CA",msa,CA,2003-10-31,385248.0258131963,,,metro
395056,17,"San Diego, CA",msa,CA,2003-11-30,390750.3229414072,,,metro
395056,17,"San Diego, CA",msa,CA,2003-12-31,393341.17415577016,,,metro
395056,17,"San Diego, CA",msa,CA,2004-01-31,397274.5558718361,,,metro
395056,17,"San Diego, CA",msa,CA,2004-02-29,403223.7227555513,,,metro
395056,17,"San Diego, CA",msa,CA,2004-03-31,411847.7266926533,,,metro
395056,17,"San Diego, CA",msa,CA,2004-04-30,420027.9687990537,,,metro
395056,17,"San Diego, CA",msa,CA,2004-05-31,428290.24297264,,,metro
395056,17,"San Diego, CA",msa,CA,2004-06-30,440792.0326795213,,,metro
395056,17,"San Diego, CA",msa,CA,2004-07-31,454089.3788618802,,,metro
395056,17,"San Diego, CA",msa,CA,2004-08-31,467083.7967324844,,,metro
395056,17,"San Diego, CA",msa,CA,2004-09-30,477465.8789816241,,,metro
395056,17,"San Diego, CA",msa,CA,2004-10-31,487038.78848199226,,,metro
395056,17,"San Diego, CA",msa,CA,2004-11-30,494823.2994470933,,,metro
395056,17,"San Diego, CA",msa,CA,2004-12-31,501455.170959593,,,metro
395056,17,"San Diego, CA",msa,CA,2005-01-31,505828.9021512277,,,metro
395056,17,"San Diego, CA",msa,CA,2005-02-28,509484.3377064874,,,metro
395056,17,"San Diego, CA",msa,CA,2005-03-31,514829.51580798486,,,metro
395056,17,"San Diego, CA",msa,CA,2005-04-30,521875.0530117329,,,metro
395056,17,"San Diego, CA",msa,CA,2005-05-31,529375.3996290307,,,metro
395056,17,"San Diego, CA",msa,CA,2005-06-30,533298.7993766665,,,metro
395056,17,"San Diego, CA",msa,CA,2005-07-31,535414.8834908095,,,metro
395056,17,"San Diego, CA",msa,CA,2005-08-31,537104.602836928,,,metro
395056,17,"San Diego, CA",msa,CA,2005-09-30,538617.5952859287,,,metro
395056,17,"San Diego, CA",msa,CA,2005-10-31,539474.0431327039,,,metro
395056,17,"San Diego, CA",msa,CA,2005-11-30,539722.9143487819,,,metro
395056,17,"San Diego, CA",msa,CA,2005-12-31,539826.4213018318,,,metro
395056,17,"San Diego, CA",msa,CA,2006-01-31,540950.8118717034,,,metro
395056,17,"San Diego, CA",msa,CA,2006-02-28,540830.8033022401,,,metro
395056,17,"San Diego, CA",msa,CA,2006-03-31,540911.7880882175,,,metro
395056,17,"San Diego, CA",msa,CA,2006-04-30,540307.3253521788,,,metro
395056,17,"San Diego, CA",msa,CA,2006-05-31,541227.3802787304,,,metro
395056,17,"San Diego, CA",msa,CA,2006-06-30,540859.0091607249,,,metro
395056,17,"San Diego, CA",msa,CA,2006-07-31,538994.6703684991,,,metro
395056,17,"San Diego, CA",msa,CA,2006-08-31,535626.4909455007,,,metro
395056,17,"San Diego, CA",msa,CA,2006-09-30,532379.0494538813,,,metro
395056,17,"San Diego, CA",msa,CA,2006-10-31,529614.337351236,,,metro
395056,17,"San Diego, CA",msa,CA,2006-11-30,527996.0712360324,,,metro
395056,17,"San Diego, CA",msa,CA,2006-12-31,526297.7249123767,,,metro
395056,17,"San Diego, CA",msa,CA,2007-01-31,524844.0417669791,,,metro
395056,17,"San Diego, CA",msa,CA,2007-02-28,522760.08214904513,,,metro
395056,17,"San Diego, CA",msa,CA,2007-03-31,518031.65462000977,,,metro
395056,17,"San Diego, CA",msa,CA,2007-04-30,512677.08455174766,,,metro
395056,17,"San Diego, CA",msa,CA,2007-05-31,506778.8187085651,,,metro
395056,17,"San Diego, CA",msa,CA,2007-06-30,502307.431610377,,,metro
395056,17,"San Diego, CA",msa,CA,2007-07-31,497532.7318302365,,,metro
395056,17,"San Diego, CA",msa,CA,2007-08-31,494028.8076505177,,,metro
395056,17,"San Diego, CA",msa,CA,2007-09-30,489869.56325104926,,,metro
395056,17,"San Diego, CA",msa,CA,2007-10-31,485586.16214707406,,,metro
395056,17,"San Diego, CA",msa,CA,2007-11-30,480124.6837023248,,,metro
395056,17,"San Diego, CA",msa,CA,2007-12-31,475732.6566145746,,,metro
395056,17,"San Diego, CA",msa,CA,2008-01-31,470058.1888935488,,,metro
395056,17,"San Diego, CA",msa,CA,2008-02-29,463036.59745669697,,,metro
395056,17,"San Diego, CA",msa,CA,2008-03-31,454832.5906808351,,,metro
395056,17,"San Diego, CA",msa,CA,2008-04-30,447860.7326698739,,,metro
395056,17,"San Diego, CA",msa,CA,2008-05-31,440181.1993033327,,,metro
395056,17,"San Diego, CA",msa,CA,2008-06-30,432216.267716265,,,metro
395056,17,"San Diego, CA",msa,CA,2008-07-31,423133.85763003904,,,metro
395056,17,"San Diego, CA",msa,CA,2008-08-31,414279.4919882282,,,metro
395056,17,"San Diego, CA",msa,CA,2008-09-30,404168.9559423213,,,metro
395056,17,"San Diego, CA",msa,CA,2008-10-31,394950.5965447373,,,metro
395056,17,"San Diego, CA",msa,CA,2008-11-30,386484.2252507687,,,metro
395056,17,"San Diego, CA",msa,CA,2008-12-31,380364.9882629482,,,metro
395056,17,"San Diego, CA",msa,CA,2009-01-31,375129.218391584,,,metro
395056,17,"San Diego, CA",msa,CA,2009-02-28,371727.6439101521,,,metro
395056,17,"San Diego, CA",msa,CA,2009-03-31,369694.9293312681,,,metro
395056,17,"San Diego, CA",msa,CA,2009-04-30,365751.0077281271,,,metro
395056,17,"San Diego, CA",msa,CA,2009-05-31,362635.7014247847,,,metro
395056,17,"San Diego, CA",msa,CA,2009-06-30,357458.5611254599,,,metro
395056,17,"San Diego, CA",msa,CA,2009-07-31,355539.8752663227,,,metro
395056,17,"San Diego, CA",msa,CA,2009-08-31,352945.1611747756,,,metro
395056,17,"San Diego, CA",msa,CA,2009-09-30,353269.9999566325,,,metro
395056,17,"San Diego, CA",msa,CA,2009-10-31,353682.29332418327,,,metro
395056,17,"San Diego, CA",msa,CA,2009-11-30,356605.9334177798,,,metro
395056,17,"San Diego, CA",msa,CA,2009-12-31,359865.23076310573,,,metro
395056,17,"San Diego, CA",msa,CA,2010-01-31,363164.7968874693,,,metro
395056,17,"San Diego, CA",msa,CA,2010-02-28,365226.5400328077,,,metro
395056,17,"San Diego, CA",msa,CA,2010-03-31,367252.1854157776,,,metro
395056,17,"San Diego, CA",msa,CA,2010-04-30,370522.1884933648,,,metro
395056,17,"San Diego, CA",msa,CA,2010-05-31,371873.17011973046,,,metro
395056,17,"San Diego, CA",msa,CA,2010-06-30,372063.497109573,,,metro
395056,17,"San Diego, CA",msa,CA,2010-07-31,370261.7745782682,,,metro
395056,17,"San Diego, CA",msa,CA,2010-08-31,368419.02542610647,,,metro
395056,17,"San Diego, CA",msa,CA,2010-09-30,365700.1274770429,,,metro
395056,17,"San Diego, CA",msa,CA,2010-10-31,361859.5074388377,,,metro
395056,17,"San Diego, CA",msa,CA,2010-11-30,358376.5403774795,,,metro
395056,17,"San Diego, CA",msa,CA,2010-12-31,356629.2988779796,,,metro
395056,17,"San Diego, CA",msa,CA,2011-01-31,355599.38815234374,,,metro
395056,17,"San Diego, CA",msa,CA,2011-02-28,354703.03715725243,,,metro
395056,17,"San Diego, CA",msa,CA,2011-03-31,352520.6535928999,,,metro
395056,17,"San Diego, CA",msa,CA,2011-04-30,350940.3170322028,,,metro
395056,17,"San Diego, CA",msa,CA,2011-05-31,349337.82009806007,,,metro
395056,17,"San Diego, CA",msa,CA,2011-06-30,348441.4601310776,,,metro
395056,17,"San Diego, CA",msa,CA,2011-07-31,346997.4289641929,,,metro
395056,17,"San Diego, CA",msa,CA,2011-08-31,344081.9173652141,,,metro
395056,17,"San Diego, CA",msa,CA,2011-09-30,340783.32804211695,,,metro
395056,17,"San Diego, CA",msa,CA,2011-10-31,337968.8773770332,,,metro
395056,17,"San Diego, CA",msa,CA,2011-11-30,336679.5680369846,,,metro
395056,17,"San Diego, CA",msa,CA,2011-12-31,335610.6210678296,,,metro
395056,17,"San Diego, CA",msa,CA,2012-01-31,335909.4018764317,,35.8306422428907,metro
395056,17,"San Diego, CA",msa,CA,2012-02-29,336709.4084322972,,35.81086264392115,metro
395056,17,"San Diego, CA",msa,CA,2012-03-31,337702.0366498023,,36.10421954689965,metro
395056,17,"San Diego, CA",msa,CA,2012-04-30,337461.1075061971,,35.948255781241116,metro
395056,17,"San Diego, CA",msa,CA,2012-05-31,337715.4631464264,,35.63061062298388,metro
395056,17,"San Diego, CA",msa,CA,2012-06-30,339489.48273361777,,35.39224374785953,metro
395056,17,"San Diego, CA",msa,CA,2012-07-31,341550.7705043796,,35.1709665234088,metro
395056,17,"San Diego, CA",msa,CA,2012-08-31,344101.715559705,,35.483424718141634,metro
395056,17,"San Diego, CA",msa,CA,2012-09-30,346995.41980546893,,35.11278651289656,metro
395056,17,"San Diego, CA",msa,CA,2012-10-31,351093.0510082967,,34.79073487516732,metro
395056,17,"San Diego, CA",msa,CA,2012-11-30,355686.1875172304,,34.81540131712052,metro
395056,17,"San Diego, CA",msa,CA,2012-12-31,360553.00809984206,,35.236277760453575,metro
395056,17,"San Diego, CA",msa,CA,2013-01-31,365754.8381697764,,35.97124828394024,metro
395056,17,"San Diego, CA",msa,CA,2013-02-28,371014.04777225177,,36.8459496600747,metro
395056,17,"San Diego, CA",msa,CA,2013-03-31,375511.7653905908,,37.20958832134509,metro
395056,17,"San Diego, CA",msa,CA,2013-04-30,380366.97762628127,,37.08668532121449,metro
395056,17,"San Diego, CA",msa,CA,2013-05-31,386457.56591103366,,37.79622615530686,metro
395056,17,"San Diego, CA",msa,CA,2013-06-30,394430.3406845189,,40.482217359470404,metro
395056,17,"San Diego, CA",msa,CA,2013-07-31,401887.98424787977,,42.48450118427436,metro
395056,17,"San Diego, CA",msa,CA,2013-08-31,408700.9959747913,,43.65179802867029,metro
395056,17,"San Diego, CA",msa,CA,2013-09-30,414712.01181120216,,44.229444861859676,metro
395056,17,"San Diego, CA",msa,CA,2013-10-31,420502.3057004555,,43.50068385365159,metro
395056,17,"San Diego, CA",msa,CA,2013-11-30,424719.4857346295,,43.952283967973685,metro
395056,17,"San Diego, CA",msa,CA,2013-12-31,427883.2597853544,,44.90245775685799,metro
395056,17,"San Diego, CA",msa,CA,2014-01-31,430489.8699717643,,42.57647926714089,metro
395056,17,"San Diego, CA",msa,CA,2014-02-28,433588.143155552,,42.27038148373138,metro
395056,17,"San Diego, CA",msa,CA,2014-03-31,436722.42493210966,,42.54807384825609,metro
395056,17,"San Diego, CA",msa,CA,2014-04-30,440311.2881619586,,42.68268793948846,metro
395056,17,"San Diego, CA",msa,CA,2014-05-31,443676.3438524203,,42.26462498549728,metro
395056,17,"San Diego, CA",msa,CA,2014-06-30,446717.4919005368,,42.268008137114435,metro
395056,17,"San Diego, CA",msa,CA,2014-07-31,447687.3089813723,,42.07093512940423,metro
395056,17,"San Diego, CA",msa,CA,2014-08-31,448010.1512748866,,41.88402433263318,metro
395056,17,"San Diego, CA",msa,CA,2014-09-30,448595.95247839065,,42.00132645745091,metro
395056,17,"San Diego, CA",msa,CA,2014-10-31,450666.5038302718,,41.60576979675327,metro
395056,17,"San Diego, CA",msa,CA,2014-11-30,453403.4481381599,,41.58906700528923,metro
395056,17,"San Diego, CA",msa,CA,2014-12-31,456154.435093512,,41.16274015330731,metro
395056,17,"San Diego, CA",msa,CA,2015-01-31,459204.9047340308,1589.1617159301002,40.442386351968864,metro
395056,17,"San Diego, CA",msa,CA,2015-02-28,462466.4353450351,1599.585177243108,40.702438980052506,metro
395056,17,"San Diego, CA",msa,CA,2015-03-31,465720.4305738182,1608.5793562927788,41.06309750492083,metro
395056,17,"San Diego, CA",msa,CA,2015-04-30,468571.0914953975,1612.4606106246674,40.80039907414822,metro
395056,17,"San Diego, CA",msa,CA,2015-05-31,471281.89523409976,1623.0514556649227,41.51258721819519,metro
395056,17,"San Diego, CA",msa,CA,2015-06-30,474083.0516452461,1630.8612103815626,42.10524536172558,metro
395056,17,"San Diego, CA",msa,CA,2015-07-31,476232.89076807554,1646.437263925896,42.346841121483905,metro
395056,17,"San Diego, CA",msa,CA,2015-08-31,478651.7726826599,1656.6540840229518,41.84202361775431,metro
395056,17,"San Diego, CA",msa,CA,2015-09-30,481772.21174966864,1665.0249669600555,41.89280757975067,metro
395056,17,"San Diego, CA",msa,CA,2015-10-31,486365.154361382,1667.9384483077283,41.76686317867589,metro
395056,17,"San Diego, CA",msa,CA,2015-11-30,491031.13579627295,1666.978030128652,42.563227817979445,metro
395056,17,"San Diego, CA",msa,CA,2015-12-31,495242.32994233776,1672.695610602173,42.84853982778982,metro
395056,17,"San Diego, CA",msa,CA,2016-01-31,499617.51533703535,1678.025401074786,42.547290281045306,metro
395056,17,"San Diego, CA",msa,CA,2016-02-29,503778.2025529148,1686.2670323309874,41.926029671879974,metro
395056,17,"San Diego, CA",msa,CA,2016-03-31,506801.3127736053,1694.8650949613277,42.18544040779949,metro
395056,17,"San Diego, CA",msa,CA,2016-04-30,508579.9193169999,1705.0277551692682,41.87373202694674,metro
395056,17,"San Diego, CA",msa,CA,2016-05-31,509605.0135879598,1717.4848568427058,41.82005870144177,metro
395056,17,"San Diego, CA",msa,CA,2016-06-30,511407.63547602645,1731.859701817012,41.69222795968375,metro
395056,17,"San Diego, CA",msa,CA,2016-07-31,512824.4590051302,1743.1004195233277,41.15876230365722,metro
395056,17,"San Diego, CA",msa,CA,2016-08-31,514647.1563091281,1750.7158951289723,41.11746057755344,metro
395056,17,"San Diego, CA",msa,CA,2016-09-30,516152.0942013528,1753.78219741754,41.17665493677613,metro
395056,17,"San Diego, CA",msa,CA,2016-10-31,519214.7612154039,1756.1780487894628,41.29965578901142,metro
395056,17,"San Diego, CA",msa,CA,2016-11-30,522773.6704317828,1756.733483120738,42.571053927585226,metro
395056,17,"San Diego, CA",msa,CA,2016-12-31,527693.4774029833,1758.8587904651638,44.45884586371953,metro
395056,17,"San Diego, CA",msa,CA,2017-01-31,532193.5214396842,1764.423135852565,44.314162473712024,metro
395056,17,"San Diego, CA",msa,CA,2017-02-28,536500.3574918741,1779.9390302693996,44.53477340298312,metro
395056,17,"San Diego, CA",msa,CA,2017-03-31,539468.2191063286,1798.6499750368318,44.694549419602694,metro
395056,17,"San Diego, CA",msa,CA,2017-04-30,542591.0619610187,1817.2515921000136,44.136375106491585,metro
395056,17,"San Diego, CA",msa,CA,2017-05-31,545195.1398007941,1832.0344879304837,44.00524884079971,metro
395056,17,"San Diego, CA",msa,CA,2017-06-30,548561.1443395336,1842.9979886926997,43.65179678531532,metro
395056,17,"San Diego, CA",msa,CA,2017-07-31,550981.9758753033,1853.761764556762,43.9052413438925,metro
395056,17,"San Diego, CA",msa,CA,2017-08-31,554275.9452042966,1859.136205798156,43.61716262678514,metro
395056,17,"San Diego, CA",msa,CA,2017-09-30,557502.4952655263,1861.2252721241932,43.35073690478388,metro
395056,17,"San Diego, CA",msa,CA,2017-10-31,562051.9726501749,1860.8678940515604,43.83614916507243,metro
395056,17,"San Diego, CA",msa,CA,2017-11-30,566023.9156825645,1861.3359016196132,44.03306619291608,metro
395056,17,"San Diego, CA",msa,CA,2017-12-31,570509.0889518508,1863.2897538899024,44.30838919785554,metro
395056,17,"San Diego, CA",msa,CA,2018-01-31,574258.9380045594,1873.0560435460743,44.815108070394686,metro
395056,17,"San Diego, CA",msa,CA,2018-02-28,577491.7999329921,1884.1924789293505,46.115054088808,metro
395056,17,"San Diego, CA",msa,CA,2018-03-31,579606.4953822759,1898.6369863766367,46.54865787735214,metro
395056,17,"San Diego, CA",msa,CA,2018-04-30,581403.3274173044,1909.6114463543092,46.56878578321637,metro
395056,17,"San Diego, CA",msa,CA,2018-05-31,583673.3961863011,1924.778461370557,47.02989246773907,metro
395056,17,"San Diego, CA",msa,CA,2018-06-30,585462.8638871894,1935.458291040413,46.92231803665671,metro
395056,17,"San Diego, CA",msa,CA,2018-07-31,587079.471616183,1946.1308939717596,46.69834940350706,metro
395056,17,"San Diego, CA",msa,CA,2018-08-31,588412.6856361933,1952.8998986383465,46.72410672239601,metro
395056,17,"San Diego, CA",msa,CA,2018-09-30,589658.5184568624,1957.4375982706829,46.97333531051965,metro
395056,17,"San Diego, CA",msa,CA,2018-10-31,590930.6845250283,1956.90740425574,47.7523961456613,metro
395056,17,"San Diego, CA",msa,CA,2018-11-30,591561.5676632972,1951.7860714120352,47.7777620479941,metro
395056,17,"San Diego, CA",msa,CA,2018-12-31,591355.5761559042,1953.973412286084,46.61492942909204,metro
395056,17,"San Diego, CA",msa,CA,2019-01-31,590906.8921506329,1958.3660926073885,45.4570067688637,metro
395056,17,"San Diego, CA",msa,CA,2019-02-28,590691.6637316401,1966.0410742215124,44.88385176544469,metro
395056,17,"San Diego, CA",msa,CA,2019-03-31,591655.0730207406,1972.180139619804,44.36354374477921,metro
395056,17,"San Diego, CA",msa,CA,2019-04-30,592988.1060857716,1981.77677765651,43.80045596998396,metro
395056,17,"San Diego, CA",msa,CA,2019-05-31,593734.5091114881,1994.3124539440803,43.41912070054799,metro
395056,17,"San Diego, CA",msa,CA,2019-06-30,594243.4606830905,2005.884400469844,42.31385278638296,metro
395056,17,"San Diego, CA",msa,CA,2019-07-31,594251.3778015741,2017.532534811179,42.09853323976328,metro
395056,17,"San Diego, CA",msa,CA,2019-08-31,594982.585829784,2024.3507913235717,41.51455791900065,metro
395056,17,"San Diego, CA",msa,CA,2019-09-30,595430.0147399422,2025.6001065855924,41.497253713755974,metro
395056,17,"San Diego, CA",msa,CA,2019-10-31,596569.2858271772,2024.7538801919677,41.89587903965395,metro
395056,17,"San Diego, CA",msa,CA,2019-11-30,598686.492318136,2025.3984811178616,42.06842602224759,metro
395056,17,"San Diego, CA",msa,CA,2019-12-31,601911.0573099885,2030.1233663640628,42.38229769941797,metro
395056,17,"San Diego, CA",msa,CA,2020-01-31,605671.3925306291,2035.0463700343296,42.688860795400466,metro
395056,17,"San Diego, CA",msa,CA,2020-02-29,609874.0753048407,2039.7129057498605,42.30469073847309,metro
395056,17,"San Diego, CA",msa,CA,2020-03-31,614473.4229325373,2042.794614140656,42.210652651195566,metro
395056,17,"San Diego, CA",msa,CA,2020-04-30,619201.6445352949,2036.019569676133,41.57828462074304,metro
395056,17,"San Diego, CA",msa,CA,2020-05-31,621585.2398598312,2030.322677887899,41.07442183637477,metro
395056,17,"San Diego, CA",msa,CA,2020-06-30,621841.2160039464,2029.817308460562,40.4666373348809,metro
395056,17,"San Diego, CA",msa,CA,2020-07-31,621649.5122756055,2041.0259829879417,39.56362420466644,metro
395056,17,"San Diego, CA",msa,CA,2020-08-31,624148.4961130939,2050.146040211945,39.1205020942468,metro
395056,17,"San Diego, CA",msa,CA,2020-09-30,630617.6072204816,2062.4937299228027,39.31169368677749,metro
395056,17,"San Diego, CA",msa,CA,2020-10-31,639670.6200022225,2076.543952734677,39.65428452883456,metro
395056,17,"San Diego, CA",msa,CA,2020-11-30,651159.0245480703,2090.519907964737,40.03320120105623,metro
395056,17,"San Diego, CA",msa,CA,2020-12-31,663065.2441217118,2099.190316875982,40.05243969031627,metro
395056,17,"San Diego, CA",msa,CA,2021-01-31,674633.7845307294,2106.066878954018,39.65514631365882,metro
395056,17,"San Diego, CA",msa,CA,2021-02-28,685553.822430143,2116.8091908455917,40.22188096214252,metro
395056,17,"San Diego, CA",msa,CA,2021-03-31,697055.6609805236,2133.421114518684,42.07058392204222,metro
395056,17,"San Diego, CA",msa,CA,2021-04-30,710620.6470476259,2160.499087846934,42.98495983655789,metro
395056,17,"San Diego, CA",msa,CA,2021-05-31,726358.4337772485,2195.476353496154,43.63489237231214,metro
395056,17,"San Diego, CA",msa,CA,2021-06-30,742346.89939258,2233.2200087646734,44.24803931423247,metro
395056,17,"San Diego, CA",msa,CA,2021-07-31,755257.2722939277,2280.541912091852,44.0893884138807,metro
395056,17,"San Diego, CA",msa,CA,2021-08-31,762316.8020489458,2330.402848331433,43.99523075957871,metro
395056,17,"San Diego, CA",msa,CA,2021-09-30,764994.9495473793,2381.650066303018,44.355660195253286,metro
395056,17,"San Diego, CA",msa,CA,2021-10-31,767354.0595389291,2412.5149888031992,45.22500423700188,metro
395056,17,"San Diego, CA",msa,CA,2021-11-30,772548.6052923981,2432.984823759963,45.49890598077599,metro
395056,17,"San Diego, CA",msa,CA,2021-12-31,780842.9138729451,2447.02152558158,45.79967131357541,metro
395056,17,"San Diego, CA",msa,CA,2022-01-31,795958.3477146924,2465.879249599071,47.234730742064826,metro
395056,17,"San Diego, CA",msa,CA,2022-02-28,817801.595551056,2492.314239746439,49.614429231503706,metro
395056,17,"San Diego, CA",msa,CA,2022-03-31,845277.7229552107,2522.6513516373657,52.92805534036433,metro
395056,17,"San Diego, CA",msa,CA,2022-04-30,870338.0935303519,2564.3114785609337,58.33149465512572,metro
395056,17,"San Diego, CA",msa,CA,2022-05-31,888760.6357890967,2606.01434587928,60.5391045949633,metro
395056,17,"San Diego, CA",msa,CA,2022-06-30,898858.5968810351,2649.551480072886,62.50560138558282,metro
395056,17,"San Diego, CA",msa,CA,2022-07-31,899184.712890654,2679.484042690084,61.61285042163496,metro
395056,17,"San Diego, CA",msa,CA,2022-08-31,891104.9381741537,2703.466113772803,59.752004192346384,metro
395056,17,"San Diego, CA",msa,CA,2022-09-30,877853.6607800238,2707.4615695388493,63.42893927553646,metro
395056,17,"San Diego, CA",msa,CA,2022-10-31,865942.1623077787,2701.6536431330123,66.66344296527991,metro
395056,17,"San Diego, CA",msa,CA,2022-11-30,856895.8759475127,2683.4952060928995,65.17681538392848,metro
395056,17,"San Diego, CA",msa,CA,2022-12-31,850216.2367597712,2674.2713558218948,61.98183869269913,metro
395056,17,"San Diego, CA",msa,CA,2023-01-31,843049.2072243858,2669.236975816363,60.8615700950347,metro
395056,17,"San Diego, CA",msa,CA,2023-02-28,837902.7843532996,2677.886376273491,60.10946979090876,metro
395056,17,"San Diego, CA",msa,CA,2023-03-31,836104.2006874486,2702.7178910933844,61.10029960128494,metro
395056,17,"San Diego, CA",msa,CA,2023-04-30,839252.8209403083,2730.9519515435863,59.904036706606824,metro
395056,17,"San Diego, CA",msa,CA,2023-05-31,845987.9057768554,2761.903123018169,60.43841290323556,metro
395056,17,"San Diego, CA",msa,CA,2023-06-30,855416.812336586,2781.023345911233,62.35629265371201,metro
395056,17,"San Diego, CA",msa,CA,2023-07-31,866741.5784005462,2797.697388827444,63.59714155534042,metro
395056,17,"San Diego, CA",msa,CA,2023-08-31,878588.2858099383,2803.7066339767703,65.46295856269894,metro
395056,17,"San Diego, CA",msa,CA,2023-09-30,890034.5180286961,2801.439613179321,66.79589038129367,metro
395056,17,"San Diego, CA",msa,CA,2023-10-31,899425.3785157753,2788.544215045653,69.63281113471194,metro
395056,17,"San Diego, CA",msa,CA,2023-11-30,905888.1547202818,2767.027111661129,68.90188277554657,metro
395056,17,"San Diego, CA",msa,CA,2023-12-31,909298.2911008392,2748.6881967344298,65.4046206301125,metro
395056,17,"San Diego, CA",msa,CA,2024-01-31,911586.4297339373,2741.501347555815,64.17901064823403,metro
395056,17,"San Diego, CA",msa,CA,2024-02-29,916159.0799829456,2750.4886172758056,64.96570094512492,metro
395056,17,"San Diego, CA",msa,CA,2024-03-31,924438.404863831,2766.790675977277,65.5147299453555,metro
395056,17,"San Diego, CA",msa,CA,2024-04-30,934768.5576340272,2785.4145334213244,66.93349835786579,metro
395056,17,"San Diego, CA",msa,CA,2024-05-31,943607.6237818605,2802.5661704494887,67.64307337302162,metro
395056,17,"San Diego, CA",msa,CA,2024-06-30,948131.4172420576,2817.947796527267,66.85944957003885,metro
395056,17,"San Diego, CA",msa,CA,2024-07-31,949581.6669133456,2828.857638714722,66.276665802044,metro
395056,17,"San Diego, CA",msa,CA,2024-08-31,949135.5070349056,2831.136521846488,64.0490819736002,metro
395056,17,"San Diego, CA",msa,CA,2024-09-30,948680.8928136774,2829.7792860065288,62.15415192097136,metro
395056,17,"San Diego, CA",msa,CA,2024-10-31,947961.1473529176,2827.2185164715324,63.22624656981268,metro
395056,17,"San Diego, CA",msa,CA,2024-11-30,948154.6839680276,2823.668026297348,65.06593293070166,metro
395056,17,"San Diego, CA",msa,CA,2024-12-31,948666.9653321084,2816.9825755660445,64.3940028580078,metro
395056,17,"San Diego, CA",msa,CA,2025-01-31,948772.625239166,2818.646277128625,66.13654800118022,metro
395056,17,"San Diego, CA",msa,CA,2025-02-28,948232.8478898476,2827.0772438037948,65.3234541310458,metro
395056,17,"San Diego, CA",msa,CA,2025-03-31,946093.8912796372,2843.888272595228,63.9309737485726,metro
395056,17,"San Diego, CA",msa,CA,2025-04-30,942914.7887373548,2854.5660752105778,63.881229203456236,metro
395056,17,"San Diego, CA",msa,CA,2025-05-31,938061.113454061,2865.252542525368,63.81613589053908,metro
395056,17,"San Diego, CA",msa,CA,2025-06-30,932790.0438040476,2874.91995396556,63.308034828277805,metro
395056,17,"San Diego, CA",msa,CA,2025-07-31,928384.732102716,2879.701888207056,62.35895143187401,metro
395056,17,"San Diego, CA",msa,CA,2025-08-31,924941.4958646868,2884.920765845928,61.29882797318508,metro
395056,17,"San Diego, CA",msa,CA,2025-09-30,923073.3748391136,2882.0321085018463,59.919954794461624,metro
395056,17,"San Diego, CA",msa,CA,2025-10-31,923041.176509221,2877.996237441058,59.278888971162026,metro
395056,17,"San Diego, CA",msa,CA,2025-11-30,924045.5859670404,2862.742671814708,59.1171004778271,metro
395056,17,"San Diego, CA",msa,CA,2025-12-31,926214.205959204,2855.0248777878514,58.872679165914036,metro
395056,17,"San Diego, CA",msa,CA,2026-01-31,927441.5029340974,2858.001345914797,58.370408896425985,metro
395056,17,"San Diego, CA",msa,CA,2026-02-28,928459.3690840738,2871.4440038425814,58.01935740174521,metro
395057,12,"San Francisco, CA",msa,CA,2000-01-31,288273.57877066376,,,metro
395057,12,"San Francisco, CA",msa,CA,2000-02-29,289401.24686541694,,,metro
395057,12,"San Francisco, CA",msa,CA,2000-03-31,291119.9140254784,,,metro
395057,12,"San Francisco, CA",msa,CA,2000-04-30,295782.43184670655,,,metro
395057,12,"San Francisco, CA",msa,CA,2000-05-31,302208.2114791516,,,metro
395057,12,"San Francisco, CA",msa,CA,2000-06-30,308878.08895335806,,,metro
395057,12,"San Francisco, CA",msa,CA,2000-07-31,315169.2045067148,,,metro
395057,12,"San Francisco, CA",msa,CA,2000-08-31,320696.54564372404,,,metro
395057,12,"San Francisco, CA",msa,CA,2000-09-30,326631.924338081,,,metro
395057,12,"San Francisco, CA",msa,CA,2000-10-31,332332.61041467806,,,metro
395057,12,"San Francisco, CA",msa,CA,2000-11-30,338182.0392691232,,,metro
395057,12,"San Francisco, CA",msa,CA,2000-12-31,344171.2964374818,,,metro
395057,12,"San Francisco, CA",msa,CA,2001-01-31,349366.89130390435,,,metro
395057,12,"San Francisco, CA",msa,CA,2001-02-28,354265.0173927865,,,metro
395057,12,"San Francisco, CA",msa,CA,2001-03-31,359517.3147997312,,,metro
395057,12,"San Francisco, CA",msa,CA,2001-04-30,365348.1122085866,,,metro
395057,12,"San Francisco, CA",msa,CA,2001-05-31,370417.1143908664,,,metro
395057,12,"San Francisco, CA",msa,CA,2001-06-30,374026.8277281146,,,metro
395057,12,"San Francisco, CA",msa,CA,2001-07-31,376833.3064803562,,,metro
395057,12,"San Francisco, CA",msa,CA,2001-08-31,379484.2291810258,,,metro
395057,12,"San Francisco, CA",msa,CA,2001-09-30,381725.5769311983,,,metro
395057,12,"San Francisco, CA",msa,CA,2001-10-31,383145.5463995909,,,metro
395057,12,"San Francisco, CA",msa,CA,2001-11-30,384064.0987373483,,,metro
395057,12,"San Francisco, CA",msa,CA,2001-12-31,384024.91252093966,,,metro
395057,12,"San Francisco, CA",msa,CA,2002-01-31,383601.46228932095,,,metro
395057,12,"San Francisco, CA",msa,CA,2002-02-28,383446.4729311213,,,metro
395057,12,"San Francisco, CA",msa,CA,2002-03-31,384266.8012906115,,,metro
395057,12,"San Francisco, CA",msa,CA,2002-04-30,386491.3659840553,,,metro
395057,12,"San Francisco, CA",msa,CA,2002-05-31,389314.9253010478,,,metro
395057,12,"San Francisco, CA",msa,CA,2002-06-30,393305.5445639432,,,metro
395057,12,"San Francisco, CA",msa,CA,2002-07-31,397797.9052111443,,,metro
395057,12,"San Francisco, CA",msa,CA,2002-08-31,402754.6643073764,,,metro
395057,12,"San Francisco, CA",msa,CA,2002-09-30,407188.8394923193,,,metro
395057,12,"San Francisco, CA",msa,CA,2002-10-31,410786.375428539,,,metro
395057,12,"San Francisco, CA",msa,CA,2002-11-30,413965.2797257739,,,metro
395057,12,"San Francisco, CA",msa,CA,2002-12-31,416718.9494474927,,,metro
395057,12,"San Francisco, CA",msa,CA,2003-01-31,419415.9274527505,,,metro
395057,12,"San Francisco, CA",msa,CA,2003-02-28,422183.52252756665,,,metro
395057,12,"San Francisco, CA",msa,CA,2003-03-31,425024.3931716142,,,metro
395057,12,"San Francisco, CA",msa,CA,2003-04-30,427910.4812962133,,,metro
395057,12,"San Francisco, CA",msa,CA,2003-05-31,429785.5863709015,,,metro
395057,12,"San Francisco, CA",msa,CA,2003-06-30,431180.7159793768,,,metro
395057,12,"San Francisco, CA",msa,CA,2003-07-31,432634.42932001286,,,metro
395057,12,"San Francisco, CA",msa,CA,2003-08-31,435336.6347604506,,,metro
395057,12,"San Francisco, CA",msa,CA,2003-09-30,438777.36680835625,,,metro
395057,12,"San Francisco, CA",msa,CA,2003-10-31,442987.3749555549,,,metro
395057,12,"San Francisco, CA",msa,CA,2003-11-30,447106.2320044713,,,metro
395057,12,"San Francisco, CA",msa,CA,2003-12-31,451477.4240567794,,,metro
395057,12,"San Francisco, CA",msa,CA,2004-01-31,456763.45441991417,,,metro
395057,12,"San Francisco, CA",msa,CA,2004-02-29,462885.8538780229,,,metro
395057,12,"San Francisco, CA",msa,CA,2004-03-31,470495.3843431627,,,metro
395057,12,"San Francisco, CA",msa,CA,2004-04-30,477997.6487082351,,,metro
395057,12,"San Francisco, CA",msa,CA,2004-05-31,485632.3440241485,,,metro
395057,12,"San Francisco, CA",msa,CA,2004-06-30,493068.5302844584,,,metro
395057,12,"San Francisco, CA",msa,CA,2004-07-31,500817.0614661546,,,metro
395057,12,"San Francisco, CA",msa,CA,2004-08-31,508423.25727739534,,,metro
395057,12,"San Francisco, CA",msa,CA,2004-09-30,516210.0491136799,,,metro
395057,12,"San Francisco, CA",msa,CA,2004-10-31,523822.1182590313,,,metro
395057,12,"San Francisco, CA",msa,CA,2004-11-30,531969.457781505,,,metro
395057,12,"San Francisco, CA",msa,CA,2004-12-31,540300.3452119587,,,metro
395057,12,"San Francisco, CA",msa,CA,2005-01-31,548905.0723501072,,,metro
395057,12,"San Francisco, CA",msa,CA,2005-02-28,557991.5632682481,,,metro
395057,12,"San Francisco, CA",msa,CA,2005-03-31,566998.2497876084,,,metro
395057,12,"San Francisco, CA",msa,CA,2005-04-30,576481.312453827,,,metro
395057,12,"San Francisco, CA",msa,CA,2005-05-31,585842.2814672479,,,metro
395057,12,"San Francisco, CA",msa,CA,2005-06-30,594623.6889802493,,,metro
395057,12,"San Francisco, CA",msa,CA,2005-07-31,601858.3944156115,,,metro
395057,12,"San Francisco, CA",msa,CA,2005-08-31,608400.7616432664,,,metro
395057,12,"San Francisco, CA",msa,CA,2005-09-30,614667.8050766892,,,metro
395057,12,"San Francisco, CA",msa,CA,2005-10-31,621215.9876873544,,,metro
395057,12,"San Francisco, CA",msa,CA,2005-11-30,626414.1819631871,,,metro
395057,12,"San Francisco, CA",msa,CA,2005-12-31,630272.9916387792,,,metro
395057,12,"San Francisco, CA",msa,CA,2006-01-31,632875.2493687011,,,metro
395057,12,"San Francisco, CA",msa,CA,2006-02-28,635680.5665952702,,,metro
395057,12,"San Francisco, CA",msa,CA,2006-03-31,638860.954085285,,,metro
395057,12,"San Francisco, CA",msa,CA,2006-04-30,640926.4072041785,,,metro
395057,12,"San Francisco, CA",msa,CA,2006-05-31,640993.1395219718,,,metro
395057,12,"San Francisco, CA",msa,CA,2006-06-30,640087.2776386674,,,metro
395057,12,"San Francisco, CA",msa,CA,2006-07-31,638737.74429822,,,metro
395057,12,"San Francisco, CA",msa,CA,2006-08-31,638014.1878566684,,,metro
395057,12,"San Francisco, CA",msa,CA,2006-09-30,636143.5560790529,,,metro
395057,12,"San Francisco, CA",msa,CA,2006-10-31,633736.7879436683,,,metro
395057,12,"San Francisco, CA",msa,CA,2006-11-30,632053.5341710419,,,metro
395057,12,"San Francisco, CA",msa,CA,2006-12-31,631347.5214013741,,,metro
395057,12,"San Francisco, CA",msa,CA,2007-01-31,632266.5206867629,,,metro
395057,12,"San Francisco, CA",msa,CA,2007-02-28,631173.8037590726,,,metro
395057,12,"San Francisco, CA",msa,CA,2007-03-31,629604.7540092837,,,metro
395057,12,"San Francisco, CA",msa,CA,2007-04-30,627134.9337825145,,,metro
395057,12,"San Francisco, CA",msa,CA,2007-05-31,624417.0620298764,,,metro
395057,12,"San Francisco, CA",msa,CA,2007-06-30,621145.641637804,,,metro
395057,12,"San Francisco, CA",msa,CA,2007-07-31,617913.9922087629,,,metro
395057,12,"San Francisco, CA",msa,CA,2007-08-31,614988.1602029153,,,metro
395057,12,"San Francisco, CA",msa,CA,2007-09-30,611735.1094099148,,,metro
395057,12,"San Francisco, CA",msa,CA,2007-10-31,606783.020502559,,,metro
395057,12,"San Francisco, CA",msa,CA,2007-11-30,601320.7984338837,,,metro
395057,12,"San Francisco, CA",msa,CA,2007-12-31,593979.9347244548,,,metro
395057,12,"San Francisco, CA",msa,CA,2008-01-31,587693.4923677252,,,metro
395057,12,"San Francisco, CA",msa,CA,2008-02-29,582354.0450586058,,,metro
395057,12,"San Francisco, CA",msa,CA,2008-03-31,577341.1710617618,,,metro
395057,12,"San Francisco, CA",msa,CA,2008-04-30,571816.3895711744,,,metro
395057,12,"San Francisco, CA",msa,CA,2008-05-31,565043.4401287906,,,metro
395057,12,"San Francisco, CA",msa,CA,2008-06-30,558132.5241929332,,,metro
395057,12,"San Francisco, CA",msa,CA,2008-07-31,550397.7757356869,,,metro
395057,12,"San Francisco, CA",msa,CA,2008-08-31,541954.4561187532,,,metro
395057,12,"San Francisco, CA",msa,CA,2008-09-30,533155.4633486929,,,metro
395057,12,"San Francisco, CA",msa,CA,2008-10-31,524985.095440715,,,metro
395057,12,"San Francisco, CA",msa,CA,2008-11-30,516650.6408329055,,,metro
395057,12,"San Francisco, CA",msa,CA,2008-12-31,509829.4249006434,,,metro
395057,12,"San Francisco, CA",msa,CA,2009-01-31,501431.8196867136,,,metro
395057,12,"San Francisco, CA",msa,CA,2009-02-28,494787.4022777025,,,metro
395057,12,"San Francisco, CA",msa,CA,2009-03-31,488688.492109806,,,metro
395057,12,"San Francisco, CA",msa,CA,2009-04-30,483196.3505286717,,,metro
395057,12,"San Francisco, CA",msa,CA,2009-05-31,477878.5164321262,,,metro
395057,12,"San Francisco, CA",msa,CA,2009-06-30,474553.8476047048,,,metro
395057,12,"San Francisco, CA",msa,CA,2009-07-31,472215.76150731696,,,metro
395057,12,"San Francisco, CA",msa,CA,2009-08-31,468313.8890278447,,,metro
395057,12,"San Francisco, CA",msa,CA,2009-09-30,462867.69006730034,,,metro
395057,12,"San Francisco, CA",msa,CA,2009-10-31,460645.8119051044,,,metro
395057,12,"San Francisco, CA",msa,CA,2009-11-30,462758.8710954627,,,metro
395057,12,"San Francisco, CA",msa,CA,2009-12-31,468150.7199858835,,,metro
395057,12,"San Francisco, CA",msa,CA,2010-01-31,473361.95791648905,,,metro
395057,12,"San Francisco, CA",msa,CA,2010-02-28,476757.8132499165,,,metro
395057,12,"San Francisco, CA",msa,CA,2010-03-31,478086.76335669466,,,metro
395057,12,"San Francisco, CA",msa,CA,2010-04-30,478571.8602400087,,,metro
395057,12,"San Francisco, CA",msa,CA,2010-05-31,479468.3305700368,,,metro
395057,12,"San Francisco, CA",msa,CA,2010-06-30,479315.2407524418,,,metro
395057,12,"San Francisco, CA",msa,CA,2010-07-31,477235.2589075884,,,metro
395057,12,"San Francisco, CA",msa,CA,2010-08-31,475157.876738855,,,metro
395057,12,"San Francisco, CA",msa,CA,2010-09-30,472300.9952756207,,,metro
395057,12,"San Francisco, CA",msa,CA,2010-10-31,469841.1838494471,,,metro
395057,12,"San Francisco, CA",msa,CA,2010-11-30,466472.0059978752,,,metro
395057,12,"San Francisco, CA",msa,CA,2010-12-31,462858.5116960341,,,metro
395057,12,"San Francisco, CA",msa,CA,2011-01-31,459634.9855365103,,,metro
395057,12,"San Francisco, CA",msa,CA,2011-02-28,456126.3956974754,,,metro
395057,12,"San Francisco, CA",msa,CA,2011-03-31,453606.5448076458,,,metro
395057,12,"San Francisco, CA",msa,CA,2011-04-30,450938.6748299837,,,metro
395057,12,"San Francisco, CA",msa,CA,2011-05-31,447703.70992179774,,,metro
395057,12,"San Francisco, CA",msa,CA,2011-06-30,443518.5033745813,,,metro
395057,12,"San Francisco, CA",msa,CA,2011-07-31,440841.062656173,,,metro
395057,12,"San Francisco, CA",msa,CA,2011-08-31,437619.6832448437,,,metro
395057,12,"San Francisco, CA",msa,CA,2011-09-30,435719.1277045341,,,metro
395057,12,"San Francisco, CA",msa,CA,2011-10-31,432937.3887176039,,,metro
395057,12,"San Francisco, CA",msa,CA,2011-11-30,431195.2984510112,,,metro
395057,12,"San Francisco, CA",msa,CA,2011-12-31,429861.54127211054,,,metro
395057,12,"San Francisco, CA",msa,CA,2012-01-31,428150.8404828946,,37.32775628216678,metro
395057,12,"San Francisco, CA",msa,CA,2012-02-29,427537.54724338953,,37.0794153401726,metro
395057,12,"San Francisco, CA",msa,CA,2012-03-31,426867.7288321432,,37.12669303595948,metro
395057,12,"San Francisco, CA",msa,CA,2012-04-30,427944.0270792394,,36.97712674105174,metro
395057,12,"San Francisco, CA",msa,CA,2012-05-31,430308.4377994589,,36.71525095879622,metro
395057,12,"San Francisco, CA",msa,CA,2012-06-30,434288.9225332481,,36.52901391384747,metro
395057,12,"San Francisco, CA",msa,CA,2012-07-31,439070.91031619854,,36.39711030930621,metro
395057,12,"San Francisco, CA",msa,CA,2012-08-31,445491.2844137591,,36.90828772019598,metro
395057,12,"San Francisco, CA",msa,CA,2012-09-30,453119.2314052358,,36.77956951244172,metro
395057,12,"San Francisco, CA",msa,CA,2012-10-31,461422.7108718319,,36.62600636108595,metro
395057,12,"San Francisco, CA",msa,CA,2012-11-30,469730.9717995983,,36.78655694306901,metro
395057,12,"San Francisco, CA",msa,CA,2012-12-31,478070.1087331808,,37.336079620091475,metro
395057,12,"San Francisco, CA",msa,CA,2013-01-31,486799.44827521854,,38.21708827233598,metro
395057,12,"San Francisco, CA",msa,CA,2013-02-28,495228.22976146126,,39.2243285215692,metro
395057,12,"San Francisco, CA",msa,CA,2013-03-31,503384.89593083103,,39.741960324927526,metro
395057,12,"San Francisco, CA",msa,CA,2013-04-30,512410.1072867655,,39.75578994048891,metro
395057,12,"San Francisco, CA",msa,CA,2013-05-31,523911.4959041652,,40.73020475217836,metro
395057,12,"San Francisco, CA",msa,CA,2013-06-30,536648.8705794053,,43.75005634027252,metro
395057,12,"San Francisco, CA",msa,CA,2013-07-31,548085.9272732259,,45.97055272162364,metro
395057,12,"San Francisco, CA",msa,CA,2013-08-31,556920.47855671,,47.12704155949703,metro
395057,12,"San Francisco, CA",msa,CA,2013-09-30,564692.865630419,,47.61479113018657,metro
395057,12,"San Francisco, CA",msa,CA,2013-10-31,571923.9672015592,,46.65216305258813,metro
395057,12,"San Francisco, CA",msa,CA,2013-11-30,578328.7804063506,,47.08932689584752,metro
395057,12,"San Francisco, CA",msa,CA,2013-12-31,583989.4105345545,,48.13254063982869,metro
395057,12,"San Francisco, CA",msa,CA,2014-01-31,589501.2344816189,,46.45553178554492,metro
395057,12,"San Francisco, CA",msa,CA,2014-02-28,595115.1915193391,,46.13518214898577,metro
395057,12,"San Francisco, CA",msa,CA,2014-03-31,600986.5544597817,,46.46087154927157,metro
395057,12,"San Francisco, CA",msa,CA,2014-04-30,608240.4228007513,,46.68117725001788,metro
395057,12,"San Francisco, CA",msa,CA,2014-05-31,615984.1935959384,,46.35208226736643,metro
395057,12,"San Francisco, CA",msa,CA,2014-06-30,622166.7304580653,,46.4052869619555,metro
395057,12,"San Francisco, CA",msa,CA,2014-07-31,625466.9686510607,,46.23787224806641,metro
395057,12,"San Francisco, CA",msa,CA,2014-08-31,627968.455882682,,46.088363821709336,metro
395057,12,"San Francisco, CA",msa,CA,2014-09-30,632337.6982465023,,46.38497771595352,metro
395057,12,"San Francisco, CA",msa,CA,2014-10-31,638051.984597131,,46.06015264167015,metro
395057,12,"San Francisco, CA",msa,CA,2014-11-30,644934.0408988491,,46.16875198486263,metro
395057,12,"San Francisco, CA",msa,CA,2014-12-31,651890.5326600382,,45.82523668028891,metro
395057,12,"San Francisco, CA",msa,CA,2015-01-31,660155.5162839858,2177.273569679337,44.56592025578684,metro
395057,12,"San Francisco, CA",msa,CA,2015-02-28,669083.5965269821,2187.323078619674,45.06076475088503,metro
395057,12,"San Francisco, CA",msa,CA,2015-03-31,677838.1796032029,2218.192290810218,45.65358585831487,metro
395057,12,"San Francisco, CA",msa,CA,2015-04-30,686002.6950671175,2252.2467282461425,45.53574185416226,metro
395057,12,"San Francisco, CA",msa,CA,2015-05-31,694341.6131269477,2283.872662420932,46.547717086051286,metro
395057,12,"San Francisco, CA",msa,CA,2015-06-30,702437.6988776461,2317.071226690562,47.397328885449994,metro
395057,12,"San Francisco, CA",msa,CA,2015-07-31,709619.031514381,2342.743739177625,47.845477132319,metro
395057,12,"San Francisco, CA",msa,CA,2015-08-31,716540.0115978402,2365.8355696949434,47.382157064674466,metro
395057,12,"San Francisco, CA",msa,CA,2015-09-30,724395.4438976259,2382.828141520524,47.54041600010621,metro
395057,12,"San Francisco, CA",msa,CA,2015-10-31,733232.5650947602,2385.453509629693,47.41131466210381,metro
395057,12,"San Francisco, CA",msa,CA,2015-11-30,741346.5539066257,2386.048873150705,48.29543562581257,metro
395057,12,"San Francisco, CA",msa,CA,2015-12-31,748827.8167438665,2381.491766332653,48.59789200051335,metro
395057,12,"San Francisco, CA",msa,CA,2016-01-31,757602.3358868094,2393.53839653394,48.63229224563651,metro
395057,12,"San Francisco, CA",msa,CA,2016-02-29,767078.200245353,2409.0754294555536,48.01424746068404,metro
395057,12,"San Francisco, CA",msa,CA,2016-03-31,774853.946882316,2416.9440672042247,48.408485276044374,metro
395057,12,"San Francisco, CA",msa,CA,2016-04-30,779385.0453272901,2437.2545703205,48.05534747865803,metro
395057,12,"San Francisco, CA",msa,CA,2016-05-31,780358.2550607283,2448.944894177868,47.86098385266272,metro
395057,12,"San Francisco, CA",msa,CA,2016-06-30,779796.5411438645,2471.0850330530384,47.4314560064659,metro
395057,12,"San Francisco, CA",msa,CA,2016-07-31,777347.3515335465,2477.376777644125,46.47112542808182,metro
395057,12,"San Francisco, CA",msa,CA,2016-08-31,775699.0573700311,2479.02464671914,46.09503012640973,metro
395057,12,"San Francisco, CA",msa,CA,2016-09-30,774581.0209214272,2472.8369333940423,45.90288439689656,metro
395057,12,"San Francisco, CA",msa,CA,2016-10-31,775944.4081462714,2456.049455352176,45.79322019124149,metro
395057,12,"San Francisco, CA",msa,CA,2016-11-30,778900.3836890418,2446.19859279304,47.01688940096618,metro
395057,12,"San Francisco, CA",msa,CA,2016-12-31,784602.2004520972,2435.4607530728854,48.96249176200666,metro
395057,12,"San Francisco, CA",msa,CA,2017-01-31,791586.7206892102,2443.7956513878985,48.5376771994343,metro
395057,12,"San Francisco, CA",msa,CA,2017-02-28,798759.3319255979,2462.8245558106746,48.76635939409007,metro
395057,12,"San Francisco, CA",msa,CA,2017-03-31,804458.1388986893,2486.1741968983797,48.95256032390725,metro
395057,12,"San Francisco, CA",msa,CA,2017-04-30,809843.6779151116,2501.7517110553126,48.3050756938782,metro
395057,12,"San Francisco, CA",msa,CA,2017-05-31,814229.6364871418,2516.266986420875,48.1240476477472,metro
395057,12,"San Francisco, CA",msa,CA,2017-06-30,819133.4114455009,2537.566894404664,47.6819567316604,metro
395057,12,"San Francisco, CA",msa,CA,2017-07-31,822493.5076143639,2551.049129373417,47.90979765370908,metro
395057,12,"San Francisco, CA",msa,CA,2017-08-31,826156.101139912,2560.6101068439034,47.48365059888886,metro
395057,12,"San Francisco, CA",msa,CA,2017-09-30,831386.0924210135,2562.538380263584,47.19803918606929,metro
395057,12,"San Francisco, CA",msa,CA,2017-10-31,839186.0899783401,2560.6095957374223,47.77952600762097,metro
395057,12,"San Francisco, CA",msa,CA,2017-11-30,848625.8473630873,2551.774452776058,48.17962187233118,metro
395057,12,"San Francisco, CA",msa,CA,2017-12-31,859398.0179652077,2548.8664975866645,48.69488334894878,metro
395057,12,"San Francisco, CA",msa,CA,2018-01-31,871308.1608089489,2554.249147949759,49.22592303794673,metro
395057,12,"San Francisco, CA",msa,CA,2018-02-28,882708.8535753939,2569.631028921023,51.03974780576277,metro
395057,12,"San Francisco, CA",msa,CA,2018-03-31,892401.3482253548,2579.5510814373847,51.884030428485225,metro
395057,12,"San Francisco, CA",msa,CA,2018-04-30,900748.7474608012,2594.6296019443453,52.20955347263836,metro
395057,12,"San Francisco, CA",msa,CA,2018-05-31,909682.0110447756,2608.929598268928,53.03207235729208,metro
395057,12,"San Francisco, CA",msa,CA,2018-06-30,917285.499159412,2628.17149694366,53.159405231809444,metro
395057,12,"San Francisco, CA",msa,CA,2018-07-31,921178.686621705,2642.7185694406144,52.95456213702761,metro
395057,12,"San Francisco, CA",msa,CA,2018-08-31,922905.2547051628,2652.447190840065,52.9413053619871,metro
395057,12,"San Francisco, CA",msa,CA,2018-09-30,923846.1609371651,2652.589454537338,53.143002229095224,metro
395057,12,"San Francisco, CA",msa,CA,2018-10-31,926071.086943434,2647.5980193211044,54.02629870309546,metro
395057,12,"San Francisco, CA",msa,CA,2018-11-30,927177.6889551324,2641.221394629903,54.03263551648473,metro
395057,12,"San Francisco, CA",msa,CA,2018-12-31,926303.5269287074,2640.290054510383,52.63712021500023,metro
395057,12,"San Francisco, CA",msa,CA,2019-01-31,923884.1903317552,2646.373386674224,51.94274382224391,metro
395057,12,"San Francisco, CA",msa,CA,2019-02-28,920001.9257536292,2655.3300139904827,51.06771512195253,metro
395057,12,"San Francisco, CA",msa,CA,2019-03-31,916690.7546480304,2668.791728699371,50.175438124142026,metro
395057,12,"San Francisco, CA",msa,CA,2019-04-30,914391.5042076358,2678.5508517374906,49.262558297321156,metro
395057,12,"San Francisco, CA",msa,CA,2019-05-31,912968.5842337356,2693.217279856539,48.66669611753513,metro
395057,12,"San Francisco, CA",msa,CA,2019-06-30,913012.1242789016,2706.3927135008144,47.41151847392046,metro
395057,12,"San Francisco, CA",msa,CA,2019-07-31,914073.0985619474,2723.714374866797,47.26210877817208,metro
395057,12,"San Francisco, CA",msa,CA,2019-08-31,916429.2391810332,2729.339517960176,46.711759394458205,metro
395057,12,"San Francisco, CA",msa,CA,2019-09-30,918247.574931986,2726.6735333307315,46.86197110233349,metro
395057,12,"San Francisco, CA",msa,CA,2019-10-31,919584.5715973024,2716.278282738618,47.42208544744944,metro
395057,12,"San Francisco, CA",msa,CA,2019-11-30,921497.1786182276,2710.4391849722574,47.67688097749432,metro
395057,12,"San Francisco, CA",msa,CA,2019-12-31,923989.4375308848,2711.376906190821,48.0260071370783,metro
395057,12,"San Francisco, CA",msa,CA,2020-01-31,927324.4270566256,2719.7244389037646,47.960597479750724,metro
395057,12,"San Francisco, CA",msa,CA,2020-02-29,931709.2744562296,2726.565347535981,47.52791769942089,metro
395057,12,"San Francisco, CA",msa,CA,2020-03-31,937623.8417727378,2732.863042136621,47.48570927711634,metro
395057,12,"San Francisco, CA",msa,CA,2020-04-30,942705.9779420928,2726.270614810129,46.77803476663695,metro
395057,12,"San Francisco, CA",msa,CA,2020-05-31,942461.5964824788,2716.17500474729,46.12943498766343,metro
395057,12,"San Francisco, CA",msa,CA,2020-06-30,938016.4414524497,2698.4405795627263,45.2874763353682,metro
395057,12,"San Francisco, CA",msa,CA,2020-07-31,934487.8217581296,2678.7304000180948,44.18219445987505,metro
395057,12,"San Francisco, CA",msa,CA,2020-08-31,937071.4849858552,2636.667763529568,43.68930638261491,metro
395057,12,"San Francisco, CA",msa,CA,2020-09-30,945824.8503295516,2585.749257747172,43.88013593705647,metro
395057,12,"San Francisco, CA",msa,CA,2020-10-31,957402.7885956168,2538.395140654925,44.18825580506368,metro
395057,12,"San Francisco, CA",msa,CA,2020-11-30,971196.7022106688,2504.229951421012,44.480014696116314,metro
395057,12,"San Francisco, CA",msa,CA,2020-12-31,984835.5474297688,2489.1336294055363,44.36920109160636,metro
395057,12,"San Francisco, CA",msa,CA,2021-01-31,997900.6140003578,2483.8477443150714,44.1040812898241,metro
395057,12,"San Francisco, CA",msa,CA,2021-02-28,1010218.9926492098,2497.899059321504,44.62496170291269,metro
395057,12,"San Francisco, CA",msa,CA,2021-03-31,1023881.7287204748,2518.110728954776,46.5692634546906,metro
395057,12,"San Francisco, CA",msa,CA,2021-04-30,1040580.8613857472,2542.019122778407,47.45701242671616,metro
395057,12,"San Francisco, CA",msa,CA,2021-05-31,1059593.0394366228,2572.87517895932,48.02135161584602,metro
395057,12,"San Francisco, CA",msa,CA,2021-06-30,1078755.340643921,2613.879158917964,48.59566516027797,metro
395057,12,"San Francisco, CA",msa,CA,2021-07-31,1094441.5323450866,2659.728748981197,48.36906348304767,metro
395057,12,"San Francisco, CA",msa,CA,2021-08-31,1102594.6990138933,2693.9587151739474,48.26668718881998,metro
395057,12,"San Francisco, CA",msa,CA,2021-09-30,1105146.6303030036,2706.8449473737214,48.74455064972883,metro
395057,12,"San Francisco, CA",msa,CA,2021-10-31,1106945.352019993,2704.3312014521757,49.78608667622161,metro
395057,12,"San Francisco, CA",msa,CA,2021-11-30,1112664.458993065,2697.833888962361,50.15874225077012,metro
395057,12,"San Francisco, CA",msa,CA,2021-12-31,1121398.121502357,2700.434024617801,50.49370220293715,metro
395057,12,"San Francisco, CA",msa,CA,2022-01-31,1137831.0812549675,2713.927814363953,52.62233661071103,metro
395057,12,"San Francisco, CA",msa,CA,2022-02-28,1162970.5185737524,2737.439028871282,55.14459194114841,metro
395057,12,"San Francisco, CA",msa,CA,2022-03-31,1194775.1002798518,2763.1567927829155,58.64995960863021,metro
395057,12,"San Francisco, CA",msa,CA,2022-04-30,1220784.3361357993,2786.2721917143376,64.33920804793772,metro
395057,12,"San Francisco, CA",msa,CA,2022-05-31,1235386.792013095,2809.0729672505463,66.36579410053031,metro
395057,12,"San Francisco, CA",msa,CA,2022-06-30,1236288.2296042163,2830.4066761199992,67.93732058583328,metro
395057,12,"San Francisco, CA",msa,CA,2022-07-31,1223668.6656503002,2849.5751051359907,66.38120663968365,metro
395057,12,"San Francisco, CA",msa,CA,2022-08-31,1200062.86684247,2859.610497427819,63.810254669966895,metro
395057,12,"San Francisco, CA",msa,CA,2022-09-30,1172309.4668526987,2854.8638768702176,67.19239779338587,metro
395057,12,"San Francisco, CA",msa,CA,2022-10-31,1149793.3818023994,2839.3182129540546,70.22763373897914,metro
395057,12,"San Francisco, CA",msa,CA,2022-11-30,1133427.4039858894,2817.390565487476,68.42208172039071,metro
395057,12,"San Francisco, CA",msa,CA,2022-12-31,1121141.218367805,2800.489621843212,64.90401424389206,metro
395057,12,"San Francisco, CA",msa,CA,2023-01-31,1106949.1005349515,2792.933473130909,64.12977607529787,metro
395057,12,"San Francisco, CA",msa,CA,2023-02-28,1094874.2407755628,2802.9511688659272,63.06381154670161,metro
395057,12,"San Francisco, CA",msa,CA,2023-03-31,1086086.113596787,2827.4018073223383,63.73570830048276,metro
395057,12,"San Francisco, CA",msa,CA,2023-04-30,1084286.2199165197,2838.614392356107,62.19158646861565,metro
395057,12,"San Francisco, CA",msa,CA,2023-05-31,1086460.872928935,2847.747636505747,62.40042375671146,metro
395057,12,"San Francisco, CA",msa,CA,2023-06-30,1091337.1513402695,2844.615610620468,63.99550348973707,metro
395057,12,"San Francisco, CA",msa,CA,2023-07-31,1098167.1698681377,2853.6684181452,64.87381472770065,metro
395057,12,"San Francisco, CA",msa,CA,2023-08-31,1105975.6527090634,2854.88696637889,66.3984493434659,metro
395057,12,"San Francisco, CA",msa,CA,2023-09-30,1113432.489878295,2847.130523721888,67.4159896113173,metro
395057,12,"San Francisco, CA",msa,CA,2023-10-31,1118609.1577455057,2832.552425493369,69.94114941274904,metro
395057,12,"San Francisco, CA",msa,CA,2023-11-30,1120048.1762498228,2811.651021385249,68.91031633249249,metro
395057,12,"San Francisco, CA",msa,CA,2023-12-31,1118066.4924774282,2799.321013866472,65.17810319925039,metro
395057,12,"San Francisco, CA",msa,CA,2024-01-31,1113676.5392311993,2802.456376675157,63.83875193034504,metro
395057,12,"San Francisco, CA",msa,CA,2024-02-29,1111268.8425727736,2816.995337744804,64.23599214811486,metro
395057,12,"San Francisco, CA",msa,CA,2024-03-31,1116458.5545578396,2840.442251115434,64.59035764599072,metro
395057,12,"San Francisco, CA",msa,CA,2024-04-30,1128010.441454827,2857.327221547161,66.01311251527329,metro
395057,12,"San Francisco, CA",msa,CA,2024-05-31,1140371.5555978466,2872.7391017201035,66.89094441561339,metro
395057,12,"San Francisco, CA",msa,CA,2024-06-30,1146386.7488289028,2885.550017079026,66.19957809086816,metro
395057,12,"San Francisco, CA",msa,CA,2024-07-31,1148447.4654998966,2896.582965054118,65.67694579782045,metro
395057,12,"San Francisco, CA",msa,CA,2024-08-31,1147026.468072175,2902.7973541306646,63.47438989120352,metro
395057,12,"San Francisco, CA",msa,CA,2024-09-30,1145297.60439355,2899.5411298266736,61.53102453959145,metro
395057,12,"San Francisco, CA",msa,CA,2024-10-31,1142473.6636945324,2892.885654937285,62.43645863960676,metro
395057,12,"San Francisco, CA",msa,CA,2024-11-30,1142313.3331427437,2892.123967767066,64.16820971092228,metro
395057,12,"San Francisco, CA",msa,CA,2024-12-31,1143409.3434601566,2889.444715264994,63.50904588765685,metro
395057,12,"San Francisco, CA",msa,CA,2025-01-31,1143619.6557626117,2901.361853203945,65.24040579460453,metro
395057,12,"San Francisco, CA",msa,CA,2025-02-28,1142343.8799367885,2918.6352094013487,64.41350517607697,metro
395057,12,"San Francisco, CA",msa,CA,2025-03-31,1139232.8431084568,2948.194036920093,63.026479889241436,metro
395057,12,"San Francisco, CA",msa,CA,2025-04-30,1135078.9400154217,2975.4647125575325,62.9524867849237,metro
395057,12,"San Francisco, CA",msa,CA,2025-05-31,1127836.394451712,2997.612218259065,62.80339969756504,metro
395057,12,"San Francisco, CA",msa,CA,2025-06-30,1118280.9163392512,3020.752219736378,62.12808610048025,metro
395057,12,"San Francisco, CA",msa,CA,2025-07-31,1109995.1367322616,3037.091536438273,61.04266467932993,metro
395057,12,"San Francisco, CA",msa,CA,2025-08-31,1103413.4176712856,3051.96068459601,59.8849344168654,metro
395057,12,"San Francisco, CA",msa,CA,2025-09-30,1101259.7229471488,3061.926753870227,58.55301594100714,metro
395057,12,"San Francisco, CA",msa,CA,2025-10-31,1102272.3332624163,3066.6812014241773,57.98829849046584,metro
395057,12,"San Francisco, CA",msa,CA,2025-11-30,1106068.8232563771,3061.150412104736,57.96351933606009,metro
395057,12,"San Francisco, CA",msa,CA,2025-12-31,1111247.45057557,3056.938977879937,57.858587868656166,metro
395057,12,"San Francisco, CA",msa,CA,2026-01-31,1114248.49292764,3070.56535000161,57.44895737999358,metro
395057,12,"San Francisco, CA",msa,CA,2026-02-28,1116382.6832890837,3103.0446242787534,57.153505925632764,metro
395078,15,"Seattle, WA",msa,WA,2000-01-31,220249.1938347309,,,metro
395078,15,"Seattle, WA",msa,WA,2000-02-29,220951.211520954,,,metro
395078,15,"Seattle, WA",msa,WA,2000-03-31,221641.11128087863,,,metro
395078,15,"Seattle, WA",msa,WA,2000-04-30,223038.0019884708,,,metro
395078,15,"Seattle, WA",msa,WA,2000-05-31,224610.14696071023,,,metro
395078,15,"Seattle, WA",msa,WA,2000-06-30,226075.24343242336,,,metro
395078,15,"Seattle, WA",msa,WA,2000-07-31,227615.836691428,,,metro
395078,15,"Seattle, WA",msa,WA,2000-08-31,228856.5101438985,,,metro
395078,15,"Seattle, WA",msa,WA,2000-09-30,229935.58648040495,,,metro
395078,15,"Seattle, WA",msa,WA,2000-10-31,230830.14707284933,,,metro
395078,15,"Seattle, WA",msa,WA,2000-11-30,231754.48605026773,,,metro
395078,15,"Seattle, WA",msa,WA,2000-12-31,232872.94268357055,,,metro
395078,15,"Seattle, WA",msa,WA,2001-01-31,234135.98108303003,,,metro
395078,15,"Seattle, WA",msa,WA,2001-02-28,235468.13725393903,,,metro
395078,15,"Seattle, WA",msa,WA,2001-03-31,236830.3036118272,,,metro
395078,15,"Seattle, WA",msa,WA,2001-04-30,238076.1021201827,,,metro
395078,15,"Seattle, WA",msa,WA,2001-05-31,239071.1883168188,,,metro
395078,15,"Seattle, WA",msa,WA,2001-06-30,240023.6834051893,,,metro
395078,15,"Seattle, WA",msa,WA,2001-07-31,240890.25627156385,,,metro
395078,15,"Seattle, WA",msa,WA,2001-08-31,241963.2041963156,,,metro
395078,15,"Seattle, WA",msa,WA,2001-09-30,242844.24218342392,,,metro
395078,15,"Seattle, WA",msa,WA,2001-10-31,243852.16288351675,,,metro
395078,15,"Seattle, WA",msa,WA,2001-11-30,244720.9009643031,,,metro
395078,15,"Seattle, WA",msa,WA,2001-12-31,245845.6226161488,,,metro
395078,15,"Seattle, WA",msa,WA,2002-01-31,246806.9351634876,,,metro
395078,15,"Seattle, WA",msa,WA,2002-02-28,247784.63283567177,,,metro
395078,15,"Seattle, WA",msa,WA,2002-03-31,248676.9449619944,,,metro
395078,15,"Seattle, WA",msa,WA,2002-04-30,249521.72545269705,,,metro
395078,15,"Seattle, WA",msa,WA,2002-05-31,250241.2501822694,,,metro
395078,15,"Seattle, WA",msa,WA,2002-06-30,250772.0122029029,,,metro
395078,15,"Seattle, WA",msa,WA,2002-07-31,251339.10414654147,,,metro
395078,15,"Seattle, WA",msa,WA,2002-08-31,252067.2800009949,,,metro
395078,15,"Seattle, WA",msa,WA,2002-09-30,252810.469072762,,,metro
395078,15,"Seattle, WA",msa,WA,2002-10-31,253561.15778166396,,,metro
395078,15,"Seattle, WA",msa,WA,2002-11-30,254212.9753532755,,,metro
395078,15,"Seattle, WA",msa,WA,2002-12-31,254542.9576824148,,,metro
395078,15,"Seattle, WA",msa,WA,2003-01-31,255135.9169610032,,,metro
395078,15,"Seattle, WA",msa,WA,2003-02-28,255733.53260292683,,,metro
395078,15,"Seattle, WA",msa,WA,2003-03-31,256923.93937494335,,,metro
395078,15,"Seattle, WA",msa,WA,2003-04-30,258091.5631553623,,,metro
395078,15,"Seattle, WA",msa,WA,2003-05-31,259623.47181126956,,,metro
395078,15,"Seattle, WA",msa,WA,2003-06-30,261073.46088417555,,,metro
395078,15,"Seattle, WA",msa,WA,2003-07-31,262484.34544069454,,,metro
395078,15,"Seattle, WA",msa,WA,2003-08-31,263980.0041732123,,,metro
395078,15,"Seattle, WA",msa,WA,2003-09-30,265414.81329305883,,,metro
395078,15,"Seattle, WA",msa,WA,2003-10-31,266831.02426590986,,,metro
395078,15,"Seattle, WA",msa,WA,2003-11-30,267869.9024136279,,,metro
395078,15,"Seattle, WA",msa,WA,2003-12-31,269112.92758958135,,,metro
395078,15,"Seattle, WA",msa,WA,2004-01-31,270630.90879275993,,,metro
395078,15,"Seattle, WA",msa,WA,2004-02-29,272341.51300653955,,,metro
395078,15,"Seattle, WA",msa,WA,2004-03-31,273981.4479139114,,,metro
395078,15,"Seattle, WA",msa,WA,2004-04-30,275837.0371294862,,,metro
395078,15,"Seattle, WA",msa,WA,2004-05-31,278239.08468706434,,,metro
395078,15,"Seattle, WA",msa,WA,2004-06-30,281194.651293992,,,metro
395078,15,"Seattle, WA",msa,WA,2004-07-31,284055.8734222873,,,metro
395078,15,"Seattle, WA",msa,WA,2004-08-31,286707.1335522733,,,metro
395078,15,"Seattle, WA",msa,WA,2004-09-30,289162.6461571181,,,metro
395078,15,"Seattle, WA",msa,WA,2004-10-31,291516.28045279515,,,metro
395078,15,"Seattle, WA",msa,WA,2004-11-30,293963.1886054629,,,metro
395078,15,"Seattle, WA",msa,WA,2004-12-31,296659.5844940148,,,metro
395078,15,"Seattle, WA",msa,WA,2005-01-31,299723.4546375998,,,metro
395078,15,"Seattle, WA",msa,WA,2005-02-28,302431.7807557884,,,metro
395078,15,"Seattle, WA",msa,WA,2005-03-31,305485.5237905908,,,metro
395078,15,"Seattle, WA",msa,WA,2005-04-30,308923.1035958873,,,metro
395078,15,"Seattle, WA",msa,WA,2005-05-31,313022.90450674616,,,metro
395078,15,"Seattle, WA",msa,WA,2005-06-30,317807.2277433926,,,metro
395078,15,"Seattle, WA",msa,WA,2005-07-31,323089.5919236194,,,metro
395078,15,"Seattle, WA",msa,WA,2005-08-31,329054.15918298974,,,metro
395078,15,"Seattle, WA",msa,WA,2005-09-30,334470.3868544466,,,metro
395078,15,"Seattle, WA",msa,WA,2005-10-31,339397.7585891368,,,metro
395078,15,"Seattle, WA",msa,WA,2005-11-30,343989.13294727646,,,metro
395078,15,"Seattle, WA",msa,WA,2005-12-31,348528.456301668,,,metro
395078,15,"Seattle, WA",msa,WA,2006-01-31,352292.5990443269,,,metro
395078,15,"Seattle, WA",msa,WA,2006-02-28,356631.03276135447,,,metro
395078,15,"Seattle, WA",msa,WA,2006-03-31,361124.47115689545,,,metro
395078,15,"Seattle, WA",msa,WA,2006-04-30,366588.7528474053,,,metro
395078,15,"Seattle, WA",msa,WA,2006-05-31,371952.0942334922,,,metro
395078,15,"Seattle, WA",msa,WA,2006-06-30,377122.645992555,,,metro
395078,15,"Seattle, WA",msa,WA,2006-07-31,382084.8258002396,,,metro
395078,15,"Seattle, WA",msa,WA,2006-08-31,386612.6897511394,,,metro
395078,15,"Seattle, WA",msa,WA,2006-09-30,390598.0298561516,,,metro
395078,15,"Seattle, WA",msa,WA,2006-10-31,394150.53179174446,,,metro
395078,15,"Seattle, WA",msa,WA,2006-11-30,396636.5938291017,,,metro
395078,15,"Seattle, WA",msa,WA,2006-12-31,398160.8923000829,,,metro
395078,15,"Seattle, WA",msa,WA,2007-01-31,398996.673791937,,,metro
395078,15,"Seattle, WA",msa,WA,2007-02-28,400393.5742581714,,,metro
395078,15,"Seattle, WA",msa,WA,2007-03-31,403153.0665875213,,,metro
395078,15,"Seattle, WA",msa,WA,2007-04-30,406861.7208702919,,,metro
395078,15,"Seattle, WA",msa,WA,2007-05-31,409954.1421220242,,,metro
395078,15,"Seattle, WA",msa,WA,2007-06-30,411821.2420952263,,,metro
395078,15,"Seattle, WA",msa,WA,2007-07-31,412463.9323414869,,,metro
395078,15,"Seattle, WA",msa,WA,2007-08-31,413265.9601722956,,,metro
395078,15,"Seattle, WA",msa,WA,2007-09-30,413681.5767458285,,,metro
395078,15,"Seattle, WA",msa,WA,2007-10-31,412754.8702628499,,,metro
395078,15,"Seattle, WA",msa,WA,2007-11-30,410495.3056989975,,,metro
395078,15,"Seattle, WA",msa,WA,2007-12-31,408093.4136598481,,,metro
395078,15,"Seattle, WA",msa,WA,2008-01-31,406044.47628826665,,,metro
395078,15,"Seattle, WA",msa,WA,2008-02-29,403728.2817880527,,,metro
395078,15,"Seattle, WA",msa,WA,2008-03-31,401050.4447621796,,,metro
395078,15,"Seattle, WA",msa,WA,2008-04-30,397474.8124539277,,,metro
395078,15,"Seattle, WA",msa,WA,2008-05-31,393446.6176124662,,,metro
395078,15,"Seattle, WA",msa,WA,2008-06-30,388877.4805697834,,,metro
395078,15,"Seattle, WA",msa,WA,2008-07-31,384722.688562124,,,metro
395078,15,"Seattle, WA",msa,WA,2008-08-31,379938.27177091147,,,metro
395078,15,"Seattle, WA",msa,WA,2008-09-30,375118.643093883,,,metro
395078,15,"Seattle, WA",msa,WA,2008-10-31,370477.9760424492,,,metro
395078,15,"Seattle, WA",msa,WA,2008-11-30,366361.69929262873,,,metro
395078,15,"Seattle, WA",msa,WA,2008-12-31,361961.0751292641,,,metro
395078,15,"Seattle, WA",msa,WA,2009-01-31,357844.1755402845,,,metro
395078,15,"Seattle, WA",msa,WA,2009-02-28,353519.9378333919,,,metro
395078,15,"Seattle, WA",msa,WA,2009-03-31,349279.2519203007,,,metro
395078,15,"Seattle, WA",msa,WA,2009-04-30,343850.0534079393,,,metro
395078,15,"Seattle, WA",msa,WA,2009-05-31,338801.21223957505,,,metro
395078,15,"Seattle, WA",msa,WA,2009-06-30,334318.79187619546,,,metro
395078,15,"Seattle, WA",msa,WA,2009-07-31,331347.9277470461,,,metro
395078,15,"Seattle, WA",msa,WA,2009-08-31,328947.7421472195,,,metro
395078,15,"Seattle, WA",msa,WA,2009-09-30,327092.30337814713,,,metro
395078,15,"Seattle, WA",msa,WA,2009-10-31,325857.8662945682,,,metro
395078,15,"Seattle, WA",msa,WA,2009-11-30,325345.0764786629,,,metro
395078,15,"Seattle, WA",msa,WA,2009-12-31,325109.23613637703,,,metro
395078,15,"Seattle, WA",msa,WA,2010-01-31,323753.4886521637,,,metro
395078,15,"Seattle, WA",msa,WA,2010-02-28,322131.16718499525,,,metro
395078,15,"Seattle, WA",msa,WA,2010-03-31,320300.6666262991,,,metro
395078,15,"Seattle, WA",msa,WA,2010-04-30,320018.91416785767,,,metro
395078,15,"Seattle, WA",msa,WA,2010-05-31,320239.29950342845,,,metro
395078,15,"Seattle, WA",msa,WA,2010-06-30,319649.57641008095,,,metro
395078,15,"Seattle, WA",msa,WA,2010-07-31,317526.60755846865,,,metro
395078,15,"Seattle, WA",msa,WA,2010-08-31,314108.01764349244,,,metro
395078,15,"Seattle, WA",msa,WA,2010-09-30,310828.7384680279,,,metro
395078,15,"Seattle, WA",msa,WA,2010-10-31,307096.00249243743,,,metro
395078,15,"Seattle, WA",msa,WA,2010-11-30,303551.6248597412,,,metro
395078,15,"Seattle, WA",msa,WA,2010-12-31,300228.01188655425,,,metro
395078,15,"Seattle, WA",msa,WA,2011-01-31,297694.8309617631,,,metro
395078,15,"Seattle, WA",msa,WA,2011-02-28,295864.5615580112,,,metro
395078,15,"Seattle, WA",msa,WA,2011-03-31,293641.3381093097,,,metro
395078,15,"Seattle, WA",msa,WA,2011-04-30,291222.9679858693,,,metro
395078,15,"Seattle, WA",msa,WA,2011-05-31,287294.4342027257,,,metro
395078,15,"Seattle, WA",msa,WA,2011-06-30,283851.2970729308,,,metro
395078,15,"Seattle, WA",msa,WA,2011-07-31,280336.6155182336,,,metro
395078,15,"Seattle, WA",msa,WA,2011-08-31,277682.7510201764,,,metro
395078,15,"Seattle, WA",msa,WA,2011-09-30,274966.26078120625,,,metro
395078,15,"Seattle, WA",msa,WA,2011-10-31,272414.47704392,,,metro
395078,15,"Seattle, WA",msa,WA,2011-11-30,270227.7587911526,,,metro
395078,15,"Seattle, WA",msa,WA,2011-12-31,268249.85579906515,,,metro
395078,15,"Seattle, WA",msa,WA,2012-01-31,266785.85164730385,,27.24379808406443,metro
395078,15,"Seattle, WA",msa,WA,2012-02-29,264975.8718555838,,26.93585719337131,metro
395078,15,"Seattle, WA",msa,WA,2012-03-31,262796.999210813,,26.79244556295345,metro
395078,15,"Seattle, WA",msa,WA,2012-04-30,260240.43589176683,,26.37128533204855,metro
395078,15,"Seattle, WA",msa,WA,2012-05-31,258175.41008649577,,25.85385144507009,metro
395078,15,"Seattle, WA",msa,WA,2012-06-30,257363.27924241268,,25.43767139941317,metro
395078,15,"Seattle, WA",msa,WA,2012-07-31,257484.4516256292,,25.113470033711522,metro
395078,15,"Seattle, WA",msa,WA,2012-08-31,258453.06436375657,,25.22722630255559,metro
395078,15,"Seattle, WA",msa,WA,2012-09-30,260084.81880353065,,24.965751256447,metro
395078,15,"Seattle, WA",msa,WA,2012-10-31,262316.81389133027,,24.72206583274425,metro
395078,15,"Seattle, WA",msa,WA,2012-11-30,265175.5203804387,,24.734585224657447,metro
395078,15,"Seattle, WA",msa,WA,2012-12-31,268268.1879253133,,24.96282069829235,metro
395078,15,"Seattle, WA",msa,WA,2013-01-31,271864.23796340404,,25.25922045362547,metro
395078,15,"Seattle, WA",msa,WA,2013-02-28,275277.9317025037,,25.80194261225288,metro
395078,15,"Seattle, WA",msa,WA,2013-03-31,278382.3366511488,,26.06905179812053,metro
395078,15,"Seattle, WA",msa,WA,2013-04-30,281097.8159731636,,25.95072969549704,metro
395078,15,"Seattle, WA",msa,WA,2013-05-31,283910.27278143755,,26.324552333572633,metro
395078,15,"Seattle, WA",msa,WA,2013-06-30,286873.19455045304,,27.844832605585918,metro
395078,15,"Seattle, WA",msa,WA,2013-07-31,289806.4635913788,,28.88306955391984,metro
395078,15,"Seattle, WA",msa,WA,2013-08-31,292666.7361887938,,29.39831243714855,metro
395078,15,"Seattle, WA",msa,WA,2013-09-30,295568.63146208174,,29.69437253417468,metro
395078,15,"Seattle, WA",msa,WA,2013-10-31,298528.3699096974,,29.160603634704067,metro
395078,15,"Seattle, WA",msa,WA,2013-11-30,301330.66911586415,,29.488786550579583,metro
395078,15,"Seattle, WA",msa,WA,2013-12-31,304193.3820710168,,30.12569057278005,metro
395078,15,"Seattle, WA",msa,WA,2014-01-31,307027.5467341887,,30.19913811104985,metro
395078,15,"Seattle, WA",msa,WA,2014-02-28,309663.7039966174,,29.97882001533595,metro
395078,15,"Seattle, WA",msa,WA,2014-03-31,311959.0125446434,,30.1454524725219,metro
395078,15,"Seattle, WA",msa,WA,2014-04-30,313892.0896194727,,30.15923164961889,metro
395078,15,"Seattle, WA",msa,WA,2014-05-31,315711.45972038014,,29.80127062609219,metro
395078,15,"Seattle, WA",msa,WA,2014-06-30,316948.2025821761,,29.637125998339382,metro
395078,15,"Seattle, WA",msa,WA,2014-07-31,317781.76323390537,,29.42568623365262,metro
395078,15,"Seattle, WA",msa,WA,2014-08-31,318354.37351148884,,29.24637699587571,metro
395078,15,"Seattle, WA",msa,WA,2014-09-30,319342.9010988231,,29.320117812278152,metro
395078,15,"Seattle, WA",msa,WA,2014-10-31,320670.1083433165,,29.0055359513941,metro
395078,15,"Seattle, WA",msa,WA,2014-11-30,322655.31978786824,,28.96325993398021,metro
395078,15,"Seattle, WA",msa,WA,2014-12-31,325277.3357470689,,28.740615922484402,metro
395078,15,"Seattle, WA",msa,WA,2015-01-31,328739.33873912535,1319.1618506268103,27.527752562441172,metro
395078,15,"Seattle, WA",msa,WA,2015-02-28,332568.1066901612,1327.3836816093683,27.82389861777526,metro
395078,15,"Seattle, WA",msa,WA,2015-03-31,336120.63912525604,1340.3851081421687,28.17908174409622,metro
395078,15,"Seattle, WA",msa,WA,2015-04-30,339050.0908735501,1349.9094164700714,28.09677700051076,metro
395078,15,"Seattle, WA",msa,WA,2015-05-31,341645.0080882637,1365.4659553365034,28.64530662609383,metro
395078,15,"Seattle, WA",msa,WA,2015-06-30,344029.31779438857,1378.839882382744,29.106303052008446,metro
395078,15,"Seattle, WA",msa,WA,2015-07-31,346511.1097280754,1395.5374206457616,29.37516150874907,metro
395078,15,"Seattle, WA",msa,WA,2015-08-31,349193.9540649936,1404.3962960511733,29.13548001260096,metro
395078,15,"Seattle, WA",msa,WA,2015-09-30,352350.6681358611,1408.5732049360963,29.25584505587684,metro
395078,15,"Seattle, WA",msa,WA,2015-10-31,355991.27060333063,1409.5370754640585,29.21004621922625,metro
395078,15,"Seattle, WA",msa,WA,2015-11-30,360116.05909840734,1400.2972573673223,29.815432285710518,metro
395078,15,"Seattle, WA",msa,WA,2015-12-31,364742.0545375608,1400.4844228262198,30.105471568606053,metro
395078,15,"Seattle, WA",msa,WA,2016-01-31,369960.1100825313,1406.1131367658309,29.92850704034698,metro
395078,15,"Seattle, WA",msa,WA,2016-02-29,375033.16067188216,1425.8688468430066,29.62466585025715,metro
395078,15,"Seattle, WA",msa,WA,2016-03-31,379481.8942141975,1436.4135394262842,29.92976720248408,metro
395078,15,"Seattle, WA",msa,WA,2016-04-30,383209.9832580521,1453.1284795676063,29.85235257764704,metro
395078,15,"Seattle, WA",msa,WA,2016-05-31,386480.542483313,1473.6940977184322,29.960779464385368,metro
395078,15,"Seattle, WA",msa,WA,2016-06-30,389445.0068151317,1496.1976272956738,29.96525809377023,metro
395078,15,"Seattle, WA",msa,WA,2016-07-31,391825.4877223079,1511.2897391988076,29.667892259619126,metro
395078,15,"Seattle, WA",msa,WA,2016-08-31,393926.2788110436,1513.869468648007,29.67754782864236,metro
395078,15,"Seattle, WA",msa,WA,2016-09-30,396033.6112098267,1512.56323974512,29.793872160699568,metro
395078,15,"Seattle, WA",msa,WA,2016-10-31,398814.8945940865,1508.772102481097,29.922263342702372,metro
395078,15,"Seattle, WA",msa,WA,2016-11-30,402323.8248627391,1502.9783052212824,30.88489837216522,metro
395078,15,"Seattle, WA",msa,WA,2016-12-31,406813.4894615977,1500.836796871571,32.27679257291279,metro
395078,15,"Seattle, WA",msa,WA,2017-01-31,411791.6586917056,1508.6668699515674,32.87260461276943,metro
395078,15,"Seattle, WA",msa,WA,2017-02-28,417234.3196409165,1527.508653328939,33.19543563866404,metro
395078,15,"Seattle, WA",msa,WA,2017-03-31,422817.59528142936,1553.8903372029947,33.54979094034654,metro
395078,15,"Seattle, WA",msa,WA,2017-04-30,428346.4250342466,1574.2087714191853,33.36841614137355,metro
395078,15,"Seattle, WA",msa,WA,2017-05-31,433212.8927816778,1595.5437511137782,33.472358226675944,metro
395078,15,"Seattle, WA",msa,WA,2017-06-30,437686.7453577714,1612.5396928578332,33.35109902054252,metro
395078,15,"Seattle, WA",msa,WA,2017-07-31,441585.12052076525,1623.9772877813364,33.68486707389267,metro
395078,15,"Seattle, WA",msa,WA,2017-08-31,445318.44110447046,1628.6937667918191,33.55703314026055,metro
395078,15,"Seattle, WA",msa,WA,2017-09-30,448719.4692549794,1624.6942150041689,33.41263063189024,metro
395078,15,"Seattle, WA",msa,WA,2017-10-31,452095.0239281941,1616.173176271277,33.74520556997425,metro
395078,15,"Seattle, WA",msa,WA,2017-11-30,455824.4484999717,1602.4239860068385,33.91477447206922,metro
395078,15,"Seattle, WA",msa,WA,2017-12-31,460485.77209135983,1596.570209986203,34.13337762783592,metro
395078,15,"Seattle, WA",msa,WA,2018-01-31,466045.34811140347,1600.6035830101098,34.262601814078494,metro
395078,15,"Seattle, WA",msa,WA,2018-02-28,472225.9188814669,1612.0124373686474,35.41724493167338,metro
395078,15,"Seattle, WA",msa,WA,2018-03-31,478986.9140655045,1625.8629316236695,36.06978993380946,metro
395078,15,"Seattle, WA",msa,WA,2018-04-30,485427.6716195264,1641.118410179972,36.41131945680114,metro
395078,15,"Seattle, WA",msa,WA,2018-05-31,491438.6471287405,1658.9142818973562,37.028726906984,metro
395078,15,"Seattle, WA",msa,WA,2018-06-30,495311.9946192296,1672.8306353283797,37.08502385593464,metro
395078,15,"Seattle, WA",msa,WA,2018-07-31,498826.25615877024,1680.017168301694,37.0342230700682,metro
395078,15,"Seattle, WA",msa,WA,2018-08-31,500660.675187485,1679.3015714301614,37.08757407803905,metro
395078,15,"Seattle, WA",msa,WA,2018-09-30,501300.8502211172,1672.6341351254143,37.32804544351423,metro
395078,15,"Seattle, WA",msa,WA,2018-10-31,500340.0466763686,1663.1175236529812,37.87509300709922,metro
395078,15,"Seattle, WA",msa,WA,2018-11-30,499127.344388917,1658.017132062348,37.84187479657146,metro
395078,15,"Seattle, WA",msa,WA,2018-12-31,498009.2393951428,1658.291400294259,36.841242422430845,metro
395078,15,"Seattle, WA",msa,WA,2019-01-31,497001.4486343518,1664.799241089363,36.19094433885621,metro
395078,15,"Seattle, WA",msa,WA,2019-02-28,496707.1627788849,1675.183763843952,35.69894646087722,metro
395078,15,"Seattle, WA",msa,WA,2019-03-31,497797.3307575099,1688.770114503357,35.32935649362156,metro
395078,15,"Seattle, WA",msa,WA,2019-04-30,499253.72144822095,1705.4233650517608,34.939007445091505,metro
395078,15,"Seattle, WA",msa,WA,2019-05-31,500361.7677340895,1719.3329357804157,34.686280660756665,metro
395078,15,"Seattle, WA",msa,WA,2019-06-30,500938.4279856497,1733.850694627086,33.804127104764234,metro
395078,15,"Seattle, WA",msa,WA,2019-07-31,501098.0087035547,1743.5841454708889,33.59140747886746,metro
395078,15,"Seattle, WA",msa,WA,2019-08-31,501293.37230391306,1749.695633010453,33.06128782154497,metro
395078,15,"Seattle, WA",msa,WA,2019-09-30,501377.8294988218,1744.9277703851117,32.99615998292578,metro
395078,15,"Seattle, WA",msa,WA,2019-10-31,502513.9560500966,1737.1369762184167,33.28262508454962,metro
395078,15,"Seattle, WA",msa,WA,2019-11-30,504682.0820994436,1730.975796462639,33.41113385981274,metro
395078,15,"Seattle, WA",msa,WA,2019-12-31,507941.8449760778,1734.9814655368073,33.65483975068131,metro
395078,15,"Seattle, WA",msa,WA,2020-01-31,511639.7709601086,1746.4525821218754,33.0429051148244,metro
395078,15,"Seattle, WA",msa,WA,2020-02-29,516128.285025214,1760.38219382496,32.76487582666845,metro
395078,15,"Seattle, WA",msa,WA,2020-03-31,521442.6609868848,1777.8111131880005,32.67873965893527,metro
395078,15,"Seattle, WA",msa,WA,2020-04-30,527108.940234237,1777.968487203629,32.18606454849516,metro
395078,15,"Seattle, WA",msa,WA,2020-05-31,530379.6519219005,1775.0461232741636,31.798712268658157,metro
395078,15,"Seattle, WA",msa,WA,2020-06-30,531666.118289261,1766.6419720108602,31.499517445348328,metro
395078,15,"Seattle, WA",msa,WA,2020-07-31,532393.72616072,1769.210304231625,30.99298331189767,metro
395078,15,"Seattle, WA",msa,WA,2020-08-31,535746.2736888317,1767.2469504980172,30.85286500741169,metro
395078,15,"Seattle, WA",msa,WA,2020-09-30,542556.7355472913,1751.814774898337,31.14815340249032,metro
395078,15,"Seattle, WA",msa,WA,2020-10-31,551335.6009751469,1725.8628159310167,31.54065112994266,metro
395078,15,"Seattle, WA",msa,WA,2020-11-30,561348.5233004038,1695.7766045005624,31.924981490035332,metro
395078,15,"Seattle, WA",msa,WA,2020-12-31,570696.1977053342,1673.6421893416905,32.02120214731039,metro
395078,15,"Seattle, WA",msa,WA,2021-01-31,579669.6249241625,1674.0405430442215,32.09416427059598,metro
395078,15,"Seattle, WA",msa,WA,2021-02-28,589045.750958609,1685.9619230423418,32.64135776238826,metro
395078,15,"Seattle, WA",msa,WA,2021-03-31,600053.7645302074,1712.3809159425566,34.05093074538454,metro
395078,15,"Seattle, WA",msa,WA,2021-04-30,613263.9088070532,1739.856086892204,34.70025898168751,metro
395078,15,"Seattle, WA",msa,WA,2021-05-31,627438.9533847886,1777.978469060458,35.11270202343641,metro
395078,15,"Seattle, WA",msa,WA,2021-06-30,640458.2564725912,1821.6927572164293,35.56938485997604,metro
395078,15,"Seattle, WA",msa,WA,2021-07-31,649812.8027492875,1866.7981098108855,35.38676804185685,metro
395078,15,"Seattle, WA",msa,WA,2021-08-31,654258.2699457997,1905.8669814465784,35.25846655033122,metro
395078,15,"Seattle, WA",msa,WA,2021-09-30,655775.1165142029,1927.774236467354,35.55823769414071,metro
395078,15,"Seattle, WA",msa,WA,2021-10-31,657239.203283079,1932.0404948432515,36.273547126561326,metro
395078,15,"Seattle, WA",msa,WA,2021-11-30,661135.07408969,1927.3644752252624,36.52069637240315,metro
395078,15,"Seattle, WA",msa,WA,2021-12-31,668028.9115003323,1924.568300234756,36.769301948169854,metro
395078,15,"Seattle, WA",msa,WA,2022-01-31,680979.9810868525,1929.8158837233016,38.19862479641636,metro
395078,15,"Seattle, WA",msa,WA,2022-02-28,699003.5151906396,1946.4575886712196,40.05469734489195,metro
395078,15,"Seattle, WA",msa,WA,2022-03-31,721473.5745020813,1969.8485205869547,42.5644424381011,metro
395078,15,"Seattle, WA",msa,WA,2022-04-30,742375.8853710685,1995.882774233948,46.70597984349026,metro
395078,15,"Seattle, WA",msa,WA,2022-05-31,757458.5563549787,2024.8493723349245,48.339743439058466,metro
395078,15,"Seattle, WA",msa,WA,2022-06-30,762815.5951887849,2055.865928048356,49.67644402977291,metro
395078,15,"Seattle, WA",msa,WA,2022-07-31,756964.1120467713,2082.1635844296898,48.61548685764199,metro
395078,15,"Seattle, WA",msa,WA,2022-08-31,743727.7316144699,2089.946432929185,46.822310961171446,metro
395078,15,"Seattle, WA",msa,WA,2022-09-30,728246.5475163449,2080.826350031958,49.52311755592202,metro
395078,15,"Seattle, WA",msa,WA,2022-10-31,717088.6469287634,2058.6709690566813,52.12214529250785,metro
395078,15,"Seattle, WA",msa,WA,2022-11-30,710366.027989966,2031.3984715402023,51.24655292704995,metro
395078,15,"Seattle, WA",msa,WA,2022-12-31,706052.6142272162,2011.531542396201,48.96538686430686,metro
395078,15,"Seattle, WA",msa,WA,2023-01-31,700247.488357758,2005.818806108481,48.44867993569119,metro
395078,15,"Seattle, WA",msa,WA,2023-02-28,694747.2541703022,2015.522776980138,47.86500533785676,metro
395078,15,"Seattle, WA",msa,WA,2023-03-31,690171.311342523,2036.61267785822,48.593834283252356,metro
395078,15,"Seattle, WA",msa,WA,2023-04-30,688410.0803395044,2048.961667065487,47.57432013489752,metro
395078,15,"Seattle, WA",msa,WA,2023-05-31,688759.9126120302,2064.8386654611363,47.82290706416106,metro
395078,15,"Seattle, WA",msa,WA,2023-06-30,691435.2146668496,2074.086789044597,49.04530654303859,metro
395078,15,"Seattle, WA",msa,WA,2023-07-31,695631.2921035994,2087.9803930492503,49.7294116682943,metro
395078,15,"Seattle, WA",msa,WA,2023-08-31,700642.5251321407,2094.015791838514,50.91653896862746,metro
395078,15,"Seattle, WA",msa,WA,2023-09-30,705097.6345695009,2089.450484607303,51.70215337355057,metro
395078,15,"Seattle, WA",msa,WA,2023-10-31,708649.4092810209,2077.3124543630006,53.664745904105594,metro
395078,15,"Seattle, WA",msa,WA,2023-11-30,710940.6024435317,2060.0605883137555,53.030065084021615,metro
395078,15,"Seattle, WA",msa,WA,2023-12-31,712392.031386783,2053.1414024367023,50.47511422165761,metro
395078,15,"Seattle, WA",msa,WA,2024-01-31,713539.7633870211,2059.114621213017,49.79440462288318,metro
395078,15,"Seattle, WA",msa,WA,2024-02-29,715758.3331880387,2074.81630487645,50.43776752085608,metro
395078,15,"Seattle, WA",msa,WA,2024-03-31,720357.1214894038,2092.686019738775,50.839615975682925,metro
395078,15,"Seattle, WA",msa,WA,2024-04-30,726314.3583221604,2110.334299163327,51.87994032659974,metro
395078,15,"Seattle, WA",msa,WA,2024-05-31,731462.7876835148,2130.0291301294487,52.415589229151024,metro
395078,15,"Seattle, WA",msa,WA,2024-06-30,733707.678513973,2145.6021707017453,51.89844303778959,metro
395078,15,"Seattle, WA",msa,WA,2024-07-31,734627.4287393944,2157.092640880433,51.605014879233735,metro
395078,15,"Seattle, WA",msa,WA,2024-08-31,735491.743411546,2157.32118037317,50.14123516831297,metro
395078,15,"Seattle, WA",msa,WA,2024-09-30,738079.7275024137,2150.649583568873,48.94195180585948,metro
395078,15,"Seattle, WA",msa,WA,2024-10-31,741641.9049534178,2138.443307523849,50.0495096980089,metro
395078,15,"Seattle, WA",msa,WA,2024-11-30,745515.8872878387,2128.743884265272,51.73282959343016,metro
395078,15,"Seattle, WA",msa,WA,2024-12-31,749025.8847797504,2122.777113901976,51.44843600736277,metro
395078,15,"Seattle, WA",msa,WA,2025-01-31,751532.9939057251,2128.4904212885285,52.52609421584774,metro
395078,15,"Seattle, WA",msa,WA,2025-02-28,752627.3431194965,2142.140353599542,51.99410936826714,metro
395078,15,"Seattle, WA",msa,WA,2025-03-31,750627.5439692059,2158.3352337045253,50.88644174807631,metro
395078,15,"Seattle, WA",msa,WA,2025-04-30,746507.7110258894,2172.6379353458537,50.73473424310805,metro
395078,15,"Seattle, WA",msa,WA,2025-05-31,740813.2374526323,2186.5850584451364,50.552484530076704,metro
395078,15,"Seattle, WA",msa,WA,2025-06-30,736101.9093990017,2204.0407723516223,50.114531714628754,metro
395078,15,"Seattle, WA",msa,WA,2025-07-31,732635.365976024,2212.8566793706827,49.37453297684094,metro
395078,15,"Seattle, WA",msa,WA,2025-08-31,731311.5575203542,2212.8172230900423,48.63842945272565,metro
395078,15,"Seattle, WA",msa,WA,2025-09-30,732028.6544038624,2205.994276091178,47.71109562118359,metro
395078,15,"Seattle, WA",msa,WA,2025-10-31,734447.8917838237,2197.147503632684,47.36247525994138,metro
395078,15,"Seattle, WA",msa,WA,2025-11-30,737227.4380750261,2187.443918361548,47.35740098509856,metro
395078,15,"Seattle, WA",msa,WA,2025-12-31,739315.9235554995,2177.509928071521,47.18816606255954,metro
395078,15,"Seattle, WA",msa,WA,2026-01-31,740555.0756304413,2176.156315988397,46.80993489784605,metro
395078,15,"Seattle, WA",msa,WA,2026-02-28,740211.4117682915,2181.272552770515,46.46382575758141,metro
102001,0,United States,country,nan,2000-01-31,121066.15295578956,,,us
102001,0,United States,country,nan,2000-02-29,121279.1471298531,,,us
102001,0,United States,country,nan,2000-03-31,121543.29126695836,,,us
102001,0,United States,country,nan,2000-04-30,122109.82859259364,,,us
102001,0,United States,country,nan,2000-05-31,122761.84513133438,,,us
102001,0,United States,country,nan,2000-06-30,123460.89473834318,,,us
102001,0,United States,country,nan,2000-07-31,124201.32519475046,,,us
102001,0,United States,country,nan,2000-08-31,125000.5478153104,,,us
102001,0,United States,country,nan,2000-09-30,125831.8812294922,,,us
102001,0,United States,country,nan,2000-10-31,126666.38096424974,,,us
102001,0,United States,country,nan,2000-11-30,127496.88451750822,,,us
102001,0,United States,country,nan,2000-12-31,128328.50983784768,,,us
102001,0,United States,country,nan,2001-01-31,129091.89424884936,,,us
102001,0,United States,country,nan,2001-02-28,129767.95543144915,,,us
102001,0,United States,country,nan,2001-03-31,130420.02714841157,,,us
102001,0,United States,country,nan,2001-04-30,131125.06165945876,,,us
102001,0,United States,country,nan,2001-05-31,131885.90162396643,,,us
102001,0,United States,country,nan,2001-06-30,132666.50707988735,,,us
102001,0,United States,country,nan,2001-07-31,133469.72151811412,,,us
102001,0,United States,country,nan,2001-08-31,134308.84035179383,,,us
102001,0,United States,country,nan,2001-09-30,135155.4447350282,,,us
102001,0,United States,country,nan,2001-10-31,135998.41138287773,,,us
102001,0,United States,country,nan,2001-11-30,136784.0997723129,,,us
102001,0,United States,country,nan,2001-12-31,137520.69822137686,,,us
102001,0,United States,country,nan,2002-01-31,138172.15224222906,,,us
102001,0,United States,country,nan,2002-02-28,138795.25450970995,,,us
102001,0,United States,country,nan,2002-03-31,139430.47925674243,,,us
102001,0,United States,country,nan,2002-04-30,140121.57912998463,,,us
102001,0,United States,country,nan,2002-05-31,140884.9120424009,,,us
102001,0,United States,country,nan,2002-06-30,141711.75332664017,,,us
102001,0,United States,country,nan,2002-07-31,142618.21558707123,,,us
102001,0,United States,country,nan,2002-08-31,143586.01732106882,,,us
102001,0,United States,country,nan,2002-09-30,144566.69092003917,,,us
102001,0,United States,country,nan,2002-10-31,145545.88218463477,,,us
102001,0,United States,country,nan,2002-11-30,146478.49392561323,,,us
102001,0,United States,country,nan,2002-12-31,147386.41889236504,,,us
102001,0,United States,country,nan,2003-01-31,148208.04519401933,,,us
102001,0,United States,country,nan,2003-02-28,148994.22440231268,,,us
102001,0,United States,country,nan,2003-03-31,149779.9779386265,,,us
102001,0,United States,country,nan,2003-04-30,150635.4134239056,,,us
102001,0,United States,country,nan,2003-05-31,151576.61188862086,,,us
102001,0,United States,country,nan,2003-06-30,152553.0173407366,,,us
102001,0,United States,country,nan,2003-07-31,153580.54293893304,,,us
102001,0,United States,country,nan,2003-08-31,154671.8746670611,,,us
102001,0,United States,country,nan,2003-09-30,155826.6647243733,,,us
102001,0,United States,country,nan,2003-10-31,156991.96724861744,,,us
102001,0,United States,country,nan,2003-11-30,158075.57186307118,,,us
102001,0,United States,country,nan,2003-12-31,159094.5287847348,,,us
102001,0,United States,country,nan,2004-01-31,160067.38036639904,,,us
102001,0,United States,country,nan,2004-02-29,161106.69801778338,,,us
102001,0,United States,country,nan,2004-03-31,162253.3299318983,,,us
102001,0,United States,country,nan,2004-04-30,163535.16802118238,,,us
102001,0,United States,country,nan,2004-05-31,164978.5766895787,,,us
102001,0,United States,country,nan,2004-06-30,166550.50681730476,,,us
102001,0,United States,country,nan,2004-07-31,168244.40847400294,,,us
102001,0,United States,country,nan,2004-08-31,169962.67975773427,,,us
102001,0,United States,country,nan,2004-09-30,171659.1923667393,,,us
102001,0,United States,country,nan,2004-10-31,173284.93550325793,,,us
102001,0,United States,country,nan,2004-11-30,174810.81565014474,,,us
102001,0,United States,country,nan,2004-12-31,176314.10750632433,,,us
102001,0,United States,country,nan,2005-01-31,177768.65269836783,,,us
102001,0,United States,country,nan,2005-02-28,179252.6754748654,,,us
102001,0,United States,country,nan,2005-03-31,180783.54809636148,,,us
102001,0,United States,country,nan,2005-04-30,182508.1371234509,,,us
102001,0,United States,country,nan,2005-05-31,184340.1546662605,,,us
102001,0,United States,country,nan,2005-06-30,186259.02317980348,,,us
102001,0,United States,country,nan,2005-07-31,188192.1930907868,,,us
102001,0,United States,country,nan,2005-08-31,190147.59251085809,,,us
102001,0,United States,country,nan,2005-09-30,192070.55220828205,,,us
102001,0,United States,country,nan,2005-10-31,193891.86278783015,,,us
102001,0,United States,country,nan,2005-11-30,195554.5273398925,,,us
102001,0,United States,country,nan,2005-12-31,197056.83261361948,,,us
102001,0,United States,country,nan,2006-01-31,198343.31791291884,,,us
102001,0,United States,country,nan,2006-02-28,199538.07919655583,,,us
102001,0,United States,country,nan,2006-03-31,200741.44896580145,,,us
102001,0,United States,country,nan,2006-04-30,202034.4391690344,,,us
102001,0,United States,country,nan,2006-05-31,203310.62055527457,,,us
102001,0,United States,country,nan,2006-06-30,204436.20147267697,,,us
102001,0,United States,country,nan,2006-07-31,205318.0839168564,,,us
102001,0,United States,country,nan,2006-08-31,205996.55558036,,,us
102001,0,United States,country,nan,2006-09-30,206440.8075952629,,,us
102001,0,United States,country,nan,2006-10-31,206754.5361712715,,,us
102001,0,United States,country,nan,2006-11-30,206918.95231989227,,,us
102001,0,United States,country,nan,2006-12-31,207018.1649203711,,,us
102001,0,United States,country,nan,2007-01-31,207054.841847898,,,us
102001,0,United States,country,nan,2007-02-28,207093.88424618333,,,us
102001,0,United States,country,nan,2007-03-31,207122.054677134,,,us
102001,0,United States,country,nan,2007-04-30,207150.73712145528,,,us
102001,0,United States,country,nan,2007-05-31,207059.33292236028,,,us
102001,0,United States,country,nan,2007-06-30,206796.71329037184,,,us
102001,0,United States,country,nan,2007-07-31,206308.85380160468,,,us
102001,0,United States,country,nan,2007-08-31,205732.6516053285,,,us
102001,0,United States,country,nan,2007-09-30,205044.44979596816,,,us
102001,0,United States,country,nan,2007-10-31,204305.26014566876,,,us
102001,0,United States,country,nan,2007-11-30,203417.8907980915,,,us
102001,0,United States,country,nan,2007-12-31,202481.5767411604,,,us
102001,0,United States,country,nan,2008-01-31,201407.29590816304,,,us
102001,0,United States,country,nan,2008-02-29,200223.9823257197,,,us
102001,0,United States,country,nan,2008-03-31,198893.58917128705,,,us
102001,0,United States,country,nan,2008-04-30,197457.4291544741,,,us
102001,0,United States,country,nan,2008-05-31,195963.8294221519,,,us
102001,0,United States,country,nan,2008-06-30,194392.88707070472,,,us
102001,0,United States,country,nan,2008-07-31,192721.14907654547,,,us
102001,0,United States,country,nan,2008-08-31,190867.2781815524,,,us
102001,0,United States,country,nan,2008-09-30,188991.4445951242,,,us
102001,0,United States,country,nan,2008-10-31,187160.4686762168,,,us
102001,0,United States,country,nan,2008-11-30,185368.7744491587,,,us
102001,0,United States,country,nan,2008-12-31,183593.0558871372,,,us
102001,0,United States,country,nan,2009-01-31,181860.66592436636,,,us
102001,0,United States,country,nan,2009-02-28,180383.50314463503,,,us
102001,0,United States,country,nan,2009-03-31,179028.78382371305,,,us
102001,0,United States,country,nan,2009-04-30,177752.06930438228,,,us
102001,0,United States,country,nan,2009-05-31,176461.1692269455,,,us
102001,0,United States,country,nan,2009-06-30,175245.1800472934,,,us
102001,0,United States,country,nan,2009-07-31,174143.88152449325,,,us
102001,0,United States,country,nan,2009-08-31,173125.1678561518,,,us
102001,0,United States,country,nan,2009-09-30,172189.1807409211,,,us
102001,0,United States,country,nan,2009-10-31,171424.45498750723,,,us
102001,0,United States,country,nan,2009-11-30,170992.78368409444,,,us
102001,0,United States,country,nan,2009-12-31,170799.2725412645,,,us
102001,0,United States,country,nan,2010-01-31,170736.2307284621,,,us
102001,0,United States,country,nan,2010-02-28,170667.2041938754,,,us
102001,0,United States,country,nan,2010-03-31,170663.7613862838,,,us
102001,0,United States,country,nan,2010-04-30,170766.359480642,,,us
102001,0,United States,country,nan,2010-05-31,170825.7013298855,,,us
102001,0,United States,country,nan,2010-06-30,170684.81843084728,,,us
102001,0,United States,country,nan,2010-07-31,170151.6334747437,,,us
102001,0,United States,country,nan,2010-08-31,169363.91832431915,,,us
102001,0,United States,country,nan,2010-09-30,168387.43509661837,,,us
102001,0,United States,country,nan,2010-10-31,167377.9908071649,,,us
102001,0,United States,country,nan,2010-11-30,166353.2025515881,,,us
102001,0,United States,country,nan,2010-12-31,165399.5082230975,,,us
102001,0,United States,country,nan,2011-01-31,164516.27178727073,,,us
102001,0,United States,country,nan,2011-02-28,163698.09007484623,,,us
102001,0,United States,country,nan,2011-03-31,162918.96429249883,,,us
102001,0,United States,country,nan,2011-04-30,162104.05816578714,,,us
102001,0,United States,country,nan,2011-05-31,161245.56598900096,,,us
102001,0,United States,country,nan,2011-06-30,160404.42367796498,,,us
102001,0,United States,country,nan,2011-07-31,159695.20442654705,,,us
102001,0,United States,country,nan,2011-08-31,159099.29751360865,,,us
102001,0,United States,country,nan,2011-09-30,158587.92425487185,,,us
102001,0,United States,country,nan,2011-10-31,158084.88190190223,,,us
102001,0,United States,country,nan,2011-11-30,157657.17384849465,,,us
102001,0,United States,country,nan,2011-12-31,157285.61316530113,,,us
102001,0,United States,country,nan,2012-01-31,157059.00802169196,,21.726545506679,us
102001,0,United States,country,nan,2012-02-29,157040.6328612508,,21.644844394677552,us
102001,0,United States,country,nan,2012-03-31,157249.3515042259,,21.74785709212574,us
102001,0,United States,country,nan,2012-04-30,157605.57857515392,,21.68602223953117,us
102001,0,United States,country,nan,2012-05-31,158041.82408640257,,21.52084784202266,us
102001,0,United States,country,nan,2012-06-30,158564.08784530917,,21.358620873755978,us
102001,0,United States,country,nan,2012-07-31,159134.0363592788,,21.20207993154218,us
102001,0,United States,country,nan,2012-08-31,159622.6722843542,,21.31811880822434,us
102001,0,United States,country,nan,2012-09-30,160180.7817164008,,21.101851869904028,us
102001,0,United States,country,nan,2012-10-31,160783.93194671956,,20.86356098743536,us
102001,0,United States,country,nan,2012-11-30,161504.47966490246,,20.7977693210203,us
102001,0,United States,country,nan,2012-12-31,162258.36708384866,,20.884004422778908,us
102001,0,United States,country,nan,2013-01-31,163123.19413019367,,20.76954463661493,us
102001,0,United States,country,nan,2013-02-28,164052.24197467972,,21.09357841708595,us
102001,0,United States,country,nan,2013-03-31,165021.79347552534,,21.21707819714017,us
102001,0,United States,country,nan,2013-04-30,166076.91862463995,,21.07957044501411,us
102001,0,United States,country,nan,2013-05-31,167310.1752085224,,21.33704280133881,us
102001,0,United States,country,nan,2013-06-30,168680.0419459625,,22.49257036882372,us
102001,0,United States,country,nan,2013-07-31,169922.19048703273,,23.27207654723188,us
102001,0,United States,country,nan,2013-08-31,171132.95869797806,,23.65579690043333,us
102001,0,United States,country,nan,2013-09-30,172238.34726127947,,23.83512800230129,us
102001,0,United States,country,nan,2013-10-31,173464.22067050333,,23.39120461866799,us
102001,0,United States,country,nan,2013-11-30,174467.46877228215,,23.59310201680114,us
102001,0,United States,country,nan,2013-12-31,175385.87246833276,,24.04599548398989,us
102001,0,United States,country,nan,2014-01-31,176187.27308643097,,23.80512296882007,us
102001,0,United States,country,nan,2014-02-28,177042.41164369462,,23.618397660340477,us
102001,0,United States,country,nan,2014-03-31,177905.54883221255,,23.73087023143683,us
102001,0,United States,country,nan,2014-04-30,178771.9647713354,,23.75221700890075,us
102001,0,United States,country,nan,2014-05-31,179761.5167009999,,23.51971380667524,us
102001,0,United States,country,nan,2014-06-30,180638.76114835212,,23.48157778768743,us
102001,0,United States,country,nan,2014-07-31,181500.38994393483,,23.43045149261038,us
102001,0,United States,country,nan,2014-08-31,182160.10478819476,,23.386322590613958,us
102001,0,United States,country,nan,2014-09-30,182778.36369246372,,23.47406600714853,us
102001,0,United States,country,nan,2014-10-31,183186.0528584984,,23.213306124655787,us
102001,0,United States,country,nan,2014-11-30,183718.29811492548,,23.13254573872133,us
102001,0,United States,country,nan,2014-12-31,184369.2393332232,,22.88823185487002,us
102001,0,United States,country,nan,2015-01-31,185170.6963556753,1133.2810880303464,22.34045913864269,us
102001,0,United States,country,nan,2015-02-28,185968.4419040658,1139.490875397609,22.43660612939887,us
102001,0,United States,country,nan,2015-03-31,186778.95515891784,1148.0426207833284,22.581654121684462,us
102001,0,United States,country,nan,2015-04-30,187665.1861100352,1156.7380070405172,22.443760303583222,us
102001,0,United States,country,nan,2015-05-31,188642.8427590312,1165.3293823765475,22.80609063411249,us
102001,0,United States,country,nan,2015-06-30,189581.7560426764,1172.818097587982,23.11647532339963,us
102001,0,United States,country,nan,2015-07-31,190551.92830422707,1178.3385486916131,23.28285958372687,us
102001,0,United States,country,nan,2015-08-31,191569.4962274396,1181.824803378401,23.06622634015135,us
102001,0,United States,country,nan,2015-09-30,192694.6899940281,1183.65906450043,23.09612966076425,us
102001,0,United States,country,nan,2015-10-31,193877.2396866297,1184.040368494707,22.98231162382588,us
102001,0,United States,country,nan,2015-11-30,194939.42382386292,1184.43521482833,23.310830944484177,us
102001,0,United States,country,nan,2015-12-31,195996.37529167265,1184.857519401269,23.41223294708617,us
102001,0,United States,country,nan,2016-01-31,197135.44585142183,1187.8095288389989,23.20641460679791,us
102001,0,United States,country,nan,2016-02-29,198269.19534738176,1192.4682313823068,22.87389287879624,us
102001,0,United States,country,nan,2016-03-31,199112.7884941961,1198.3090972492705,22.98575035225259,us
102001,0,United States,country,nan,2016-04-30,199884.09643919868,1206.01303657405,22.857934473108628,us
102001,0,United States,country,nan,2016-05-31,200659.16818774244,1213.952572464172,22.88626498568013,us
102001,0,United States,country,nan,2016-06-30,201603.27828021624,1221.934021787303,22.86469242670191,us
102001,0,United States,country,nan,2016-07-31,202321.7758287553,1226.3021661784098,22.63605725659168,us
102001,0,United States,country,nan,2016-08-31,202997.29450536775,1228.3274423877178,22.63041864126667,us
102001,0,United States,country,nan,2016-09-30,203738.21439180695,1228.068252640133,22.67455149942182,us
102001,0,United States,country,nan,2016-10-31,204671.82288678447,1226.7610145769352,22.70773088754012,us
102001,0,United States,country,nan,2016-11-30,205705.4971489924,1225.579189027792,23.29868843011674,us
102001,0,United States,country,nan,2016-12-31,206797.08754991496,1224.9386443451806,24.13517420980282,us
102001,0,United States,country,nan,2017-01-31,207890.09769210743,1229.3119629243906,24.04973417871246,us
102001,0,United States,country,nan,2017-02-28,209034.07153916068,1236.7882641000838,24.09092424699885,us
102001,0,United States,country,nan,2017-03-31,210211.92082160036,1247.9080247251006,24.14472440768561,us
102001,0,United States,country,nan,2017-04-30,211491.7117291956,1257.3748318455584,23.84974286953795,us
102001,0,United States,country,nan,2017-05-31,212630.65237840588,1266.362893558595,23.77618204654275,us
102001,0,United States,country,nan,2017-06-30,213698.0212855419,1273.2510908319905,23.60076183636604,us
102001,0,United States,country,nan,2017-07-31,214608.06400795936,1277.816036414153,23.74802459643759,us
102001,0,United States,country,nan,2017-08-31,215540.6800721489,1279.246928845557,23.61174204098501,us
102001,0,United States,country,nan,2017-09-30,216511.66573825627,1279.464287486242,23.55067370920392,us
102001,0,United States,country,nan,2017-10-31,217619.7682106972,1277.875214325343,23.83223919347104,us
102001,0,United States,country,nan,2017-11-30,218813.99336402773,1277.736150700412,23.99851663356474,us
102001,0,United States,country,nan,2017-12-31,220063.7712178553,1278.5601027443008,24.1623646960768,us
102001,0,United States,country,nan,2018-01-31,221300.18676303027,1283.2518916378317,24.295413374915658,us
102001,0,United States,country,nan,2018-02-28,222500.75753846587,1290.4132562100438,25.00466696179624,us
102001,0,United States,country,nan,2018-03-31,223889.5326656653,1299.6311195911576,25.374534861432966,us
102001,0,United States,country,nan,2018-04-30,225154.06597043647,1308.8326592442536,25.546460980174718,us
102001,0,United States,country,nan,2018-05-31,226382.47142954112,1316.7071730528246,25.905368871484143,us
102001,0,United States,country,nan,2018-06-30,227273.8524864117,1323.898172352639,25.88492194291528,us
102001,0,United States,country,nan,2018-07-31,228402.99577010548,1328.9543786836305,25.82190396439804,us
102001,0,United States,country,nan,2018-08-31,229485.81245895,1331.8626702034578,25.877397214004798,us
102001,0,United States,country,nan,2018-09-30,230581.5915149337,1331.0250125695231,25.989215333881,us
102001,0,United States,country,nan,2018-10-31,231335.0805722735,1330.3716154095396,26.32293809600884,us
102001,0,United States,country,nan,2018-11-30,232092.37937413852,1330.9795573064791,26.301936013263226,us
102001,0,United States,country,nan,2018-12-31,232901.7021266856,1333.074861107386,25.722403673892902,us
102001,0,United States,country,nan,2019-01-31,233877.94348856903,1336.985395004006,25.17197276157747,us
102001,0,United States,country,nan,2019-02-28,235010.9635696288,1342.7415065860032,24.92448158971693,us
102001,0,United States,country,nan,2019-03-31,236208.2040286848,1352.6461822702468,24.66459754384681,us
102001,0,United States,country,nan,2019-04-30,237276.0220996651,1362.4954505026826,24.3546248204929,us
102001,0,United States,country,nan,2019-05-31,238072.11122144156,1372.1077997513448,24.13969457380197,us
102001,0,United States,country,nan,2019-06-30,238771.68395648105,1379.7576609916882,23.59297458704566,us
102001,0,United States,country,nan,2019-07-31,239415.77355178265,1385.1860721465414,23.51833198032358,us
102001,0,United States,country,nan,2019-08-31,240123.71065195,1387.8781917528192,23.24724700326774,us
102001,0,United States,country,nan,2019-09-30,240747.2714636284,1387.3826686601471,23.318509872044,us
102001,0,United States,country,nan,2019-10-31,241615.79840561445,1385.875422973803,23.60962004917937,us
102001,0,United States,country,nan,2019-11-30,242797.79862984305,1384.7614716612768,23.78210043829084,us
102001,0,United States,country,nan,2019-12-31,244187.6775355503,1385.916471161285,24.022132939014202,us
102001,0,United States,country,nan,2020-01-31,245718.0808772049,1390.7619618114434,23.87840419527811,us
102001,0,United States,country,nan,2020-02-29,247213.6989072784,1398.5854075688922,23.7202809592125,us
102001,0,United States,country,nan,2020-03-31,248769.6047981819,1406.887825814112,23.633660557573418,us
102001,0,United States,country,nan,2020-04-30,250101.8514459853,1408.1990855924523,23.23463869140624,us
102001,0,United States,country,nan,2020-05-31,250851.7500407672,1408.0915139649803,22.95345435113883,us
102001,0,United States,country,nan,2020-06-30,251273.9154033365,1409.0072340041374,22.77833292811555,us
102001,0,United States,country,nan,2020-07-31,251951.0558728325,1414.2589625609817,22.49681465205558,us
102001,0,United States,country,nan,2020-08-31,253573.79207538877,1415.6865826240046,22.43176867717189,us
102001,0,United States,country,nan,2020-09-30,256360.845065492,1413.222011703711,22.617097434186288,us
102001,0,United States,country,nan,2020-10-31,259765.23670598763,1410.3360362726098,22.843626932903792,us
102001,0,United States,country,nan,2020-11-30,263615.4808572172,1408.8091838470384,23.04987159792657,us
102001,0,United States,country,nan,2020-12-31,267368.0174047568,1410.7870620327194,23.04549364239303,us
102001,0,United States,country,nan,2021-01-31,270977.0934026611,1418.663120901203,22.88942585122709,us
102001,0,United States,country,nan,2021-02-28,274666.3310796129,1430.595233146434,23.19135779828223,us
102001,0,United States,country,nan,2021-03-31,278517.195320678,1445.6626823438169,24.1022343213991,us
102001,0,United States,country,nan,2021-04-30,282728.80837922683,1463.6964606075362,24.468563472044018,us
102001,0,United States,country,nan,2021-05-31,287400.997600479,1487.6808277319185,24.66702341489021,us
102001,0,United States,country,nan,2021-06-30,292425.8119782151,1515.971069998265,24.87822100419735,us
102001,0,United States,country,nan,2021-07-31,296936.1437455924,1545.4932100347469,24.74616409581302,us
102001,0,United States,country,nan,2021-08-31,300141.389672314,1572.9301220042155,24.72844621538064,us
102001,0,United States,country,nan,2021-09-30,302097.67277392256,1595.155232328141,25.01541884214195,us
102001,0,United States,country,nan,2021-10-31,304015.0652939859,1609.0360541663415,25.58246688767458,us
102001,0,United States,country,nan,2021-11-30,306614.4212016247,1618.1954926097883,25.795918592752198,us
102001,0,United States,country,nan,2021-12-31,309817.95330561785,1627.142554355259,25.90342056502465,us
102001,0,United States,country,nan,2022-01-31,314225.276816765,1637.5073454134963,26.544305721555872,us
102001,0,United States,country,nan,2022-02-28,319503.9132964393,1651.9181674766846,27.46823063567167,us
102001,0,United States,country,nan,2022-03-31,325710.2096905773,1666.9318948532266,28.71300881624267,us
102001,0,United States,country,nan,2022-04-30,331913.092098735,1686.465091228687,31.03197280517608,us
102001,0,United States,country,nan,2022-05-31,337456.0024763103,1706.4143170816849,31.89634985580533,us
102001,0,United States,country,nan,2022-06-30,342089.231454798,1727.005987496007,32.89975559465315,us
102001,0,United States,country,nan,2022-07-31,344524.07199624844,1744.0253263862,32.634920517317504,us
102001,0,United States,country,nan,2022-08-31,344894.6976634299,1753.615219277326,32.00285249544847,us
102001,0,United States,country,nan,2022-09-30,343629.28483492875,1755.60545400771,34.31514877788471,us
102001,0,United States,country,nan,2022-10-31,342412.4605889415,1751.0658794834242,36.43854739777639,us
102001,0,United States,country,nan,2022-11-30,341413.38529711403,1745.1931689422076,36.054233819348944,us
102001,0,United States,country,nan,2022-12-31,340505.9900617104,1742.430488254841,34.6560125451158,us
102001,0,United States,country,nan,2023-01-31,339316.8262439996,1744.3462748009483,34.319697066028034,us
102001,0,United States,country,nan,2023-02-28,338447.7516290096,1750.8559218029104,34.13682450565897,us
102001,0,United States,country,nan,2023-03-31,338386.3255675688,1763.282005162268,34.89192217954271,us
102001,0,United States,country,nan,2023-04-30,339349.6346774517,1773.9258762213444,34.39667756361461,us
102001,0,United States,country,nan,2023-05-31,340973.63889987016,1785.7242956365903,34.74452772712729,us
102001,0,United States,country,nan,2023-06-30,342909.1402956647,1792.5263068188187,35.66682391277381,us
102001,0,United States,country,nan,2023-07-31,344655.1064145435,1800.8586667271666,36.112516077102406,us
102001,0,United States,country,nan,2023-08-31,346275.28824571497,1805.0924832795647,36.84377507112121,us
102001,0,United States,country,nan,2023-09-30,347499.34300468065,1805.3832145307144,37.20136623408243,us
102001,0,United States,country,nan,2023-10-31,348415.30954625923,1801.8146733055887,38.372641300759305,us
102001,0,United States,country,nan,2023-11-30,349064.20005328406,1796.6584424342886,37.77607336004607,us
102001,0,United States,country,nan,2023-12-31,349494.82434051315,1794.1322503768292,35.88171093628997,us
102001,0,United States,country,nan,2024-01-31,349923.3510097146,1797.1418239469947,35.32612425871834,us
102001,0,United States,country,nan,2024-02-29,350708.659714852,1804.8464553093572,35.63230579305627,us
102001,0,United States,country,nan,2024-03-31,352235.9195859966,1815.4803254912235,35.75600379658657,us
102001,0,United States,country,nan,2024-04-30,354074.8451990112,1826.217326799001,36.293355868022346,us
102001,0,United States,country,nan,2024-05-31,355495.3036312845,1837.234599092976,36.462957561105654,us
102001,0,United States,country,nan,2024-06-30,356051.7010021971,1846.7430082524736,35.96447123320273,us
102001,0,United States,country,nan,2024-07-31,356198.3671046192,1853.963092125525,35.641413935543085,us
102001,0,United States,country,nan,2024-08-31,356439.48111675726,1857.0034094867524,34.56108224520199,us
102001,0,United States,country,nan,2024-09-30,356885.90304830554,1856.7324953754248,33.73140418653541,us
102001,0,United States,country,nan,2024-10-31,357468.983985238,1852.979118998812,34.34402993045122,us
102001,0,United States,country,nan,2024-11-30,357957.4552939283,1849.5541381609453,35.30821242117509,us
102001,0,United States,country,nan,2024-12-31,358670.77566325944,1847.094155570441,35.01693203848565,us
102001,0,United States,country,nan,2025-01-31,359294.5970597044,1851.2887834661349,35.708251677850676,us
102001,0,United States,country,nan,2025-02-28,359749.6812258899,1859.780019601163,35.35401342271973,us
102001,0,United States,country,nan,2025-03-31,359477.1521001716,1872.2903656437488,34.69688105943637,us
102001,0,United States,country,nan,2025-04-30,358954.4804520947,1883.1347115139636,34.724187401723164,us
102001,0,United States,country,nan,2025-05-31,358275.968224309,1891.9757892207408,34.78749008620465,us
102001,0,United States,country,nan,2025-06-30,357665.0983029811,1898.0780390532493,34.64559287489736,us
102001,0,United States,country,nan,2025-07-31,357242.8764101186,1900.9785152420832,34.26825874373037,us
102001,0,United States,country,nan,2025-08-31,357017.5955545494,1901.6800417326813,33.81412329065092,us
102001,0,United States,country,nan,2025-09-30,357256.6670892593,1900.0911964410557,33.245844689091605,us
102001,0,United States,country,nan,2025-10-31,357686.4233947965,1896.44693513221,32.94699170551208,us
102001,0,United States,country,nan,2025-11-30,358355.2923194203,1890.7278221671004,32.88277914912644,us
102001,0,United States,country,nan,2025-12-31,359137.80833573075,1886.2867711699023,32.74816081215522,us
102001,0,United States,country,nan,2026-01-31,359884.379964834,1887.725828240416,32.50559718434169,us
102001,0,United States,country,nan,2026-02-28,360590.9882494712,1895.0814292256796,32.34443553606659,us
